method,tree_id,split,domain,ok,MAE,error_sum,gt_B1,gt_B2,gt_B3,gt_B4,pred_B1,pred_B2,pred_B3,pred_B4,err_B1,err_B2,err_B3,err_B4,delta_B1,delta_B2,delta_B3,delta_B4
M20_weight_visibility_grid,DAMIMAS_A21B_0001,train,DAMIMAS,True,0.25,1,1,2,5,0,1,3,5,0,0,1,0,0,0,1,0,0
M20_weight_visibility_grid,DAMIMAS_A21B_0002,train,DAMIMAS,True,0.75,3,1,0,7,4,2,0,6,5,1,0,1,1,1,0,-1,1
M20_weight_visibility_grid,DAMIMAS_A21B_0003,train,DAMIMAS,True,0.5,2,1,2,5,1,1,3,6,1,0,1,1,0,0,1,1,0
M20_weight_visibility_grid,DAMIMAS_A21B_0004,train,DAMIMAS,True,0.0,0,0,0,8,0,0,0,8,0,0,0,0,0,0,0,0,0
M20_weight_visibility_grid,DAMIMAS_A21B_0005,test,DAMIMAS,True,0.25,1,1,3,3,2,1,3,3,1,0,0,0,1,0,0,0,-1
M20_weight_visibility_grid,DAMIMAS_A21B_0006,train,DAMIMAS,True,0.25,1,1,0,5,3,1,0,4,3,0,0,1,0,0,0,-1,0
M20_weight_visibility_grid,DAMIMAS_A21B_0007,train,DAMIMAS,True,0.25,1,3,3,8,3,3,2,8,3,0,1,0,0,0,-1,0,0
M20_weight_visibility_grid,DAMIMAS_A21B_0008,train,DAMIMAS,True,0.0,0,2,3,4,0,2,3,4,0,0,0,0,0,0,0,0,0
M20_weight_visibility_grid,DAMIMAS_A21B_0009,train,DAMIMAS,True,0.25,1,0,0,3,3,0,0,3,2,0,0,0,1,0,0,0,-1
M20_weight_visibility_grid,DAMIMAS_A21B_0010,train,DAMIMAS,True,0.25,1,0,2,6,3,0,3,6,3,0,1,0,0,0,1,0,0
M20_weight_visibility_grid,DAMIMAS_A21B_0011,train,DAMIMAS,True,0.25,1,1,0,4,1,1,0,5,1,0,0,1,0,0,0,1,0
M20_weight_visibility_grid,DAMIMAS_A21B_0012,test,DAMIMAS,True,0.5,2,1,2,4,2,2,1,4,2,1,1,0,0,1,-1,0,0
M20_weight_visibility_grid,DAMIMAS_A21B_0013,val,DAMIMAS,True,0.0,0,0,1,4,4,0,1,4,4,0,0,0,0,0,0,0,0
M20_weight_visibility_grid,DAMIMAS_A21B_0014,test,DAMIMAS,True,0.0,0,1,1,4,3,1,1,4,3,0,0,0,0,0,0,0,0
M20_weight_visibility_grid,DAMIMAS_A21B_0015,test,DAMIMAS,True,0.25,1,1,1,7,4,2,1,7,4,1,0,0,0,1,0,0,0
M20_weight_visibility_grid,DAMIMAS_A21B_0016,train,DAMIMAS,True,0.0,0,1,0,4,0,1,0,4,0,0,0,0,0,0,0,0,0
M20_weight_visibility_grid,DAMIMAS_A21B_0017,train,DAMIMAS,True,0.25,1,0,1,3,4,0,1,3,5,0,0,0,1,0,0,0,1
M20_weight_visibility_grid,DAMIMAS_A21B_0018,train,DAMIMAS,True,0.25,1,1,0,3,1,1,0,4,1,0,0,1,0,0,0,1,0
M20_weight_visibility_grid,DAMIMAS_A21B_0019,train,DAMIMAS,True,0.0,0,2,0,8,3,2,0,8,3,0,0,0,0,0,0,0,0
M20_weight_visibility_grid,DAMIMAS_A21B_0020,train,DAMIMAS,True,0.0,0,1,1,4,3,1,1,4,3,0,0,0,0,0,0,0,0
M20_weight_visibility_grid,DAMIMAS_A21B_0021,test,DAMIMAS,True,0.25,1,3,0,5,4,3,0,5,3,0,0,0,1,0,0,0,-1
M20_weight_visibility_grid,DAMIMAS_A21B_0022,test,DAMIMAS,True,0.0,0,0,1,5,2,0,1,5,2,0,0,0,0,0,0,0,0
M20_weight_visibility_grid,DAMIMAS_A21B_0023,train,DAMIMAS,True,0.25,1,1,3,5,0,1,3,4,0,0,0,1,0,0,0,-1,0
M20_weight_visibility_grid,DAMIMAS_A21B_0024,train,DAMIMAS,True,0.25,1,1,0,6,3,2,0,6,3,1,0,0,0,1,0,0,0
M20_weight_visibility_grid,DAMIMAS_A21B_0025,train,DAMIMAS,True,0.5,2,1,1,5,0,2,1,4,0,1,0,1,0,1,0,-1,0
M20_weight_visibility_grid,DAMIMAS_A21B_0026,val,DAMIMAS,True,0.0,0,0,1,4,2,0,1,4,2,0,0,0,0,0,0,0,0
M20_weight_visibility_grid,DAMIMAS_A21B_0027,train,DAMIMAS,True,0.25,1,3,0,6,2,4,0,6,2,1,0,0,0,1,0,0,0
M20_weight_visibility_grid,DAMIMAS_A21B_0028,val,DAMIMAS,True,0.5,2,0,1,5,6,0,1,6,5,0,0,1,1,0,0,1,-1
M20_weight_visibility_grid,DAMIMAS_A21B_0029,train,DAMIMAS,True,0.5,2,1,2,5,2,1,3,5,3,0,1,0,1,0,1,0,1
M20_weight_visibility_grid,DAMIMAS_A21B_0030,train,DAMIMAS,True,0.25,1,0,0,5,3,0,0,5,2,0,0,0,1,0,0,0,-1
M20_weight_visibility_grid,DAMIMAS_A21B_0031,train,DAMIMAS,True,0.0,0,0,1,4,2,0,1,4,2,0,0,0,0,0,0,0,0
M20_weight_visibility_grid,DAMIMAS_A21B_0032,train,DAMIMAS,True,0.0,0,2,1,5,3,2,1,5,3,0,0,0,0,0,0,0,0
M20_weight_visibility_grid,DAMIMAS_A21B_0033,train,DAMIMAS,True,0.5,2,0,0,8,2,0,0,9,1,0,0,1,1,0,0,1,-1
M20_weight_visibility_grid,DAMIMAS_A21B_0034,train,DAMIMAS,False,0.5,2,0,1,3,6,0,1,3,4,0,0,0,2,0,0,0,-2
M20_weight_visibility_grid,DAMIMAS_A21B_0035,train,DAMIMAS,False,0.5,2,0,7,2,0,0,5,2,0,0,2,0,0,0,-2,0,0
M20_weight_visibility_grid,DAMIMAS_A21B_0036,train,DAMIMAS,True,0.0,0,0,1,7,0,0,1,7,0,0,0,0,0,0,0,0,0
M20_weight_visibility_grid,DAMIMAS_A21B_0037,val,DAMIMAS,True,0.25,1,0,3,5,3,0,3,6,3,0,0,1,0,0,0,1,0
M20_weight_visibility_grid,DAMIMAS_A21B_0038,val,DAMIMAS,True,0.25,1,2,0,5,5,2,0,5,4,0,0,0,1,0,0,0,-1
M20_weight_visibility_grid,DAMIMAS_A21B_0039,test,DAMIMAS,True,0.0,0,2,5,2,0,2,5,2,0,0,0,0,0,0,0,0,0
M20_weight_visibility_grid,DAMIMAS_A21B_0040,train,DAMIMAS,True,0.0,0,2,2,4,3,2,2,4,3,0,0,0,0,0,0,0,0
M20_weight_visibility_grid,DAMIMAS_A21B_0041,test,DAMIMAS,True,0.25,1,2,3,6,3,2,3,5,3,0,0,1,0,0,0,-1,0
M20_weight_visibility_grid,DAMIMAS_A21B_0042,train,DAMIMAS,True,0.5,2,2,1,4,1,3,1,3,1,1,0,1,0,1,0,-1,0
M20_weight_visibility_grid,DAMIMAS_A21B_0043,train,DAMIMAS,True,0.25,1,2,3,6,0,2,3,7,0,0,0,1,0,0,0,1,0
M20_weight_visibility_grid,DAMIMAS_A21B_0044,test,DAMIMAS,True,0.0,0,2,1,4,1,2,1,4,1,0,0,0,0,0,0,0,0
M20_weight_visibility_grid,DAMIMAS_A21B_0045,train,DAMIMAS,True,0.25,1,1,0,10,4,1,0,11,4,0,0,1,0,0,0,1,0
M20_weight_visibility_grid,DAMIMAS_A21B_0046,test,DAMIMAS,True,0.5,2,0,0,3,3,0,0,4,4,0,0,1,1,0,0,1,1
M20_weight_visibility_grid,DAMIMAS_A21B_0047,val,DAMIMAS,True,0.25,1,0,1,4,1,0,2,4,1,0,1,0,0,0,1,0,0
M20_weight_visibility_grid,DAMIMAS_A21B_0048,val,DAMIMAS,True,0.0,0,0,1,6,3,0,1,6,3,0,0,0,0,0,0,0,0
M20_weight_visibility_grid,DAMIMAS_A21B_0049,train,DAMIMAS,True,0.25,1,0,0,5,3,0,0,5,2,0,0,0,1,0,0,0,-1
M20_weight_visibility_grid,DAMIMAS_A21B_0050,train,DAMIMAS,True,0.25,1,2,0,3,2,2,0,4,2,0,0,1,0,0,0,1,0
M20_weight_visibility_grid,DAMIMAS_A21B_0051,train,DAMIMAS,True,0.25,1,0,1,9,4,0,1,9,3,0,0,0,1,0,0,0,-1
M20_weight_visibility_grid,DAMIMAS_A21B_0052,train,DAMIMAS,True,0.25,1,2,3,9,1,2,3,8,1,0,0,1,0,0,0,-1,0
M20_weight_visibility_grid,DAMIMAS_A21B_0053,train,DAMIMAS,True,0.0,0,0,2,5,2,0,2,5,2,0,0,0,0,0,0,0,0
M20_weight_visibility_grid,DAMIMAS_A21B_0054,test,DAMIMAS,True,0.5,2,0,2,5,4,0,3,5,3,0,1,0,1,0,1,0,-1
M20_weight_visibility_grid,DAMIMAS_A21B_0055,train,DAMIMAS,True,0.25,1,1,3,7,2,1,3,7,1,0,0,0,1,0,0,0,-1
M20_weight_visibility_grid,DAMIMAS_A21B_0056,train,DAMIMAS,True,0.0,0,1,1,4,2,1,1,4,2,0,0,0,0,0,0,0,0
M20_weight_visibility_grid,DAMIMAS_A21B_0057,train,DAMIMAS,True,0.0,0,2,1,6,4,2,1,6,4,0,0,0,0,0,0,0,0
M20_weight_visibility_grid,DAMIMAS_A21B_0058,train,DAMIMAS,True,0.5,2,1,1,3,2,2,1,4,2,1,0,1,0,1,0,1,0
M20_weight_visibility_grid,DAMIMAS_A21B_0059,test,DAMIMAS,True,0.5,2,1,1,2,0,2,1,3,0,1,0,1,0,1,0,1,0
M20_weight_visibility_grid,DAMIMAS_A21B_0060,val,DAMIMAS,True,0.25,1,0,1,5,1,0,1,6,1,0,0,1,0,0,0,1,0
M20_weight_visibility_grid,DAMIMAS_A21B_0061,train,DAMIMAS,True,0.25,1,1,0,8,1,1,0,9,1,0,0,1,0,0,0,1,0
M20_weight_visibility_grid,DAMIMAS_A21B_0062,train,DAMIMAS,True,0.5,2,0,2,3,2,0,3,4,2,0,1,1,0,0,1,1,0
M20_weight_visibility_grid,DAMIMAS_A21B_0063,val,DAMIMAS,True,0.0,0,2,1,5,0,2,1,5,0,0,0,0,0,0,0,0,0
M20_weight_visibility_grid,DAMIMAS_A21B_0064,train,DAMIMAS,True,0.25,1,0,1,5,0,0,2,5,0,0,1,0,0,0,1,0,0
M20_weight_visibility_grid,DAMIMAS_A21B_0065,train,DAMIMAS,True,0.25,1,2,1,6,3,3,1,6,3,1,0,0,0,1,0,0,0
M20_weight_visibility_grid,DAMIMAS_A21B_0066,train,DAMIMAS,True,0.0,0,2,2,5,5,2,2,5,5,0,0,0,0,0,0,0,0
M20_weight_visibility_grid,DAMIMAS_A21B_0067,train,DAMIMAS,True,0.5,2,3,1,7,1,4,1,7,2,1,0,0,1,1,0,0,1
M20_weight_visibility_grid,DAMIMAS_A21B_0068,train,DAMIMAS,True,0.0,0,1,4,3,2,1,4,3,2,0,0,0,0,0,0,0,0
M20_weight_visibility_grid,DAMIMAS_A21B_0069,train,DAMIMAS,True,0.5,2,1,1,7,1,2,1,6,1,1,0,1,0,1,0,-1,0
M20_weight_visibility_grid,DAMIMAS_A21B_0070,train,DAMIMAS,True,0.25,1,0,0,5,3,0,0,6,3,0,0,1,0,0,0,1,0
M20_weight_visibility_grid,DAMIMAS_A21B_0071,train,DAMIMAS,True,0.5,2,1,1,6,0,1,2,7,0,0,1,1,0,0,1,1,0
M20_weight_visibility_grid,DAMIMAS_A21B_0072,train,DAMIMAS,True,0.0,0,1,3,6,1,1,3,6,1,0,0,0,0,0,0,0,0
M20_weight_visibility_grid,DAMIMAS_A21B_0073,test,DAMIMAS,False,0.5,2,0,1,0,10,0,1,0,8,0,0,0,2,0,0,0,-2
M20_weight_visibility_grid,DAMIMAS_A21B_0074,train,DAMIMAS,True,0.5,2,0,0,2,2,0,0,1,1,0,0,1,1,0,0,-1,-1
M20_weight_visibility_grid,DAMIMAS_A21B_0075,train,DAMIMAS,True,0.5,2,1,2,11,3,2,2,11,2,1,0,0,1,1,0,0,-1
M20_weight_visibility_grid,DAMIMAS_A21B_0076,test,DAMIMAS,True,0.25,1,2,2,3,4,3,2,3,4,1,0,0,0,1,0,0,0
M20_weight_visibility_grid,DAMIMAS_A21B_0077,train,DAMIMAS,True,0.5,2,2,0,7,0,3,0,6,0,1,0,1,0,1,0,-1,0
M20_weight_visibility_grid,DAMIMAS_A21B_0078,train,DAMIMAS,True,0.5,2,1,2,6,2,1,3,6,1,0,1,0,1,0,1,0,-1
M20_weight_visibility_grid,DAMIMAS_A21B_0079,train,DAMIMAS,True,0.25,1,0,4,9,0,0,4,10,0,0,0,1,0,0,0,1,0
M20_weight_visibility_grid,DAMIMAS_A21B_0080,train,DAMIMAS,True,0.25,1,1,2,3,5,1,2,3,4,0,0,0,1,0,0,0,-1
M20_weight_visibility_grid,DAMIMAS_A21B_0081,train,DAMIMAS,True,0.75,3,2,2,5,4,1,3,5,3,1,1,0,1,-1,1,0,-1
M20_weight_visibility_grid,DAMIMAS_A21B_0082,train,DAMIMAS,True,0.0,0,0,3,3,1,0,3,3,1,0,0,0,0,0,0,0,0
M20_weight_visibility_grid,DAMIMAS_A21B_0083,train,DAMIMAS,True,0.25,1,0,3,8,0,0,3,9,0,0,0,1,0,0,0,1,0
M20_weight_visibility_grid,DAMIMAS_A21B_0084,train,DAMIMAS,True,0.25,1,0,0,5,0,0,0,6,0,0,0,1,0,0,0,1,0
M20_weight_visibility_grid,DAMIMAS_A21B_0085,train,DAMIMAS,True,0.25,1,0,2,9,3,0,3,9,3,0,1,0,0,0,1,0,0
M20_weight_visibility_grid,DAMIMAS_A21B_0086,train,DAMIMAS,True,0.25,1,1,1,6,1,1,1,7,1,0,0,1,0,0,0,1,0
M20_weight_visibility_grid,DAMIMAS_A21B_0087,train,DAMIMAS,True,0.25,1,1,2,8,1,1,2,9,1,0,0,1,0,0,0,1,0
M20_weight_visibility_grid,DAMIMAS_A21B_0088,test,DAMIMAS,True,0.0,0,0,4,5,1,0,4,5,1,0,0,0,0,0,0,0,0
M20_weight_visibility_grid,DAMIMAS_A21B_0089,test,DAMIMAS,True,0.5,2,0,1,7,3,0,1,8,4,0,0,1,1,0,0,1,1
M20_weight_visibility_grid,DAMIMAS_A21B_0090,train,DAMIMAS,True,0.5,2,0,1,2,1,0,2,3,1,0,1,1,0,0,1,1,0
M20_weight_visibility_grid,DAMIMAS_A21B_0091,train,DAMIMAS,True,0.0,0,0,3,7,0,0,3,7,0,0,0,0,0,0,0,0,0
M20_weight_visibility_grid,DAMIMAS_A21B_0092,test,DAMIMAS,True,0.25,1,0,4,5,3,0,4,4,3,0,0,1,0,0,0,-1,0
M20_weight_visibility_grid,DAMIMAS_A21B_0093,train,DAMIMAS,True,0.25,1,0,0,7,2,0,0,8,2,0,0,1,0,0,0,1,0
M20_weight_visibility_grid,DAMIMAS_A21B_0094,test,DAMIMAS,True,0.25,1,1,0,7,7,1,0,7,6,0,0,0,1,0,0,0,-1
M20_weight_visibility_grid,DAMIMAS_A21B_0095,train,DAMIMAS,True,0.0,0,1,4,3,0,1,4,3,0,0,0,0,0,0,0,0,0
M20_weight_visibility_grid,DAMIMAS_A21B_0096,test,DAMIMAS,True,0.25,1,2,0,2,6,2,0,2,5,0,0,0,1,0,0,0,-1
M20_weight_visibility_grid,DAMIMAS_A21B_0097,train,DAMIMAS,True,0.0,0,1,2,6,3,1,2,6,3,0,0,0,0,0,0,0,0
M20_weight_visibility_grid,DAMIMAS_A21B_0098,train,DAMIMAS,True,0.0,0,0,1,4,5,0,1,4,5,0,0,0,0,0,0,0,0
M20_weight_visibility_grid,DAMIMAS_A21B_0099,train,DAMIMAS,True,0.25,1,2,4,5,1,3,4,5,1,1,0,0,0,1,0,0,0
M20_weight_visibility_grid,DAMIMAS_A21B_0100,val,DAMIMAS,True,0.25,1,1,2,5,7,1,2,4,7,0,0,1,0,0,0,-1,0
M20_weight_visibility_grid,DAMIMAS_A21B_0101,train,DAMIMAS,True,0.25,1,1,3,3,0,1,4,3,0,0,1,0,0,0,1,0,0
M20_weight_visibility_grid,DAMIMAS_A21B_0102,train,DAMIMAS,False,0.5,2,0,0,7,1,0,0,9,1,0,0,2,0,0,0,2,0
M20_weight_visibility_grid,DAMIMAS_A21B_0103,val,DAMIMAS,True,0.25,1,1,5,11,0,1,4,11,0,0,1,0,0,0,-1,0,0
M20_weight_visibility_grid,DAMIMAS_A21B_0104,train,DAMIMAS,True,0.25,1,2,3,5,5,2,3,5,4,0,0,0,1,0,0,0,-1
M20_weight_visibility_grid,DAMIMAS_A21B_0105,train,DAMIMAS,True,0.25,1,2,2,8,1,2,2,7,1,0,0,1,0,0,0,-1,0
M20_weight_visibility_grid,DAMIMAS_A21B_0106,test,DAMIMAS,True,0.0,0,2,0,5,4,2,0,5,4,0,0,0,0,0,0,0,0
M20_weight_visibility_grid,DAMIMAS_A21B_0107,val,DAMIMAS,True,0.75,3,3,4,10,2,3,3,9,1,0,1,1,1,0,-1,-1,-1
M20_weight_visibility_grid,DAMIMAS_A21B_0108,train,DAMIMAS,True,0.25,1,1,3,4,1,2,3,4,1,1,0,0,0,1,0,0,0
M20_weight_visibility_grid,DAMIMAS_A21B_0109,train,DAMIMAS,True,0.5,2,1,2,5,3,1,3,5,2,0,1,0,1,0,1,0,-1
M20_weight_visibility_grid,DAMIMAS_A21B_0110,train,DAMIMAS,True,0.25,1,0,0,2,2,0,0,2,3,0,0,0,1,0,0,0,1
M20_weight_visibility_grid,DAMIMAS_A21B_0111,train,DAMIMAS,True,0.25,1,0,1,8,3,0,1,9,3,0,0,1,0,0,0,1,0
M20_weight_visibility_grid,DAMIMAS_A21B_0112,train,DAMIMAS,True,0.0,0,0,2,4,0,0,2,4,0,0,0,0,0,0,0,0,0
M20_weight_visibility_grid,DAMIMAS_A21B_0113,train,DAMIMAS,True,0.0,0,0,1,6,1,0,1,6,1,0,0,0,0,0,0,0,0
M20_weight_visibility_grid,DAMIMAS_A21B_0114,train,DAMIMAS,True,0.25,1,0,1,3,0,0,1,4,0,0,0,1,0,0,0,1,0
M20_weight_visibility_grid,DAMIMAS_A21B_0115,train,DAMIMAS,True,0.0,0,0,1,2,0,0,1,2,0,0,0,0,0,0,0,0,0
M20_weight_visibility_grid,DAMIMAS_A21B_0116,val,DAMIMAS,True,0.25,1,0,2,5,5,0,2,6,5,0,0,1,0,0,0,1,0
M20_weight_visibility_grid,DAMIMAS_A21B_0117,val,DAMIMAS,True,0.0,0,0,0,3,1,0,0,3,1,0,0,0,0,0,0,0,0
M20_weight_visibility_grid,DAMIMAS_A21B_0118,train,DAMIMAS,True,0.5,2,1,1,2,7,2,1,2,6,1,0,0,1,1,0,0,-1
M20_weight_visibility_grid,DAMIMAS_A21B_0119,train,DAMIMAS,True,0.75,3,2,4,2,0,3,5,3,0,1,1,1,0,1,1,1,0
M20_weight_visibility_grid,DAMIMAS_A21B_0120,train,DAMIMAS,True,0.5,2,1,0,1,3,2,0,1,2,1,0,0,1,1,0,0,-1
M20_weight_visibility_grid,DAMIMAS_A21B_0121,train,DAMIMAS,True,0.25,1,0,3,5,2,0,3,6,2,0,0,1,0,0,0,1,0
M20_weight_visibility_grid,DAMIMAS_A21B_0122,train,DAMIMAS,True,0.25,1,1,1,1,5,1,1,1,4,0,0,0,1,0,0,0,-1
M20_weight_visibility_grid,DAMIMAS_A21B_0123,train,DAMIMAS,True,0.0,0,0,6,3,0,0,6,3,0,0,0,0,0,0,0,0,0
M20_weight_visibility_grid,DAMIMAS_A21B_0124,train,DAMIMAS,True,0.25,1,0,1,6,2,0,1,7,2,0,0,1,0,0,0,1,0
M20_weight_visibility_grid,DAMIMAS_A21B_0125,train,DAMIMAS,True,0.5,2,1,2,5,1,1,3,6,1,0,1,1,0,0,1,1,0
M20_weight_visibility_grid,DAMIMAS_A21B_0126,train,DAMIMAS,True,0.5,2,2,0,4,4,3,0,5,4,1,0,1,0,1,0,1,0
M20_weight_visibility_grid,DAMIMAS_A21B_0127,train,DAMIMAS,True,0.25,1,0,2,5,5,0,2,6,5,0,0,1,0,0,0,1,0
M20_weight_visibility_grid,DAMIMAS_A21B_0128,train,DAMIMAS,True,0.25,1,0,1,4,3,0,1,5,3,0,0,1,0,0,0,1,0
M20_weight_visibility_grid,DAMIMAS_A21B_0129,train,DAMIMAS,True,0.0,0,0,0,4,1,0,0,4,1,0,0,0,0,0,0,0,0
M20_weight_visibility_grid,DAMIMAS_A21B_0130,train,DAMIMAS,True,0.25,1,1,1,2,5,1,1,2,4,0,0,0,1,0,0,0,-1
M20_weight_visibility_grid,DAMIMAS_A21B_0131,train,DAMIMAS,True,0.0,0,0,1,6,2,0,1,6,2,0,0,0,0,0,0,0,0
M20_weight_visibility_grid,DAMIMAS_A21B_0132,train,DAMIMAS,True,0.5,2,1,1,1,6,2,1,1,5,1,0,0,1,1,0,0,-1
M20_weight_visibility_grid,DAMIMAS_A21B_0133,train,DAMIMAS,False,0.5,2,0,0,7,2,0,0,9,2,0,0,2,0,0,0,2,0
M20_weight_visibility_grid,DAMIMAS_A21B_0134,train,DAMIMAS,True,0.5,2,0,2,4,0,0,3,5,0,0,1,1,0,0,1,1,0
M20_weight_visibility_grid,DAMIMAS_A21B_0135,train,DAMIMAS,True,0.25,1,0,5,3,2,0,6,3,2,0,1,0,0,0,1,0,0
M20_weight_visibility_grid,DAMIMAS_A21B_0136,train,DAMIMAS,True,0.5,2,0,0,7,3,0,0,8,4,0,0,1,1,0,0,1,1
M20_weight_visibility_grid,DAMIMAS_A21B_0137,train,DAMIMAS,True,0.25,1,0,2,8,0,0,2,9,0,0,0,1,0,0,0,1,0
M20_weight_visibility_grid,DAMIMAS_A21B_0138,train,DAMIMAS,True,0.5,2,0,1,3,2,0,2,4,2,0,1,1,0,0,1,1,0
M20_weight_visibility_grid,DAMIMAS_A21B_0139,train,DAMIMAS,False,0.75,3,0,2,5,1,0,2,7,2,0,0,2,1,0,0,2,1
M20_weight_visibility_grid,DAMIMAS_A21B_0140,train,DAMIMAS,True,0.25,1,1,3,4,5,1,3,4,6,0,0,0,1,0,0,0,1
M20_weight_visibility_grid,DAMIMAS_A21B_0141,train,DAMIMAS,False,0.75,3,0,0,7,2,0,0,9,3,0,0,2,1,0,0,2,1
M20_weight_visibility_grid,DAMIMAS_A21B_0142,train,DAMIMAS,True,0.0,0,0,1,3,1,0,1,3,1,0,0,0,0,0,0,0,0
M20_weight_visibility_grid,DAMIMAS_A21B_0143,train,DAMIMAS,False,0.5,2,0,0,7,1,0,0,9,1,0,0,2,0,0,0,2,0
M20_weight_visibility_grid,DAMIMAS_A21B_0144,val,DAMIMAS,True,0.25,1,0,1,6,2,0,1,7,2,0,0,1,0,0,0,1,0
M20_weight_visibility_grid,DAMIMAS_A21B_0145,val,DAMIMAS,True,0.0,0,1,0,5,4,1,0,5,4,0,0,0,0,0,0,0,0
M20_weight_visibility_grid,DAMIMAS_A21B_0146,val,DAMIMAS,True,0.5,2,0,3,6,2,0,4,7,2,0,1,1,0,0,1,1,0
M20_weight_visibility_grid,DAMIMAS_A21B_0147,val,DAMIMAS,False,0.5,2,0,2,8,2,0,2,10,2,0,0,2,0,0,0,2,0
M20_weight_visibility_grid,DAMIMAS_A21B_0148,val,DAMIMAS,True,0.0,0,0,3,3,3,0,3,3,3,0,0,0,0,0,0,0,0
M20_weight_visibility_grid,DAMIMAS_A21B_0149,val,DAMIMAS,True,0.5,2,0,1,9,1,0,2,10,1,0,1,1,0,0,1,1,0
M20_weight_visibility_grid,DAMIMAS_A21B_0150,val,DAMIMAS,True,0.75,3,0,2,8,4,0,3,9,3,0,1,1,1,0,1,1,-1
M20_weight_visibility_grid,DAMIMAS_A21B_0151,val,DAMIMAS,False,0.5,2,0,1,5,4,0,1,7,4,0,0,2,0,0,0,2,0
M20_weight_visibility_grid,DAMIMAS_A21B_0152,val,DAMIMAS,False,0.75,3,0,2,5,3,0,3,7,3,0,1,2,0,0,1,2,0
M20_weight_visibility_grid,DAMIMAS_A21B_0153,val,DAMIMAS,True,0.25,1,0,0,7,1,0,0,8,1,0,0,1,0,0,0,1,0
M20_weight_visibility_grid,DAMIMAS_A21B_0154,val,DAMIMAS,True,0.25,1,0,2,4,7,0,2,4,8,0,0,0,1,0,0,0,1
M20_weight_visibility_grid,DAMIMAS_A21B_0155,val,DAMIMAS,True,0.25,1,1,3,5,3,1,4,5,3,0,1,0,0,0,1,0,0
M20_weight_visibility_grid,DAMIMAS_A21B_0156,val,DAMIMAS,True,0.5,2,1,1,4,3,1,2,5,3,0,1,1,0,0,1,1,0
M20_weight_visibility_grid,DAMIMAS_A21B_0157,val,DAMIMAS,True,0.5,2,0,3,7,4,0,4,7,3,0,1,0,1,0,1,0,-1
M20_weight_visibility_grid,DAMIMAS_A21B_0158,val,DAMIMAS,True,0.0,0,0,2,5,3,0,2,5,3,0,0,0,0,0,0,0,0
M20_weight_visibility_grid,DAMIMAS_A21B_0159,val,DAMIMAS,True,0.0,0,1,0,1,3,1,0,1,3,0,0,0,0,0,0,0,0
M20_weight_visibility_grid,DAMIMAS_A21B_0160,val,DAMIMAS,True,0.5,2,0,3,3,0,0,4,4,0,0,1,1,0,0,1,1,0
M20_weight_visibility_grid,DAMIMAS_A21B_0161,val,DAMIMAS,True,0.25,1,0,0,10,4,0,0,10,3,0,0,0,1,0,0,0,-1
M20_weight_visibility_grid,DAMIMAS_A21B_0162,val,DAMIMAS,False,1.0,4,0,0,4,4,0,0,7,3,0,0,3,1,0,0,3,-1
M20_weight_visibility_grid,DAMIMAS_A21B_0163,val,DAMIMAS,True,0.5,2,1,1,8,5,2,1,9,5,1,0,1,0,1,0,1,0
M20_weight_visibility_grid,DAMIMAS_A21B_0164,val,DAMIMAS,True,0.0,0,0,1,6,5,0,1,6,5,0,0,0,0,0,0,0,0
M20_weight_visibility_grid,DAMIMAS_A21B_0165,val,DAMIMAS,True,0.5,2,0,3,5,3,0,4,6,3,0,1,1,0,0,1,1,0
M20_weight_visibility_grid,DAMIMAS_A21B_0166,val,DAMIMAS,True,0.5,2,1,1,6,2,1,2,6,1,0,1,0,1,0,1,0,-1
M20_weight_visibility_grid,DAMIMAS_A21B_0167,val,DAMIMAS,True,0.25,1,2,2,4,3,2,3,4,3,0,1,0,0,0,1,0,0
M20_weight_visibility_grid,DAMIMAS_A21B_0168,val,DAMIMAS,True,0.75,3,1,1,4,6,1,2,5,5,0,1,1,1,0,1,1,-1
M20_weight_visibility_grid,DAMIMAS_A21B_0169,val,DAMIMAS,True,0.25,1,0,1,12,3,0,1,11,3,0,0,1,0,0,0,-1,0
M20_weight_visibility_grid,DAMIMAS_A21B_0170,val,DAMIMAS,True,0.5,2,1,1,6,5,1,1,5,6,0,0,1,1,0,0,-1,1
M20_weight_visibility_grid,DAMIMAS_A21B_0171,val,DAMIMAS,True,0.0,0,0,0,7,1,0,0,7,1,0,0,0,0,0,0,0,0
M20_weight_visibility_grid,DAMIMAS_A21B_0172,val,DAMIMAS,True,0.0,0,1,0,6,4,1,0,6,4,0,0,0,0,0,0,0,0
M20_weight_visibility_grid,DAMIMAS_A21B_0173,val,DAMIMAS,True,0.5,2,1,1,9,1,1,2,10,1,0,1,1,0,0,1,1,0
M20_weight_visibility_grid,DAMIMAS_A21B_0174,val,DAMIMAS,True,0.0,0,0,2,9,4,0,2,9,4,0,0,0,0,0,0,0,0
M20_weight_visibility_grid,DAMIMAS_A21B_0175,val,DAMIMAS,False,0.5,2,1,3,6,0,1,3,8,0,0,0,2,0,0,0,2,0
M20_weight_visibility_grid,DAMIMAS_A21B_0176,val,DAMIMAS,False,0.75,3,2,1,4,4,3,1,4,2,1,0,0,2,1,0,0,-2
M20_weight_visibility_grid,DAMIMAS_A21B_0177,val,DAMIMAS,False,1.0,4,0,4,10,3,0,3,7,3,0,1,3,0,0,-1,-3,0
M20_weight_visibility_grid,DAMIMAS_A21B_0178,val,DAMIMAS,True,0.0,0,1,2,4,3,1,2,4,3,0,0,0,0,0,0,0,0
M20_weight_visibility_grid,DAMIMAS_A21B_0179,val,DAMIMAS,True,0.25,1,0,1,7,3,0,2,7,3,0,1,0,0,0,1,0,0
M20_weight_visibility_grid,DAMIMAS_A21B_0180,val,DAMIMAS,True,0.5,2,0,1,7,4,0,1,8,5,0,0,1,1,0,0,1,1
M20_weight_visibility_grid,DAMIMAS_A21B_0181,val,DAMIMAS,True,0.25,1,0,0,8,3,0,0,9,3,0,0,1,0,0,0,1,0
M20_weight_visibility_grid,DAMIMAS_A21B_0182,val,DAMIMAS,True,0.25,1,0,3,5,2,0,4,5,2,0,1,0,0,0,1,0,0
M20_weight_visibility_grid,DAMIMAS_A21B_0183,val,DAMIMAS,True,0.25,1,0,3,10,1,0,3,11,1,0,0,1,0,0,0,1,0
M20_weight_visibility_grid,DAMIMAS_A21B_0184,val,DAMIMAS,True,0.25,1,0,0,5,0,0,0,6,0,0,0,1,0,0,0,1,0
M20_weight_visibility_grid,DAMIMAS_A21B_0185,val,DAMIMAS,True,0.25,1,0,2,6,3,0,3,6,3,0,1,0,0,0,1,0,0
M20_weight_visibility_grid,DAMIMAS_A21B_0186,val,DAMIMAS,True,0.25,1,0,1,6,0,0,2,6,0,0,1,0,0,0,1,0,0
M20_weight_visibility_grid,DAMIMAS_A21B_0187,val,DAMIMAS,True,0.25,1,0,1,3,0,0,1,2,0,0,0,1,0,0,0,-1,0
M20_weight_visibility_grid,DAMIMAS_A21B_0188,val,DAMIMAS,True,0.0,0,0,2,3,1,0,2,3,1,0,0,0,0,0,0,0,0
M20_weight_visibility_grid,DAMIMAS_A21B_0189,val,DAMIMAS,True,0.25,1,0,4,1,0,0,5,1,0,0,1,0,0,0,1,0,0
M20_weight_visibility_grid,DAMIMAS_A21B_0190,val,DAMIMAS,True,0.0,0,0,4,4,1,0,4,4,1,0,0,0,0,0,0,0,0
M20_weight_visibility_grid,DAMIMAS_A21B_0191,val,DAMIMAS,True,0.25,1,0,5,3,0,0,4,3,0,0,1,0,0,0,-1,0,0
M20_weight_visibility_grid,DAMIMAS_A21B_0192,val,DAMIMAS,True,0.0,0,0,0,6,0,0,0,6,0,0,0,0,0,0,0,0,0
M20_weight_visibility_grid,DAMIMAS_A21B_0193,val,DAMIMAS,True,0.5,2,0,0,8,6,0,0,9,5,0,0,1,1,0,0,1,-1
M20_weight_visibility_grid,DAMIMAS_A21B_0194,test,DAMIMAS,True,0.0,0,0,0,6,1,0,0,6,1,0,0,0,0,0,0,0,0
M20_weight_visibility_grid,DAMIMAS_A21B_0195,test,DAMIMAS,True,0.5,2,1,2,5,0,2,3,5,0,1,1,0,0,1,1,0,0
M20_weight_visibility_grid,DAMIMAS_A21B_0196,test,DAMIMAS,True,0.25,1,0,1,2,4,0,1,3,4,0,0,1,0,0,0,1,0
M20_weight_visibility_grid,DAMIMAS_A21B_0197,test,DAMIMAS,True,0.25,1,0,0,7,2,0,0,8,2,0,0,1,0,0,0,1,0
M20_weight_visibility_grid,DAMIMAS_A21B_0198,test,DAMIMAS,True,0.0,0,1,0,7,2,1,0,7,2,0,0,0,0,0,0,0,0
M20_weight_visibility_grid,DAMIMAS_A21B_0199,test,DAMIMAS,True,0.5,2,1,2,7,0,2,2,8,0,1,0,1,0,1,0,1,0
M20_weight_visibility_grid,DAMIMAS_A21B_0200,test,DAMIMAS,True,0.25,1,0,1,4,1,0,2,4,1,0,1,0,0,0,1,0,0
M20_weight_visibility_grid,DAMIMAS_A21B_0201,test,DAMIMAS,False,0.75,3,1,0,7,1,2,0,9,1,1,0,2,0,1,0,2,0
M20_weight_visibility_grid,DAMIMAS_A21B_0202,test,DAMIMAS,True,0.0,0,1,1,3,1,1,1,3,1,0,0,0,0,0,0,0,0
M20_weight_visibility_grid,DAMIMAS_A21B_0203,test,DAMIMAS,True,0.25,1,0,1,5,0,0,1,6,0,0,0,1,0,0,0,1,0
M20_weight_visibility_grid,DAMIMAS_A21B_0204,test,DAMIMAS,True,0.25,1,1,1,6,1,1,1,7,1,0,0,1,0,0,0,1,0
M20_weight_visibility_grid,DAMIMAS_A21B_0205,test,DAMIMAS,True,0.25,1,0,0,7,0,0,0,8,0,0,0,1,0,0,0,1,0
M20_weight_visibility_grid,DAMIMAS_A21B_0206,test,DAMIMAS,True,0.5,2,0,2,7,1,0,3,8,1,0,1,1,0,0,1,1,0
M20_weight_visibility_grid,DAMIMAS_A21B_0207,test,DAMIMAS,True,0.25,1,3,1,6,0,3,1,7,0,0,0,1,0,0,0,1,0
M20_weight_visibility_grid,DAMIMAS_A21B_0208,test,DAMIMAS,False,0.5,2,0,3,6,1,0,3,8,1,0,0,2,0,0,0,2,0
M20_weight_visibility_grid,DAMIMAS_A21B_0209,test,DAMIMAS,True,0.25,1,0,1,6,1,0,2,6,1,0,1,0,0,0,1,0,0
M20_weight_visibility_grid,DAMIMAS_A21B_0210,test,DAMIMAS,True,0.25,1,1,1,7,1,1,1,8,1,0,0,1,0,0,0,1,0
M20_weight_visibility_grid,DAMIMAS_A21B_0211,test,DAMIMAS,True,0.25,1,0,5,7,1,0,5,8,1,0,0,1,0,0,0,1,0
M20_weight_visibility_grid,DAMIMAS_A21B_0212,test,DAMIMAS,True,0.0,0,1,0,5,3,1,0,5,3,0,0,0,0,0,0,0,0
M20_weight_visibility_grid,DAMIMAS_A21B_0213,test,DAMIMAS,True,0.25,1,0,2,7,3,0,1,7,3,0,1,0,0,0,-1,0,0
M20_weight_visibility_grid,DAMIMAS_A21B_0214,test,DAMIMAS,False,0.5,2,1,1,5,6,1,1,5,4,0,0,0,2,0,0,0,-2
M20_weight_visibility_grid,DAMIMAS_A21B_0215,test,DAMIMAS,True,0.25,1,3,2,4,1,4,2,4,1,1,0,0,0,1,0,0,0
M20_weight_visibility_grid,DAMIMAS_A21B_0216,test,DAMIMAS,True,0.5,2,2,0,7,2,3,0,6,2,1,0,1,0,1,0,-1,0
M20_weight_visibility_grid,DAMIMAS_A21B_0217,test,DAMIMAS,True,0.5,2,1,2,7,1,1,3,6,1,0,1,1,0,0,1,-1,0
M20_weight_visibility_grid,DAMIMAS_A21B_0218,test,DAMIMAS,True,0.0,0,0,2,2,7,0,2,2,7,0,0,0,0,0,0,0,0
M20_weight_visibility_grid,DAMIMAS_A21B_0219,test,DAMIMAS,True,0.0,0,2,2,6,2,2,2,6,2,0,0,0,0,0,0,0,0
M20_weight_visibility_grid,DAMIMAS_A21B_0220,test,DAMIMAS,True,0.0,0,0,2,3,0,0,2,3,0,0,0,0,0,0,0,0,0
M20_weight_visibility_grid,DAMIMAS_A21B_0221,test,DAMIMAS,False,1.0,4,2,4,7,4,2,3,5,3,0,1,2,1,0,-1,-2,-1
M20_weight_visibility_grid,DAMIMAS_A21B_0222,test,DAMIMAS,True,0.25,1,1,1,5,5,1,1,5,4,0,0,0,1,0,0,0,-1
M20_weight_visibility_grid,DAMIMAS_A21B_0223,test,DAMIMAS,True,0.5,2,1,3,7,0,1,2,6,0,0,1,1,0,0,-1,-1,0
M20_weight_visibility_grid,DAMIMAS_A21B_0224,test,DAMIMAS,True,0.5,2,1,2,5,2,2,3,5,2,1,1,0,0,1,1,0,0
M20_weight_visibility_grid,DAMIMAS_A21B_0225,test,DAMIMAS,True,0.0,0,1,1,4,0,1,1,4,0,0,0,0,0,0,0,0,0
M20_weight_visibility_grid,DAMIMAS_A21B_0226,test,DAMIMAS,True,0.25,1,0,0,6,3,0,0,5,3,0,0,1,0,0,0,-1,0
M20_weight_visibility_grid,DAMIMAS_A21B_0227,test,DAMIMAS,True,0.25,1,1,0,1,5,1,0,1,4,0,0,0,1,0,0,0,-1
M20_weight_visibility_grid,DAMIMAS_A21B_0228,test,DAMIMAS,True,0.25,1,2,2,3,4,2,2,3,3,0,0,0,1,0,0,0,-1
M20_weight_visibility_grid,DAMIMAS_A21B_0229,test,DAMIMAS,True,0.25,1,2,0,7,2,2,0,8,2,0,0,1,0,0,0,1,0
M20_weight_visibility_grid,DAMIMAS_A21B_0230,train,DAMIMAS,True,0.0,0,0,0,0,0,0,0,0,0,0,0,0,0,0,0,0,0
M20_weight_visibility_grid,DAMIMAS_A21B_0231,train,DAMIMAS,True,0.0,0,0,0,5,3,0,0,5,3,0,0,0,0,0,0,0,0
M20_weight_visibility_grid,DAMIMAS_A21B_0232,test,DAMIMAS,True,0.25,1,0,0,2,4,0,0,2,3,0,0,0,1,0,0,0,-1
M20_weight_visibility_grid,DAMIMAS_A21B_0233,test,DAMIMAS,True,0.25,1,0,0,9,4,0,0,8,4,0,0,1,0,0,0,-1,0
M20_weight_visibility_grid,DAMIMAS_A21B_0234,test,DAMIMAS,False,0.75,3,0,0,6,5,0,0,5,3,0,0,1,2,0,0,-1,-2
M20_weight_visibility_grid,DAMIMAS_A21B_0235,test,DAMIMAS,True,0.25,1,0,3,8,1,0,3,9,1,0,0,1,0,0,0,1,0
M20_weight_visibility_grid,DAMIMAS_A21B_0236,test,DAMIMAS,True,0.5,2,0,3,8,3,0,3,9,2,0,0,1,1,0,0,1,-1
M20_weight_visibility_grid,DAMIMAS_A21B_0237,test,DAMIMAS,False,1.0,4,1,2,3,1,2,3,5,1,1,1,2,0,1,1,2,0
M20_weight_visibility_grid,DAMIMAS_A21B_0238,test,DAMIMAS,True,0.0,0,2,1,6,3,2,1,6,3,0,0,0,0,0,0,0,0
M20_weight_visibility_grid,DAMIMAS_A21B_0239,test,DAMIMAS,True,0.0,0,0,4,4,0,0,4,4,0,0,0,0,0,0,0,0,0
M20_weight_visibility_grid,DAMIMAS_A21B_0240,train,DAMIMAS,True,0.0,0,0,5,2,1,0,5,2,1,0,0,0,0,0,0,0,0
M20_weight_visibility_grid,DAMIMAS_A21B_0241,val,DAMIMAS,True,0.0,0,1,2,5,0,1,2,5,0,0,0,0,0,0,0,0,0
M20_weight_visibility_grid,DAMIMAS_A21B_0242,train,DAMIMAS,True,0.0,0,0,2,5,1,0,2,5,1,0,0,0,0,0,0,0,0
M20_weight_visibility_grid,DAMIMAS_A21B_0243,val,DAMIMAS,False,0.75,3,1,4,3,1,2,6,3,1,1,2,0,0,1,2,0,0
M20_weight_visibility_grid,DAMIMAS_A21B_0244,train,DAMIMAS,True,0.25,1,0,0,0,7,0,0,0,8,0,0,0,1,0,0,0,1
M20_weight_visibility_grid,DAMIMAS_A21B_0245,train,DAMIMAS,True,0.5,2,0,0,3,2,0,0,2,3,0,0,1,1,0,0,-1,1
M20_weight_visibility_grid,DAMIMAS_A21B_0246,test,DAMIMAS,False,1.25,5,0,6,6,4,0,4,4,3,0,2,2,1,0,-2,-2,-1
M20_weight_visibility_grid,DAMIMAS_A21B_0247,test,DAMIMAS,True,0.0,0,2,3,5,0,2,3,5,0,0,0,0,0,0,0,0,0
M20_weight_visibility_grid,DAMIMAS_A21B_0248,train,DAMIMAS,True,0.25,1,0,2,5,4,0,2,5,3,0,0,0,1,0,0,0,-1
M20_weight_visibility_grid,DAMIMAS_A21B_0249,train,DAMIMAS,True,0.0,0,0,1,9,0,0,1,9,0,0,0,0,0,0,0,0,0
M20_weight_visibility_grid,DAMIMAS_A21B_0250,test,DAMIMAS,True,0.5,2,2,1,8,8,2,1,7,7,0,0,1,1,0,0,-1,-1
M20_weight_visibility_grid,DAMIMAS_A21B_0251,train,DAMIMAS,True,0.5,2,1,4,6,2,1,3,5,2,0,1,1,0,0,-1,-1,0
M20_weight_visibility_grid,DAMIMAS_A21B_0252,train,DAMIMAS,True,0.5,2,0,2,6,2,0,1,6,1,0,1,0,1,0,-1,0,-1
M20_weight_visibility_grid,DAMIMAS_A21B_0253,train,DAMIMAS,True,0.0,0,0,2,4,0,0,2,4,0,0,0,0,0,0,0,0,0
M20_weight_visibility_grid,DAMIMAS_A21B_0254,test,DAMIMAS,True,0.5,2,0,2,6,3,0,3,5,3,0,1,1,0,0,1,-1,0
M20_weight_visibility_grid,DAMIMAS_A21B_0255,train,DAMIMAS,True,0.0,0,1,2,6,1,1,2,6,1,0,0,0,0,0,0,0,0
M20_weight_visibility_grid,DAMIMAS_A21B_0256,train,DAMIMAS,True,0.0,0,0,0,2,0,0,0,2,0,0,0,0,0,0,0,0,0
M20_weight_visibility_grid,DAMIMAS_A21B_0257,train,DAMIMAS,False,0.75,3,1,4,7,1,1,3,5,1,0,1,2,0,0,-1,-2,0
M20_weight_visibility_grid,DAMIMAS_A21B_0258,train,DAMIMAS,False,0.5,2,0,2,7,2,0,2,5,2,0,0,2,0,0,0,-2,0
M20_weight_visibility_grid,DAMIMAS_A21B_0259,train,DAMIMAS,False,0.5,2,1,8,3,0,1,6,3,0,0,2,0,0,0,-2,0,0
M20_weight_visibility_grid,DAMIMAS_A21B_0260,train,DAMIMAS,True,0.25,1,1,5,3,2,1,5,3,1,0,0,0,1,0,0,0,-1
M20_weight_visibility_grid,DAMIMAS_A21B_0261,train,DAMIMAS,True,0.5,2,3,5,5,3,3,4,4,3,0,1,1,0,0,-1,-1,0
M20_weight_visibility_grid,DAMIMAS_A21B_0262,train,DAMIMAS,True,0.25,1,2,2,7,2,2,2,8,2,0,0,1,0,0,0,1,0
M20_weight_visibility_grid,DAMIMAS_A21B_0263,val,DAMIMAS,True,0.25,1,0,7,3,1,0,8,3,1,0,1,0,0,0,1,0,0
M20_weight_visibility_grid,DAMIMAS_A21B_0264,train,DAMIMAS,True,0.0,0,3,2,7,0,3,2,7,0,0,0,0,0,0,0,0,0
M20_weight_visibility_grid,DAMIMAS_A21B_0265,train,DAMIMAS,True,0.0,0,1,2,8,1,1,2,8,1,0,0,0,0,0,0,0,0
M20_weight_visibility_grid,DAMIMAS_A21B_0266,train,DAMIMAS,True,0.25,1,2,1,9,0,2,1,8,0,0,0,1,0,0,0,-1,0
M20_weight_visibility_grid,DAMIMAS_A21B_0267,train,DAMIMAS,True,0.5,2,1,5,4,2,2,4,4,2,1,1,0,0,1,-1,0,0
M20_weight_visibility_grid,DAMIMAS_A21B_0268,train,DAMIMAS,False,1.0,4,2,6,5,6,2,4,4,5,0,2,1,1,0,-2,-1,-1
M20_weight_visibility_grid,DAMIMAS_A21B_0269,train,DAMIMAS,True,0.25,1,0,0,5,0,0,0,6,0,0,0,1,0,0,0,1,0
M20_weight_visibility_grid,DAMIMAS_A21B_0270,test,DAMIMAS,True,0.25,1,1,2,7,0,1,2,6,0,0,0,1,0,0,0,-1,0
M20_weight_visibility_grid,DAMIMAS_A21B_0271,test,DAMIMAS,True,0.75,3,0,6,6,3,0,5,5,2,0,1,1,1,0,-1,-1,-1
M20_weight_visibility_grid,DAMIMAS_A21B_0272,val,DAMIMAS,True,0.25,1,1,1,5,2,1,2,5,2,0,1,0,0,0,1,0,0
M20_weight_visibility_grid,DAMIMAS_A21B_0273,train,DAMIMAS,True,0.25,1,0,1,6,0,0,1,7,0,0,0,1,0,0,0,1,0
M20_weight_visibility_grid,DAMIMAS_A21B_0274,train,DAMIMAS,True,0.25,1,0,1,8,3,0,1,8,2,0,0,0,1,0,0,0,-1
M20_weight_visibility_grid,DAMIMAS_A21B_0275,test,DAMIMAS,True,0.75,3,3,4,8,2,3,3,7,1,0,1,1,1,0,-1,-1,-1
M20_weight_visibility_grid,DAMIMAS_A21B_0276,train,DAMIMAS,True,0.25,1,1,1,3,0,2,1,3,0,1,0,0,0,1,0,0,0
M20_weight_visibility_grid,DAMIMAS_A21B_0277,val,DAMIMAS,True,0.5,2,1,3,5,0,2,3,4,0,1,0,1,0,1,0,-1,0
M20_weight_visibility_grid,DAMIMAS_A21B_0278,val,DAMIMAS,False,0.75,3,2,4,6,0,3,4,4,0,1,0,2,0,1,0,-2,0
M20_weight_visibility_grid,DAMIMAS_A21B_0279,test,DAMIMAS,True,0.5,2,0,5,9,1,0,4,8,1,0,1,1,0,0,-1,-1,0
M20_weight_visibility_grid,DAMIMAS_A21B_0280,test,DAMIMAS,True,0.75,3,2,3,4,4,2,2,3,3,0,1,1,1,0,-1,-1,-1
M20_weight_visibility_grid,DAMIMAS_A21B_0281,train,DAMIMAS,False,0.75,3,0,0,10,5,0,0,8,4,0,0,2,1,0,0,-2,-1
M20_weight_visibility_grid,DAMIMAS_A21B_0282,train,DAMIMAS,True,0.25,1,4,0,6,0,4,0,5,0,0,0,1,0,0,0,-1,0
M20_weight_visibility_grid,DAMIMAS_A21B_0283,val,DAMIMAS,True,0.0,0,2,1,7,1,2,1,7,1,0,0,0,0,0,0,0,0
M20_weight_visibility_grid,DAMIMAS_A21B_0284,test,DAMIMAS,True,0.5,2,1,2,3,1,1,3,3,2,0,1,0,1,0,1,0,1
M20_weight_visibility_grid,DAMIMAS_A21B_0285,train,DAMIMAS,True,0.5,2,4,2,7,5,4,2,6,4,0,0,1,1,0,0,-1,-1
M20_weight_visibility_grid,DAMIMAS_A21B_0286,train,DAMIMAS,True,0.75,3,1,3,5,1,2,3,4,2,1,0,1,1,1,0,-1,1
M20_weight_visibility_grid,DAMIMAS_A21B_0287,train,DAMIMAS,True,0.5,2,2,3,0,0,3,4,0,0,1,1,0,0,1,1,0,0
M20_weight_visibility_grid,DAMIMAS_A21B_0288,test,DAMIMAS,True,0.25,1,1,2,6,4,1,2,6,3,0,0,0,1,0,0,0,-1
M20_weight_visibility_grid,DAMIMAS_A21B_0289,val,DAMIMAS,False,0.5,2,1,2,7,0,1,2,5,0,0,0,2,0,0,0,-2,0
M20_weight_visibility_grid,DAMIMAS_A21B_0290,train,DAMIMAS,True,0.25,1,0,1,7,0,0,1,8,0,0,0,1,0,0,0,1,0
M20_weight_visibility_grid,DAMIMAS_A21B_0291,train,DAMIMAS,False,1.0,4,3,5,5,3,3,4,3,2,0,1,2,1,0,-1,-2,-1
M20_weight_visibility_grid,DAMIMAS_A21B_0292,train,DAMIMAS,True,0.5,2,0,3,7,4,0,3,8,3,0,0,1,1,0,0,1,-1
M20_weight_visibility_grid,DAMIMAS_A21B_0293,train,DAMIMAS,False,1.0,4,0,2,7,4,0,1,5,3,0,1,2,1,0,-1,-2,-1
M20_weight_visibility_grid,DAMIMAS_A21B_0294,test,DAMIMAS,True,0.5,2,0,2,10,3,0,2,9,2,0,0,1,1,0,0,-1,-1
M20_weight_visibility_grid,DAMIMAS_A21B_0295,train,DAMIMAS,True,0.75,3,0,3,7,2,0,2,6,1,0,1,1,1,0,-1,-1,-1
M20_weight_visibility_grid,DAMIMAS_A21B_0296,test,DAMIMAS,True,0.25,1,1,3,1,0,1,4,1,0,0,1,0,0,0,1,0,0
M20_weight_visibility_grid,DAMIMAS_A21B_0297,train,DAMIMAS,True,0.0,0,0,0,7,2,0,0,7,2,0,0,0,0,0,0,0,0
M20_weight_visibility_grid,DAMIMAS_A21B_0298,train,DAMIMAS,True,0.25,1,1,0,6,3,2,0,6,3,1,0,0,0,1,0,0,0
M20_weight_visibility_grid,DAMIMAS_A21B_0299,train,DAMIMAS,True,0.25,1,1,2,6,0,2,2,6,0,1,0,0,0,1,0,0,0
M20_weight_visibility_grid,DAMIMAS_A21B_0300,train,DAMIMAS,True,0.25,1,1,0,5,2,1,0,5,1,0,0,0,1,0,0,0,-1
M20_weight_visibility_grid,DAMIMAS_A21B_0301,train,DAMIMAS,True,0.25,1,1,1,9,2,1,1,8,2,0,0,1,0,0,0,-1,0
M20_weight_visibility_grid,DAMIMAS_A21B_0302,test,DAMIMAS,True,0.5,2,1,1,7,0,2,1,6,0,1,0,1,0,1,0,-1,0
M20_weight_visibility_grid,DAMIMAS_A21B_0303,train,DAMIMAS,True,0.25,1,0,0,10,0,0,0,11,0,0,0,1,0,0,0,1,0
M20_weight_visibility_grid,DAMIMAS_A21B_0304,test,DAMIMAS,True,0.25,1,0,1,4,4,0,1,5,4,0,0,1,0,0,0,1,0
M20_weight_visibility_grid,DAMIMAS_A21B_0305,train,DAMIMAS,True,0.25,1,2,4,6,2,2,3,6,2,0,1,0,0,0,-1,0,0
M20_weight_visibility_grid,DAMIMAS_A21B_0306,train,DAMIMAS,True,0.0,0,1,0,4,0,1,0,4,0,0,0,0,0,0,0,0,0
M20_weight_visibility_grid,DAMIMAS_A21B_0307,train,DAMIMAS,True,0.25,1,1,1,5,0,2,1,5,0,1,0,0,0,1,0,0,0
M20_weight_visibility_grid,DAMIMAS_A21B_0308,val,DAMIMAS,True,0.0,0,1,1,3,3,1,1,3,3,0,0,0,0,0,0,0,0
M20_weight_visibility_grid,DAMIMAS_A21B_0309,train,DAMIMAS,False,0.75,3,1,2,4,2,3,1,4,2,2,1,0,0,2,-1,0,0
M20_weight_visibility_grid,DAMIMAS_A21B_0310,train,DAMIMAS,True,0.25,1,1,0,9,0,2,0,9,0,1,0,0,0,1,0,0,0
M20_weight_visibility_grid,DAMIMAS_A21B_0311,val,DAMIMAS,False,0.5,2,0,1,2,0,0,1,4,0,0,0,2,0,0,0,2,0
M20_weight_visibility_grid,DAMIMAS_A21B_0312,train,DAMIMAS,True,0.0,0,0,1,6,2,0,1,6,2,0,0,0,0,0,0,0,0
M20_weight_visibility_grid,DAMIMAS_A21B_0313,train,DAMIMAS,True,0.5,2,2,1,7,2,3,1,6,2,1,0,1,0,1,0,-1,0
M20_weight_visibility_grid,DAMIMAS_A21B_0314,train,DAMIMAS,True,0.5,2,0,1,8,2,0,2,9,2,0,1,1,0,0,1,1,0
M20_weight_visibility_grid,DAMIMAS_A21B_0315,train,DAMIMAS,False,0.75,3,1,8,7,0,1,6,6,0,0,2,1,0,0,-2,-1,0
M20_weight_visibility_grid,DAMIMAS_A21B_0316,train,DAMIMAS,True,0.25,1,1,2,6,4,1,2,6,3,0,0,0,1,0,0,0,-1
M20_weight_visibility_grid,DAMIMAS_A21B_0317,train,DAMIMAS,True,0.25,1,0,1,6,0,0,2,6,0,0,1,0,0,0,1,0,0
M20_weight_visibility_grid,DAMIMAS_A21B_0318,train,DAMIMAS,False,0.5,2,0,0,8,4,0,0,8,2,0,0,0,2,0,0,0,-2
M20_weight_visibility_grid,DAMIMAS_A21B_0319,train,DAMIMAS,True,0.5,2,0,2,4,0,0,3,5,0,0,1,1,0,0,1,1,0
M20_weight_visibility_grid,DAMIMAS_A21B_0320,train,DAMIMAS,False,0.75,3,3,3,6,4,3,2,6,2,0,1,0,2,0,-1,0,-2
M20_weight_visibility_grid,DAMIMAS_A21B_0321,test,DAMIMAS,False,0.75,3,2,4,6,1,3,2,6,1,1,2,0,0,1,-2,0,0
M20_weight_visibility_grid,DAMIMAS_A21B_0322,train,DAMIMAS,True,0.0,0,0,0,0,0,0,0,0,0,0,0,0,0,0,0,0,0
M20_weight_visibility_grid,DAMIMAS_A21B_0323,test,DAMIMAS,False,1.0,4,0,0,3,0,0,0,7,0,0,0,4,0,0,0,4,0
M20_weight_visibility_grid,DAMIMAS_A21B_0324,train,DAMIMAS,False,0.5,2,0,0,6,0,0,0,8,0,0,0,2,0,0,0,2,0
M20_weight_visibility_grid,DAMIMAS_A21B_0325,test,DAMIMAS,True,0.5,2,0,2,4,1,0,2,5,2,0,0,1,1,0,0,1,1
M20_weight_visibility_grid,DAMIMAS_A21B_0326,train,DAMIMAS,True,0.25,1,0,0,5,2,0,0,4,2,0,0,1,0,0,0,-1,0
M20_weight_visibility_grid,DAMIMAS_A21B_0327,train,DAMIMAS,True,0.5,2,1,1,5,0,2,1,4,0,1,0,1,0,1,0,-1,0
M20_weight_visibility_grid,DAMIMAS_A21B_0328,train,DAMIMAS,True,0.25,1,0,1,4,2,0,1,5,2,0,0,1,0,0,0,1,0
M20_weight_visibility_grid,DAMIMAS_A21B_0329,train,DAMIMAS,True,0.25,1,1,0,2,0,2,0,2,0,1,0,0,0,1,0,0,0
M20_weight_visibility_grid,DAMIMAS_A21B_0330,val,DAMIMAS,True,0.25,1,2,1,8,0,3,1,8,0,1,0,0,0,1,0,0,0
M20_weight_visibility_grid,DAMIMAS_A21B_0331,test,DAMIMAS,False,0.5,2,0,1,6,0,0,1,8,0,0,0,2,0,0,0,2,0
M20_weight_visibility_grid,DAMIMAS_A21B_0332,train,DAMIMAS,True,0.0,0,0,0,4,2,0,0,4,2,0,0,0,0,0,0,0,0
M20_weight_visibility_grid,DAMIMAS_A21B_0333,train,DAMIMAS,True,0.0,0,1,1,2,0,1,1,2,0,0,0,0,0,0,0,0,0
M20_weight_visibility_grid,DAMIMAS_A21B_0334,train,DAMIMAS,False,0.75,3,2,0,8,4,2,0,7,2,0,0,1,2,0,0,-1,-2
M20_weight_visibility_grid,DAMIMAS_A21B_0335,train,DAMIMAS,False,0.75,3,2,0,2,0,4,0,3,0,2,0,1,0,2,0,1,0
M20_weight_visibility_grid,DAMIMAS_A21B_0336,train,DAMIMAS,False,1.0,4,1,0,6,4,3,0,7,3,2,0,1,1,2,0,1,-1
M20_weight_visibility_grid,DAMIMAS_A21B_0337,train,DAMIMAS,True,0.25,1,0,0,6,2,0,0,7,2,0,0,1,0,0,0,1,0
M20_weight_visibility_grid,DAMIMAS_A21B_0338,val,DAMIMAS,True,0.25,1,0,0,7,4,0,0,6,4,0,0,1,0,0,0,-1,0
M20_weight_visibility_grid,DAMIMAS_A21B_0339,train,DAMIMAS,True,0.5,2,2,3,3,0,3,3,2,0,1,0,1,0,1,0,-1,0
M20_weight_visibility_grid,DAMIMAS_A21B_0340,train,DAMIMAS,True,0.25,1,1,1,1,0,1,2,1,0,0,1,0,0,0,1,0,0
M20_weight_visibility_grid,DAMIMAS_A21B_0341,train,DAMIMAS,False,1.0,4,0,1,6,1,0,1,10,1,0,0,4,0,0,0,4,0
M20_weight_visibility_grid,DAMIMAS_A21B_0342,val,DAMIMAS,False,0.75,3,0,2,4,4,0,4,5,4,0,2,1,0,0,2,1,0
M20_weight_visibility_grid,DAMIMAS_A21B_0343,train,DAMIMAS,False,0.75,3,0,3,4,0,0,5,5,0,0,2,1,0,0,2,1,0
M20_weight_visibility_grid,DAMIMAS_A21B_0344,val,DAMIMAS,True,0.25,1,0,3,6,2,0,3,7,2,0,0,1,0,0,0,1,0
M20_weight_visibility_grid,DAMIMAS_A21B_0345,train,DAMIMAS,True,0.5,2,1,1,4,1,1,1,5,2,0,0,1,1,0,0,1,1
M20_weight_visibility_grid,DAMIMAS_A21B_0346,test,DAMIMAS,True,0.75,3,1,1,6,2,2,1,7,3,1,0,1,1,1,0,1,1
M20_weight_visibility_grid,DAMIMAS_A21B_0347,train,DAMIMAS,True,0.5,2,2,2,4,1,3,2,5,1,1,0,1,0,1,0,1,0
M20_weight_visibility_grid,DAMIMAS_A21B_0348,test,DAMIMAS,False,0.75,3,2,0,4,7,3,0,4,5,1,0,0,2,1,0,0,-2
M20_weight_visibility_grid,DAMIMAS_A21B_0349,val,DAMIMAS,True,0.0,0,0,2,2,2,0,2,2,2,0,0,0,0,0,0,0,0
M20_weight_visibility_grid,DAMIMAS_A21B_0350,train,DAMIMAS,True,0.5,2,1,2,3,0,2,1,3,0,1,1,0,0,1,-1,0,0
M20_weight_visibility_grid,DAMIMAS_A21B_0351,train,DAMIMAS,True,0.0,0,2,4,6,1,2,4,6,1,0,0,0,0,0,0,0,0
M20_weight_visibility_grid,DAMIMAS_A21B_0352,train,DAMIMAS,True,0.75,3,1,1,6,4,2,1,7,3,1,0,1,1,1,0,1,-1
M20_weight_visibility_grid,DAMIMAS_A21B_0353,train,DAMIMAS,True,0.5,2,2,1,5,0,3,1,6,0,1,0,1,0,1,0,1,0
M20_weight_visibility_grid,DAMIMAS_A21B_0354,train,DAMIMAS,True,0.25,1,1,1,16,0,1,1,15,0,0,0,1,0,0,0,-1,0
M20_weight_visibility_grid,DAMIMAS_A21B_0355,test,DAMIMAS,True,0.75,3,2,4,7,2,3,3,6,2,1,1,1,0,1,-1,-1,0
M20_weight_visibility_grid,DAMIMAS_A21B_0356,train,DAMIMAS,True,0.25,1,1,3,3,2,1,4,3,2,0,1,0,0,0,1,0,0
M20_weight_visibility_grid,DAMIMAS_A21B_0357,train,DAMIMAS,True,0.5,2,0,1,9,2,0,1,10,1,0,0,1,1,0,0,1,-1
M20_weight_visibility_grid,DAMIMAS_A21B_0358,train,DAMIMAS,False,0.75,3,1,0,9,4,1,0,11,3,0,0,2,1,0,0,2,-1
M20_weight_visibility_grid,DAMIMAS_A21B_0359,val,DAMIMAS,True,0.75,3,2,2,5,2,3,1,6,2,1,1,1,0,1,-1,1,0
M20_weight_visibility_grid,DAMIMAS_A21B_0360,train,DAMIMAS,True,0.5,2,3,2,4,6,3,3,4,5,0,1,0,1,0,1,0,-1
M20_weight_visibility_grid,DAMIMAS_A21B_0361,train,DAMIMAS,False,1.0,4,1,1,6,5,2,1,7,3,1,0,1,2,1,0,1,-2
M20_weight_visibility_grid,DAMIMAS_A21B_0362,train,DAMIMAS,False,1.75,7,0,0,5,2,0,0,12,2,0,0,7,0,0,0,7,0
M20_weight_visibility_grid,DAMIMAS_A21B_0363,train,DAMIMAS,True,0.5,2,0,5,1,2,0,6,1,1,0,1,0,1,0,1,0,-1
M20_weight_visibility_grid,DAMIMAS_A21B_0364,train,DAMIMAS,True,0.5,2,2,3,6,2,3,3,7,2,1,0,1,0,1,0,1,0
M20_weight_visibility_grid,DAMIMAS_A21B_0365,train,DAMIMAS,True,0.25,1,2,2,9,3,2,2,9,2,0,0,0,1,0,0,0,-1
M20_weight_visibility_grid,DAMIMAS_A21B_0366,train,DAMIMAS,True,0.25,1,0,0,5,2,0,0,6,2,0,0,1,0,0,0,1,0
M20_weight_visibility_grid,DAMIMAS_A21B_0367,train,DAMIMAS,True,0.5,2,0,4,6,2,0,4,5,1,0,0,1,1,0,0,-1,-1
M20_weight_visibility_grid,DAMIMAS_A21B_0368,train,DAMIMAS,True,0.0,0,3,3,6,4,3,3,6,4,0,0,0,0,0,0,0,0
M20_weight_visibility_grid,DAMIMAS_A21B_0369,train,DAMIMAS,True,0.25,1,1,0,4,2,1,0,5,2,0,0,1,0,0,0,1,0
M20_weight_visibility_grid,DAMIMAS_A21B_0370,val,DAMIMAS,True,0.5,2,2,0,6,2,3,0,5,2,1,0,1,0,1,0,-1,0
M20_weight_visibility_grid,DAMIMAS_A21B_0371,train,DAMIMAS,True,0.0,0,1,3,7,0,1,3,7,0,0,0,0,0,0,0,0,0
M20_weight_visibility_grid,DAMIMAS_A21B_0372,val,DAMIMAS,True,0.25,1,2,2,5,3,2,2,5,2,0,0,0,1,0,0,0,-1
M20_weight_visibility_grid,DAMIMAS_A21B_0373,train,DAMIMAS,True,0.5,2,3,0,7,2,4,0,7,1,1,0,0,1,1,0,0,-1
M20_weight_visibility_grid,DAMIMAS_A21B_0374,train,DAMIMAS,True,0.25,1,1,1,10,2,1,1,11,2,0,0,1,0,0,0,1,0
M20_weight_visibility_grid,DAMIMAS_A21B_0375,val,DAMIMAS,True,0.25,1,1,6,4,0,1,5,4,0,0,1,0,0,0,-1,0,0
M20_weight_visibility_grid,DAMIMAS_A21B_0376,train,DAMIMAS,True,0.0,0,1,0,7,2,1,0,7,2,0,0,0,0,0,0,0,0
M20_weight_visibility_grid,DAMIMAS_A21B_0377,train,DAMIMAS,True,0.25,1,1,0,6,0,1,0,7,0,0,0,1,0,0,0,1,0
M20_weight_visibility_grid,DAMIMAS_A21B_0378,test,DAMIMAS,True,0.25,1,3,1,8,3,3,1,8,2,0,0,0,1,0,0,0,-1
M20_weight_visibility_grid,DAMIMAS_A21B_0379,train,DAMIMAS,True,0.5,2,1,1,1,0,2,1,2,0,1,0,1,0,1,0,1,0
M20_weight_visibility_grid,DAMIMAS_A21B_0380,test,DAMIMAS,True,0.0,0,2,1,4,5,2,1,4,5,0,0,0,0,0,0,0,0
M20_weight_visibility_grid,DAMIMAS_A21B_0381,test,DAMIMAS,True,0.5,2,3,0,7,4,3,0,6,3,0,0,1,1,0,0,-1,-1
M20_weight_visibility_grid,DAMIMAS_A21B_0382,train,DAMIMAS,False,0.5,2,3,0,5,8,3,0,5,6,0,0,0,2,0,0,0,-2
M20_weight_visibility_grid,DAMIMAS_A21B_0383,train,DAMIMAS,True,0.5,2,2,6,4,2,2,5,3,2,0,1,1,0,0,-1,-1,0
M20_weight_visibility_grid,DAMIMAS_A21B_0384,train,DAMIMAS,True,0.5,2,2,3,6,3,3,3,5,3,1,0,1,0,1,0,-1,0
M20_weight_visibility_grid,DAMIMAS_A21B_0385,test,DAMIMAS,True,0.5,2,1,2,9,4,1,2,8,3,0,0,1,1,0,0,-1,-1
M20_weight_visibility_grid,DAMIMAS_A21B_0386,train,DAMIMAS,True,0.0,0,0,2,2,0,0,2,2,0,0,0,0,0,0,0,0,0
M20_weight_visibility_grid,DAMIMAS_A21B_0387,train,DAMIMAS,True,0.0,0,3,5,1,0,3,5,1,0,0,0,0,0,0,0,0,0
M20_weight_visibility_grid,DAMIMAS_A21B_0388,val,DAMIMAS,False,1.0,4,1,0,4,2,2,0,7,2,1,0,3,0,1,0,3,0
M20_weight_visibility_grid,DAMIMAS_A21B_0389,train,DAMIMAS,False,0.75,3,0,3,11,3,0,3,9,2,0,0,2,1,0,0,-2,-1
M20_weight_visibility_grid,DAMIMAS_A21B_0390,val,DAMIMAS,True,0.5,2,1,3,7,7,1,2,7,6,0,1,0,1,0,-1,0,-1
M20_weight_visibility_grid,DAMIMAS_A21B_0391,val,DAMIMAS,True,0.25,1,2,7,1,0,2,6,1,0,0,1,0,0,0,-1,0,0
M20_weight_visibility_grid,DAMIMAS_A21B_0392,val,DAMIMAS,True,0.0,0,2,5,3,3,2,5,3,3,0,0,0,0,0,0,0,0
M20_weight_visibility_grid,DAMIMAS_A21B_0393,train,DAMIMAS,True,0.5,2,2,1,11,1,1,1,10,1,1,0,1,0,-1,0,-1,0
M20_weight_visibility_grid,DAMIMAS_A21B_0394,train,DAMIMAS,True,0.0,0,2,0,7,4,2,0,7,4,0,0,0,0,0,0,0,0
M20_weight_visibility_grid,DAMIMAS_A21B_0395,train,DAMIMAS,False,0.75,3,3,7,4,0,3,5,3,0,0,2,1,0,0,-2,-1,0
M20_weight_visibility_grid,DAMIMAS_A21B_0396,train,DAMIMAS,False,0.75,3,3,3,6,4,3,3,5,2,0,0,1,2,0,0,-1,-2
M20_weight_visibility_grid,DAMIMAS_A21B_0397,train,DAMIMAS,True,0.25,1,1,2,6,2,1,2,5,2,0,0,1,0,0,0,-1,0
M20_weight_visibility_grid,DAMIMAS_A21B_0398,val,DAMIMAS,False,1.0,4,2,1,10,3,3,1,8,2,1,0,2,1,1,0,-2,-1
M20_weight_visibility_grid,DAMIMAS_A21B_0399,train,DAMIMAS,True,0.5,2,3,3,3,1,4,3,2,1,1,0,1,0,1,0,-1,0
M20_weight_visibility_grid,DAMIMAS_A21B_0400,val,DAMIMAS,True,0.0,0,0,4,2,4,0,4,2,4,0,0,0,0,0,0,0,0
M20_weight_visibility_grid,DAMIMAS_A21B_0401,val,DAMIMAS,True,0.25,1,0,0,8,2,0,0,8,1,0,0,0,1,0,0,0,-1
M20_weight_visibility_grid,DAMIMAS_A21B_0402,test,DAMIMAS,True,0.25,1,0,1,8,2,0,1,7,2,0,0,1,0,0,0,-1,0
M20_weight_visibility_grid,DAMIMAS_A21B_0403,train,DAMIMAS,True,0.25,1,2,5,4,3,2,5,4,2,0,0,0,1,0,0,0,-1
M20_weight_visibility_grid,DAMIMAS_A21B_0404,val,DAMIMAS,True,0.75,3,3,3,3,0,4,2,2,0,1,1,1,0,1,-1,-1,0
M20_weight_visibility_grid,DAMIMAS_A21B_0405,train,DAMIMAS,True,0.25,1,1,1,6,1,1,1,5,1,0,0,1,0,0,0,-1,0
M20_weight_visibility_grid,DAMIMAS_A21B_0406,train,DAMIMAS,True,0.25,1,1,0,6,3,1,0,6,2,0,0,0,1,0,0,0,-1
M20_weight_visibility_grid,DAMIMAS_A21B_0407,val,DAMIMAS,True,0.5,2,2,4,7,1,2,3,6,1,0,1,1,0,0,-1,-1,0
M20_weight_visibility_grid,DAMIMAS_A21B_0408,train,DAMIMAS,True,0.75,3,2,6,3,0,3,5,4,0,1,1,1,0,1,-1,1,0
M20_weight_visibility_grid,DAMIMAS_A21B_0409,test,DAMIMAS,True,0.25,1,3,0,6,0,3,0,5,0,0,0,1,0,0,0,-1,0
M20_weight_visibility_grid,DAMIMAS_A21B_0410,train,DAMIMAS,False,0.75,3,2,1,13,2,3,1,11,2,1,0,2,0,1,0,-2,0
M20_weight_visibility_grid,DAMIMAS_A21B_0411,test,DAMIMAS,True,0.25,1,2,4,5,0,3,4,5,0,1,0,0,0,1,0,0,0
M20_weight_visibility_grid,DAMIMAS_A21B_0412,train,DAMIMAS,True,0.25,1,1,5,2,0,1,5,3,0,0,0,1,0,0,0,1,0
M20_weight_visibility_grid,DAMIMAS_A21B_0413,train,DAMIMAS,True,0.25,1,1,2,9,3,1,2,9,2,0,0,0,1,0,0,0,-1
M20_weight_visibility_grid,DAMIMAS_A21B_0414,train,DAMIMAS,False,0.75,3,0,0,5,0,0,0,8,0,0,0,3,0,0,0,3,0
M20_weight_visibility_grid,DAMIMAS_A21B_0415,val,DAMIMAS,True,0.25,1,1,4,5,1,1,4,6,1,0,0,1,0,0,0,1,0
M20_weight_visibility_grid,DAMIMAS_A21B_0416,train,DAMIMAS,True,0.25,1,2,4,5,3,2,4,5,2,0,0,0,1,0,0,0,-1
M20_weight_visibility_grid,DAMIMAS_A21B_0417,val,DAMIMAS,True,0.25,1,2,2,7,3,2,2,6,3,0,0,1,0,0,0,-1,0
M20_weight_visibility_grid,DAMIMAS_A21B_0418,train,DAMIMAS,False,0.5,2,0,1,7,8,0,1,7,6,0,0,0,2,0,0,0,-2
M20_weight_visibility_grid,DAMIMAS_A21B_0419,test,DAMIMAS,True,0.0,0,0,4,6,2,0,4,6,2,0,0,0,0,0,0,0,0
M20_weight_visibility_grid,DAMIMAS_A21B_0420,val,DAMIMAS,True,0.25,1,0,1,1,0,0,1,2,0,0,0,1,0,0,0,1,0
M20_weight_visibility_grid,DAMIMAS_A21B_0421,train,DAMIMAS,True,0.0,0,0,0,0,0,0,0,0,0,0,0,0,0,0,0,0,0
M20_weight_visibility_grid,DAMIMAS_A21B_0422,val,DAMIMAS,True,0.0,0,2,0,5,4,2,0,5,4,0,0,0,0,0,0,0,0
M20_weight_visibility_grid,DAMIMAS_A21B_0423,train,DAMIMAS,True,0.25,1,2,5,5,2,2,5,4,2,0,0,1,0,0,0,-1,0
M20_weight_visibility_grid,DAMIMAS_A21B_0424,train,DAMIMAS,True,0.0,0,3,2,3,0,3,2,3,0,0,0,0,0,0,0,0,0
M20_weight_visibility_grid,DAMIMAS_A21B_0425,train,DAMIMAS,True,0.25,1,0,3,8,1,0,2,8,1,0,1,0,0,0,-1,0,0
M20_weight_visibility_grid,DAMIMAS_A21B_0426,train,DAMIMAS,True,0.0,0,0,0,8,2,0,0,8,2,0,0,0,0,0,0,0,0
M20_weight_visibility_grid,DAMIMAS_A21B_0427,train,DAMIMAS,True,0.0,0,1,8,5,1,1,8,5,1,0,0,0,0,0,0,0,0
M20_weight_visibility_grid,DAMIMAS_A21B_0428,val,DAMIMAS,True,0.0,0,3,3,5,4,3,3,5,4,0,0,0,0,0,0,0,0
M20_weight_visibility_grid,DAMIMAS_A21B_0429,train,DAMIMAS,True,0.5,2,3,4,10,5,3,3,10,4,0,1,0,1,0,-1,0,-1
M20_weight_visibility_grid,DAMIMAS_A21B_0430,train,DAMIMAS,False,1.25,5,0,1,10,5,0,1,7,3,0,0,3,2,0,0,-3,-2
M20_weight_visibility_grid,DAMIMAS_A21B_0431,train,DAMIMAS,True,0.25,1,0,2,8,0,0,2,7,0,0,0,1,0,0,0,-1,0
M20_weight_visibility_grid,DAMIMAS_A21B_0432,test,DAMIMAS,True,0.25,1,0,2,5,1,0,3,5,1,0,1,0,0,0,1,0,0
M20_weight_visibility_grid,DAMIMAS_A21B_0433,train,DAMIMAS,True,0.25,1,2,1,8,0,2,1,7,0,0,0,1,0,0,0,-1,0
M20_weight_visibility_grid,DAMIMAS_A21B_0434,train,DAMIMAS,True,0.75,3,0,2,9,3,0,3,8,2,0,1,1,1,0,1,-1,-1
M20_weight_visibility_grid,DAMIMAS_A21B_0435,train,DAMIMAS,True,0.25,1,2,3,4,0,3,3,4,0,1,0,0,0,1,0,0,0
M20_weight_visibility_grid,DAMIMAS_A21B_0436,train,DAMIMAS,True,0.5,2,1,4,4,4,2,4,4,3,1,0,0,1,1,0,0,-1
M20_weight_visibility_grid,DAMIMAS_A21B_0437,train,DAMIMAS,False,1.25,5,3,3,8,5,3,2,6,3,0,1,2,2,0,-1,-2,-2
M20_weight_visibility_grid,DAMIMAS_A21B_0438,val,DAMIMAS,False,0.75,3,0,0,8,9,0,0,7,7,0,0,1,2,0,0,-1,-2
M20_weight_visibility_grid,DAMIMAS_A21B_0439,train,DAMIMAS,True,0.0,0,1,4,1,0,1,4,1,0,0,0,0,0,0,0,0,0
M20_weight_visibility_grid,DAMIMAS_A21B_0440,train,DAMIMAS,False,1.0,4,0,4,8,4,0,3,6,3,0,1,2,1,0,-1,-2,-1
M20_weight_visibility_grid,DAMIMAS_A21B_0441,train,DAMIMAS,True,0.75,3,1,4,7,2,1,3,6,1,0,1,1,1,0,-1,-1,-1
M20_weight_visibility_grid,DAMIMAS_A21B_0442,test,DAMIMAS,False,0.75,3,0,1,7,7,0,1,5,6,0,0,2,1,0,0,-2,-1
M20_weight_visibility_grid,DAMIMAS_A21B_0443,train,DAMIMAS,True,0.5,2,1,6,5,2,1,5,4,2,0,1,1,0,0,-1,-1,0
M20_weight_visibility_grid,DAMIMAS_A21B_0444,test,DAMIMAS,True,0.25,1,2,0,5,3,2,0,4,3,0,0,1,0,0,0,-1,0
M20_weight_visibility_grid,DAMIMAS_A21B_0445,train,DAMIMAS,True,0.5,2,2,1,4,4,3,1,4,3,1,0,0,1,1,0,0,-1
M20_weight_visibility_grid,DAMIMAS_A21B_0446,train,DAMIMAS,True,0.5,2,2,1,7,1,3,1,6,1,1,0,1,0,1,0,-1,0
M20_weight_visibility_grid,DAMIMAS_A21B_0447,train,DAMIMAS,False,1.25,5,0,7,7,3,0,5,5,2,0,2,2,1,0,-2,-2,-1
M20_weight_visibility_grid,DAMIMAS_A21B_0448,train,DAMIMAS,True,0.5,2,1,3,5,3,1,3,4,2,0,0,1,1,0,0,-1,-1
M20_weight_visibility_grid,DAMIMAS_A21B_0449,test,DAMIMAS,True,0.25,1,0,2,11,1,0,2,10,1,0,0,1,0,0,0,-1,0
M20_weight_visibility_grid,DAMIMAS_A21B_0450,train,DAMIMAS,False,1.0,4,1,1,7,7,2,1,5,6,1,0,2,1,1,0,-2,-1
M20_weight_visibility_grid,DAMIMAS_A21B_0451,train,DAMIMAS,True,0.5,2,1,4,3,1,1,5,2,1,0,1,1,0,0,1,-1,0
M20_weight_visibility_grid,DAMIMAS_A21B_0452,train,DAMIMAS,True,0.5,2,4,1,3,6,4,1,2,5,0,0,1,1,0,0,-1,-1
M20_weight_visibility_grid,DAMIMAS_A21B_0453,train,DAMIMAS,True,0.25,1,2,1,5,1,2,1,5,2,0,0,0,1,0,0,0,1
M20_weight_visibility_grid,DAMIMAS_A21B_0454,train,DAMIMAS,False,1.0,4,0,2,4,8,0,3,3,6,0,1,1,2,0,1,-1,-2
M20_weight_visibility_grid,DAMIMAS_A21B_0455,val,DAMIMAS,True,0.25,1,0,6,5,1,0,6,4,1,0,0,1,0,0,0,-1,0
M20_weight_visibility_grid,DAMIMAS_A21B_0456,test,DAMIMAS,True,0.0,0,2,2,4,3,2,2,4,3,0,0,0,0,0,0,0,0
M20_weight_visibility_grid,DAMIMAS_A21B_0457,train,DAMIMAS,True,0.5,2,2,3,8,4,2,3,7,3,0,0,1,1,0,0,-1,-1
M20_weight_visibility_grid,DAMIMAS_A21B_0458,train,DAMIMAS,True,0.25,1,0,3,6,3,0,3,5,3,0,0,1,0,0,0,-1,0
M20_weight_visibility_grid,DAMIMAS_A21B_0459,train,DAMIMAS,True,0.5,2,3,3,2,0,4,4,2,0,1,1,0,0,1,1,0,0
M20_weight_visibility_grid,DAMIMAS_A21B_0460,train,DAMIMAS,True,0.25,1,4,3,4,4,4,3,4,3,0,0,0,1,0,0,0,-1
M20_weight_visibility_grid,DAMIMAS_A21B_0461,val,DAMIMAS,True,0.25,1,0,3,8,0,0,3,7,0,0,0,1,0,0,0,-1,0
M20_weight_visibility_grid,DAMIMAS_A21B_0462,train,DAMIMAS,True,0.5,2,3,0,5,3,3,0,6,2,0,0,1,1,0,0,1,-1
M20_weight_visibility_grid,DAMIMAS_A21B_0463,train,DAMIMAS,True,0.25,1,1,5,4,1,2,5,4,1,1,0,0,0,1,0,0,0
M20_weight_visibility_grid,DAMIMAS_A21B_0464,train,DAMIMAS,True,0.0,0,3,2,2,2,3,2,2,2,0,0,0,0,0,0,0,0
M20_weight_visibility_grid,DAMIMAS_A21B_0465,train,DAMIMAS,True,0.75,3,2,1,3,1,3,2,2,1,1,1,1,0,1,1,-1,0
M20_weight_visibility_grid,DAMIMAS_A21B_0466,train,DAMIMAS,True,0.25,1,0,0,4,3,0,0,3,3,0,0,1,0,0,0,-1,0
M20_weight_visibility_grid,DAMIMAS_A21B_0467,train,DAMIMAS,True,0.5,2,2,3,5,1,2,2,4,1,0,1,1,0,0,-1,-1,0
M20_weight_visibility_grid,DAMIMAS_A21B_0468,train,DAMIMAS,True,0.5,2,3,2,3,5,3,2,2,4,0,0,1,1,0,0,-1,-1
M20_weight_visibility_grid,DAMIMAS_A21B_0469,train,DAMIMAS,True,0.5,2,0,3,7,3,0,3,6,2,0,0,1,1,0,0,-1,-1
M20_weight_visibility_grid,DAMIMAS_A21B_0470,train,DAMIMAS,True,0.25,1,3,1,5,2,4,1,5,2,1,0,0,0,1,0,0,0
M20_weight_visibility_grid,DAMIMAS_A21B_0471,val,DAMIMAS,False,0.75,3,2,6,6,2,2,4,5,2,0,2,1,0,0,-2,-1,0
M20_weight_visibility_grid,DAMIMAS_A21B_0472,val,DAMIMAS,False,0.75,3,0,4,6,5,0,4,4,4,0,0,2,1,0,0,-2,-1
M20_weight_visibility_grid,DAMIMAS_A21B_0473,train,DAMIMAS,True,0.25,1,1,2,3,0,2,2,3,0,1,0,0,0,1,0,0,0
M20_weight_visibility_grid,DAMIMAS_A21B_0474,train,DAMIMAS,True,0.25,1,2,3,2,5,2,3,2,4,0,0,0,1,0,0,0,-1
M20_weight_visibility_grid,DAMIMAS_A21B_0475,test,DAMIMAS,True,0.5,2,0,7,4,2,0,6,3,2,0,1,1,0,0,-1,-1,0
M20_weight_visibility_grid,DAMIMAS_A21B_0476,train,DAMIMAS,True,0.5,2,0,4,5,2,0,3,4,2,0,1,1,0,0,-1,-1,0
M20_weight_visibility_grid,DAMIMAS_A21B_0477,val,DAMIMAS,True,0.0,0,0,0,5,0,0,0,5,0,0,0,0,0,0,0,0,0
M20_weight_visibility_grid,DAMIMAS_A21B_0478,train,DAMIMAS,True,0.0,0,3,2,3,6,3,2,3,6,0,0,0,0,0,0,0,0
M20_weight_visibility_grid,DAMIMAS_A21B_0479,val,DAMIMAS,True,0.5,2,1,4,3,2,1,5,4,2,0,1,1,0,0,1,1,0
M20_weight_visibility_grid,DAMIMAS_A21B_0480,train,DAMIMAS,True,0.25,1,2,2,5,4,2,2,5,3,0,0,0,1,0,0,0,-1
M20_weight_visibility_grid,DAMIMAS_A21B_0481,train,DAMIMAS,True,0.0,0,1,2,3,1,1,2,3,1,0,0,0,0,0,0,0,0
M20_weight_visibility_grid,DAMIMAS_A21B_0482,train,DAMIMAS,True,0.25,1,1,3,4,5,1,3,3,5,0,0,1,0,0,0,-1,0
M20_weight_visibility_grid,DAMIMAS_A21B_0483,train,DAMIMAS,True,0.25,1,2,5,3,2,2,5,3,1,0,0,0,1,0,0,0,-1
M20_weight_visibility_grid,DAMIMAS_A21B_0484,train,DAMIMAS,True,0.0,0,1,4,2,3,1,4,2,3,0,0,0,0,0,0,0,0
M20_weight_visibility_grid,DAMIMAS_A21B_0485,val,DAMIMAS,True,0.25,1,1,2,6,1,1,3,6,1,0,1,0,0,0,1,0,0
M20_weight_visibility_grid,DAMIMAS_A21B_0486,train,DAMIMAS,True,1.0,4,1,1,3,4,2,2,4,5,1,1,1,1,1,1,1,1
M20_weight_visibility_grid,DAMIMAS_A21B_0487,train,DAMIMAS,True,0.5,2,0,3,5,1,0,4,6,1,0,1,1,0,0,1,1,0
M20_weight_visibility_grid,DAMIMAS_A21B_0488,train,DAMIMAS,True,0.25,1,0,4,2,4,0,4,2,3,0,0,0,1,0,0,0,-1
M20_weight_visibility_grid,DAMIMAS_A21B_0489,val,DAMIMAS,True,0.25,1,0,0,8,2,0,0,9,2,0,0,1,0,0,0,1,0
M20_weight_visibility_grid,DAMIMAS_A21B_0490,test,DAMIMAS,True,0.25,1,3,1,4,5,4,1,4,5,1,0,0,0,1,0,0,0
M20_weight_visibility_grid,DAMIMAS_A21B_0491,train,DAMIMAS,True,0.25,1,3,4,5,0,3,4,4,0,0,0,1,0,0,0,-1,0
M20_weight_visibility_grid,DAMIMAS_A21B_0492,test,DAMIMAS,True,0.5,2,2,3,4,4,2,3,3,3,0,0,1,1,0,0,-1,-1
M20_weight_visibility_grid,DAMIMAS_A21B_0493,train,DAMIMAS,True,0.0,0,1,3,4,2,1,3,4,2,0,0,0,0,0,0,0,0
M20_weight_visibility_grid,DAMIMAS_A21B_0494,train,DAMIMAS,False,0.75,3,2,2,5,8,2,2,4,6,0,0,1,2,0,0,-1,-2
M20_weight_visibility_grid,DAMIMAS_A21B_0495,train,DAMIMAS,True,0.0,0,1,4,5,0,1,4,5,0,0,0,0,0,0,0,0,0
M20_weight_visibility_grid,DAMIMAS_A21B_0496,train,DAMIMAS,True,0.25,1,2,4,2,4,2,3,2,4,0,1,0,0,0,-1,0,0
M20_weight_visibility_grid,DAMIMAS_A21B_0497,test,DAMIMAS,False,1.0,4,1,4,9,4,1,3,7,3,0,1,2,1,0,-1,-2,-1
M20_weight_visibility_grid,DAMIMAS_A21B_0498,train,DAMIMAS,True,0.5,2,4,1,4,8,4,1,3,7,0,0,1,1,0,0,-1,-1
M20_weight_visibility_grid,DAMIMAS_A21B_0499,train,DAMIMAS,True,0.25,1,2,3,5,2,3,3,5,2,1,0,0,0,1,0,0,0
M20_weight_visibility_grid,DAMIMAS_A21B_0500,train,DAMIMAS,True,0.25,1,3,3,3,2,3,3,2,2,0,0,1,0,0,0,-1,0
M20_weight_visibility_grid,DAMIMAS_A21B_0501,train,DAMIMAS,True,0.5,2,2,2,6,2,2,3,6,3,0,1,0,1,0,1,0,1
M20_weight_visibility_grid,DAMIMAS_A21B_0502,train,DAMIMAS,True,0.25,1,0,3,5,6,0,4,5,6,0,1,0,0,0,1,0,0
M20_weight_visibility_grid,DAMIMAS_A21B_0503,train,DAMIMAS,True,0.25,1,2,4,5,3,2,5,5,3,0,1,0,0,0,1,0,0
M20_weight_visibility_grid,DAMIMAS_A21B_0504,val,DAMIMAS,True,0.0,0,1,4,3,3,1,4,3,3,0,0,0,0,0,0,0,0
M20_weight_visibility_grid,DAMIMAS_A21B_0505,test,DAMIMAS,True,0.25,1,1,0,6,5,1,0,6,4,0,0,0,1,0,0,0,-1
M20_weight_visibility_grid,DAMIMAS_A21B_0506,train,DAMIMAS,True,0.5,2,3,2,5,8,4,2,4,8,1,0,1,0,1,0,-1,0
M20_weight_visibility_grid,DAMIMAS_A21B_0507,train,DAMIMAS,True,0.0,0,0,5,4,0,0,5,4,0,0,0,0,0,0,0,0,0
M20_weight_visibility_grid,DAMIMAS_A21B_0508,train,DAMIMAS,True,0.5,2,1,6,5,2,1,6,4,1,0,0,1,1,0,0,-1,-1
M20_weight_visibility_grid,DAMIMAS_A21B_0509,train,DAMIMAS,True,0.0,0,1,2,5,2,1,2,5,2,0,0,0,0,0,0,0,0
M20_weight_visibility_grid,DAMIMAS_A21B_0510,test,DAMIMAS,True,0.5,2,0,2,6,3,0,3,7,3,0,1,1,0,0,1,1,0
M20_weight_visibility_grid,DAMIMAS_A21B_0511,train,DAMIMAS,True,0.25,1,3,5,3,1,4,5,3,1,1,0,0,0,1,0,0,0
M20_weight_visibility_grid,DAMIMAS_A21B_0512,val,DAMIMAS,True,0.25,1,1,3,5,4,2,3,5,4,1,0,0,0,1,0,0,0
M20_weight_visibility_grid,DAMIMAS_A21B_0513,train,DAMIMAS,True,0.0,0,0,1,6,0,0,1,6,0,0,0,0,0,0,0,0,0
M20_weight_visibility_grid,DAMIMAS_A21B_0514,train,DAMIMAS,True,0.5,2,0,0,9,5,0,0,8,4,0,0,1,1,0,0,-1,-1
M20_weight_visibility_grid,DAMIMAS_A21B_0515,train,DAMIMAS,True,0.0,0,2,4,5,2,2,4,5,2,0,0,0,0,0,0,0,0
M20_weight_visibility_grid,DAMIMAS_A21B_0516,val,DAMIMAS,True,0.0,0,1,2,2,2,1,2,2,2,0,0,0,0,0,0,0,0
M20_weight_visibility_grid,DAMIMAS_A21B_0517,train,DAMIMAS,True,0.25,1,2,1,6,4,2,1,5,4,0,0,1,0,0,0,-1,0
M20_weight_visibility_grid,DAMIMAS_A21B_0518,val,DAMIMAS,True,0.25,1,1,2,7,6,1,2,7,5,0,0,0,1,0,0,0,-1
M20_weight_visibility_grid,DAMIMAS_A21B_0519,test,DAMIMAS,True,0.0,0,0,0,0,0,0,0,0,0,0,0,0,0,0,0,0,0
M20_weight_visibility_grid,DAMIMAS_A21B_0520,train,DAMIMAS,True,0.25,1,2,2,2,2,3,2,2,2,1,0,0,0,1,0,0,0
M20_weight_visibility_grid,DAMIMAS_A21B_0521,val,DAMIMAS,True,0.0,0,1,3,2,3,1,3,2,3,0,0,0,0,0,0,0,0
M20_weight_visibility_grid,DAMIMAS_A21B_0522,train,DAMIMAS,False,0.5,2,0,6,3,2,0,4,3,2,0,2,0,0,0,-2,0,0
M20_weight_visibility_grid,DAMIMAS_A21B_0523,train,DAMIMAS,False,0.5,2,2,8,3,1,2,6,3,1,0,2,0,0,0,-2,0,0
M20_weight_visibility_grid,DAMIMAS_A21B_0524,train,DAMIMAS,False,0.5,2,2,2,3,6,2,2,3,4,0,0,0,2,0,0,0,-2
M20_weight_visibility_grid,DAMIMAS_A21B_0525,test,DAMIMAS,True,0.25,1,1,2,5,0,1,2,4,0,0,0,1,0,0,0,-1,0
M20_weight_visibility_grid,DAMIMAS_A21B_0526,train,DAMIMAS,True,0.0,0,0,1,10,1,0,1,10,1,0,0,0,0,0,0,0,0
M20_weight_visibility_grid,DAMIMAS_A21B_0527,train,DAMIMAS,True,0.25,1,0,4,5,0,0,4,4,0,0,0,1,0,0,0,-1,0
M20_weight_visibility_grid,DAMIMAS_A21B_0528,train,DAMIMAS,True,0.0,0,0,1,0,0,0,1,0,0,0,0,0,0,0,0,0,0
M20_weight_visibility_grid,DAMIMAS_A21B_0529,train,DAMIMAS,True,0.25,1,0,0,7,3,0,0,6,3,0,0,1,0,0,0,-1,0
M20_weight_visibility_grid,DAMIMAS_A21B_0530,test,DAMIMAS,True,0.5,2,2,2,6,5,2,2,5,4,0,0,1,1,0,0,-1,-1
M20_weight_visibility_grid,DAMIMAS_A21B_0531,train,DAMIMAS,True,0.25,1,2,5,5,2,2,5,6,2,0,0,1,0,0,0,1,0
M20_weight_visibility_grid,DAMIMAS_A21B_0532,train,DAMIMAS,True,0.5,2,2,2,6,1,3,2,5,1,1,0,1,0,1,0,-1,0
M20_weight_visibility_grid,DAMIMAS_A21B_0533,val,DAMIMAS,True,0.25,1,1,2,7,3,1,2,6,3,0,0,1,0,0,0,-1,0
M20_weight_visibility_grid,DAMIMAS_A21B_0534,train,DAMIMAS,True,0.25,1,1,1,4,3,2,1,4,3,1,0,0,0,1,0,0,0
M20_weight_visibility_grid,DAMIMAS_A21B_0535,train,DAMIMAS,True,0.25,1,3,3,3,1,4,3,3,1,1,0,0,0,1,0,0,0
M20_weight_visibility_grid,DAMIMAS_A21B_0536,test,DAMIMAS,True,0.25,1,2,2,4,2,2,2,3,2,0,0,1,0,0,0,-1,0
M20_weight_visibility_grid,DAMIMAS_A21B_0537,val,DAMIMAS,True,0.25,1,1,1,6,1,2,1,6,1,1,0,0,0,1,0,0,0
M20_weight_visibility_grid,DAMIMAS_A21B_0538,train,DAMIMAS,True,0.0,0,0,2,6,5,0,2,6,5,0,0,0,0,0,0,0,0
M20_weight_visibility_grid,DAMIMAS_A21B_0539,train,DAMIMAS,True,0.5,2,4,3,5,3,4,3,6,2,0,0,1,1,0,0,1,-1
M20_weight_visibility_grid,DAMIMAS_A21B_0540,train,DAMIMAS,True,0.25,1,3,0,3,3,4,0,3,3,1,0,0,0,1,0,0,0
M20_weight_visibility_grid,DAMIMAS_A21B_0541,test,DAMIMAS,True,0.0,0,2,1,3,2,2,1,3,2,0,0,0,0,0,0,0,0
M20_weight_visibility_grid,DAMIMAS_A21B_0542,train,DAMIMAS,True,0.0,0,2,2,5,4,2,2,5,4,0,0,0,0,0,0,0,0
M20_weight_visibility_grid,DAMIMAS_A21B_0543,train,DAMIMAS,True,0.0,0,2,2,2,0,2,2,2,0,0,0,0,0,0,0,0,0
M20_weight_visibility_grid,DAMIMAS_A21B_0544,train,DAMIMAS,True,0.25,1,2,3,3,5,2,3,2,5,0,0,1,0,0,0,-1,0
M20_weight_visibility_grid,DAMIMAS_A21B_0545,train,DAMIMAS,False,0.5,2,1,0,9,1,1,0,11,1,0,0,2,0,0,0,2,0
M20_weight_visibility_grid,DAMIMAS_A21B_0546,test,DAMIMAS,True,0.75,3,2,4,7,4,2,3,6,3,0,1,1,1,0,-1,-1,-1
M20_weight_visibility_grid,DAMIMAS_A21B_0547,val,DAMIMAS,True,0.25,1,1,5,6,0,1,6,6,0,0,1,0,0,0,1,0,0
M20_weight_visibility_grid,DAMIMAS_A21B_0548,train,DAMIMAS,True,0.25,1,1,3,5,2,1,3,4,2,0,0,1,0,0,0,-1,0
M20_weight_visibility_grid,DAMIMAS_A21B_0549,train,DAMIMAS,True,0.0,0,1,0,4,0,1,0,4,0,0,0,0,0,0,0,0,0
M20_weight_visibility_grid,DAMIMAS_A21B_0550,val,DAMIMAS,True,0.25,1,2,4,3,4,2,5,3,4,0,1,0,0,0,1,0,0
M20_weight_visibility_grid,DAMIMAS_A21B_0551,test,DAMIMAS,True,0.5,2,2,3,8,2,3,4,8,2,1,1,0,0,1,1,0,0
M20_weight_visibility_grid,DAMIMAS_A21B_0552,train,DAMIMAS,True,0.25,1,3,3,2,1,3,4,2,1,0,1,0,0,0,1,0,0
M20_weight_visibility_grid,DAMIMAS_A21B_0553,train,DAMIMAS,True,0.5,2,1,2,5,3,2,2,5,2,1,0,0,1,1,0,0,-1
M20_weight_visibility_grid,DAMIMAS_A21B_0554,test,DAMIMAS,True,0.5,2,2,3,7,6,2,3,6,5,0,0,1,1,0,0,-1,-1
M20_weight_visibility_grid,DAMIMAS_A21B_0555,train,DAMIMAS,True,0.25,1,0,3,3,2,0,4,3,2,0,1,0,0,0,1,0,0
M20_weight_visibility_grid,DAMIMAS_A21B_0556,val,DAMIMAS,True,0.25,1,2,4,4,3,2,4,4,2,0,0,0,1,0,0,0,-1
M20_weight_visibility_grid,DAMIMAS_A21B_0557,val,DAMIMAS,True,0.5,2,1,1,6,4,2,1,6,3,1,0,0,1,1,0,0,-1
M20_weight_visibility_grid,DAMIMAS_A21B_0558,train,DAMIMAS,False,0.5,2,0,4,4,3,0,6,4,3,0,2,0,0,0,2,0,0
M20_weight_visibility_grid,DAMIMAS_A21B_0559,train,DAMIMAS,False,0.75,3,0,0,0,8,0,0,0,5,0,0,0,3,0,0,0,-3
M20_weight_visibility_grid,DAMIMAS_A21B_0560,train,DAMIMAS,True,0.0,0,0,0,5,0,0,0,5,0,0,0,0,0,0,0,0,0
M20_weight_visibility_grid,DAMIMAS_A21B_0561,train,DAMIMAS,True,0.5,2,1,2,9,3,1,2,8,2,0,0,1,1,0,0,-1,-1
M20_weight_visibility_grid,DAMIMAS_A21B_0562,val,DAMIMAS,True,0.5,2,1,4,5,3,1,5,4,3,0,1,1,0,0,1,-1,0
M20_weight_visibility_grid,DAMIMAS_A21B_0563,test,DAMIMAS,True,0.25,1,3,4,4,0,3,3,4,0,0,1,0,0,0,-1,0,0
M20_weight_visibility_grid,DAMIMAS_A21B_0564,train,DAMIMAS,True,0.5,2,4,2,6,2,3,2,5,2,1,0,1,0,-1,0,-1,0
M20_weight_visibility_grid,DAMIMAS_A21B_0565,train,DAMIMAS,True,0.25,1,0,0,8,4,0,0,8,3,0,0,0,1,0,0,0,-1
M20_weight_visibility_grid,DAMIMAS_A21B_0566,train,DAMIMAS,True,0.25,1,0,6,5,2,0,7,5,2,0,1,0,0,0,1,0,0
M20_weight_visibility_grid,DAMIMAS_A21B_0567,train,DAMIMAS,True,0.0,0,2,5,6,1,2,5,6,1,0,0,0,0,0,0,0,0
M20_weight_visibility_grid,DAMIMAS_A21B_0568,train,DAMIMAS,True,0.25,1,2,3,5,3,2,3,4,3,0,0,1,0,0,0,-1,0
M20_weight_visibility_grid,DAMIMAS_A21B_0569,train,DAMIMAS,True,0.25,1,2,2,7,2,3,2,7,2,1,0,0,0,1,0,0,0
M20_weight_visibility_grid,DAMIMAS_A21B_0570,val,DAMIMAS,True,0.25,1,0,3,7,3,0,3,6,3,0,0,1,0,0,0,-1,0
M20_weight_visibility_grid,DAMIMAS_A21B_0571,train,DAMIMAS,False,0.5,2,3,6,5,1,3,4,5,1,0,2,0,0,0,-2,0,0
M20_weight_visibility_grid,DAMIMAS_A21B_0572,train,DAMIMAS,True,0.25,1,2,3,3,1,2,3,2,1,0,0,1,0,0,0,-1,0
M20_weight_visibility_grid,DAMIMAS_A21B_0573,train,DAMIMAS,True,0.5,2,0,4,6,5,0,3,6,4,0,1,0,1,0,-1,0,-1
M20_weight_visibility_grid,DAMIMAS_A21B_0574,train,DAMIMAS,True,0.0,0,0,1,4,2,0,1,4,2,0,0,0,0,0,0,0,0
M20_weight_visibility_grid,DAMIMAS_A21B_0575,train,DAMIMAS,True,0.0,0,3,4,6,2,3,4,6,2,0,0,0,0,0,0,0,0
M20_weight_visibility_grid,DAMIMAS_A21B_0576,train,DAMIMAS,True,0.25,1,3,4,6,1,3,3,6,1,0,1,0,0,0,-1,0,0
M20_weight_visibility_grid,DAMIMAS_A21B_0577,train,DAMIMAS,True,0.25,1,3,0,4,2,3,0,3,2,0,0,1,0,0,0,-1,0
M20_weight_visibility_grid,DAMIMAS_A21B_0578,test,DAMIMAS,True,0.25,1,1,5,1,0,1,4,1,0,0,1,0,0,0,-1,0,0
M20_weight_visibility_grid,DAMIMAS_A21B_0579,train,DAMIMAS,True,0.25,1,5,3,6,1,5,3,5,1,0,0,1,0,0,0,-1,0
M20_weight_visibility_grid,DAMIMAS_A21B_0580,train,DAMIMAS,True,0.0,0,2,4,6,1,2,4,6,1,0,0,0,0,0,0,0,0
M20_weight_visibility_grid,DAMIMAS_A21B_0581,train,DAMIMAS,True,0.0,0,1,3,5,2,1,3,5,2,0,0,0,0,0,0,0,0
M20_weight_visibility_grid,DAMIMAS_A21B_0582,train,DAMIMAS,True,0.25,1,2,6,5,2,2,5,5,2,0,1,0,0,0,-1,0,0
M20_weight_visibility_grid,DAMIMAS_A21B_0583,train,DAMIMAS,True,0.0,0,1,2,0,0,1,2,0,0,0,0,0,0,0,0,0,0
M20_weight_visibility_grid,DAMIMAS_A21B_0584,train,DAMIMAS,True,0.0,0,1,3,5,1,1,3,5,1,0,0,0,0,0,0,0,0
M20_weight_visibility_grid,DAMIMAS_A21B_0585,train,DAMIMAS,True,0.0,0,2,2,4,3,2,2,4,3,0,0,0,0,0,0,0,0
M20_weight_visibility_grid,DAMIMAS_A21B_0586,val,DAMIMAS,True,0.25,1,0,3,4,2,0,3,3,2,0,0,1,0,0,0,-1,0
M20_weight_visibility_grid,DAMIMAS_A21B_0587,train,DAMIMAS,True,0.0,0,3,0,0,0,3,0,0,0,0,0,0,0,0,0,0,0
M20_weight_visibility_grid,DAMIMAS_A21B_0588,train,DAMIMAS,True,0.25,1,4,3,3,2,3,3,3,2,1,0,0,0,-1,0,0,0
M20_weight_visibility_grid,DAMIMAS_A21B_0589,train,DAMIMAS,True,0.25,1,1,2,10,1,1,2,9,1,0,0,1,0,0,0,-1,0
M20_weight_visibility_grid,DAMIMAS_A21B_0590,train,DAMIMAS,True,0.5,2,4,2,4,4,4,2,3,3,0,0,1,1,0,0,-1,-1
M20_weight_visibility_grid,DAMIMAS_A21B_0591,test,DAMIMAS,True,0.0,0,2,5,5,1,2,5,5,1,0,0,0,0,0,0,0,0
M20_weight_visibility_grid,DAMIMAS_A21B_0592,train,DAMIMAS,True,0.25,1,1,1,6,0,1,1,5,0,0,0,1,0,0,0,-1,0
M20_weight_visibility_grid,DAMIMAS_A21B_0593,val,DAMIMAS,True,0.0,0,0,0,1,2,0,0,1,2,0,0,0,0,0,0,0,0
M20_weight_visibility_grid,DAMIMAS_A21B_0594,train,DAMIMAS,True,0.5,2,4,5,3,3,4,4,3,2,0,1,0,1,0,-1,0,-1
M20_weight_visibility_grid,DAMIMAS_A21B_0595,val,DAMIMAS,True,0.0,0,3,4,6,0,3,4,6,0,0,0,0,0,0,0,0,0
M20_weight_visibility_grid,DAMIMAS_A21B_0596,train,DAMIMAS,True,0.25,1,0,2,8,4,0,2,8,3,0,0,0,1,0,0,0,-1
M20_weight_visibility_grid,DAMIMAS_A21B_0597,train,DAMIMAS,True,0.0,0,0,0,8,0,0,0,8,0,0,0,0,0,0,0,0,0
M20_weight_visibility_grid,DAMIMAS_A21B_0598,train,DAMIMAS,True,0.0,0,1,3,5,1,1,3,5,1,0,0,0,0,0,0,0,0
M20_weight_visibility_grid,DAMIMAS_A21B_0599,train,DAMIMAS,True,0.5,2,3,4,6,2,3,3,6,1,0,1,0,1,0,-1,0,-1
M20_weight_visibility_grid,DAMIMAS_A21B_0600,train,DAMIMAS,True,0.0,0,3,2,7,4,3,2,7,4,0,0,0,0,0,0,0,0
M20_weight_visibility_grid,DAMIMAS_A21B_0601,test,DAMIMAS,True,0.25,1,0,0,5,1,0,0,6,1,0,0,1,0,0,0,1,0
M20_weight_visibility_grid,DAMIMAS_A21B_0602,train,DAMIMAS,True,0.5,2,4,4,5,3,4,4,4,2,0,0,1,1,0,0,-1,-1
M20_weight_visibility_grid,DAMIMAS_A21B_0603,train,DAMIMAS,True,0.0,0,2,4,3,1,2,4,3,1,0,0,0,0,0,0,0,0
M20_weight_visibility_grid,DAMIMAS_A21B_0604,train,DAMIMAS,True,0.0,0,0,3,2,1,0,3,2,1,0,0,0,0,0,0,0,0
M20_weight_visibility_grid,DAMIMAS_A21B_0605,train,DAMIMAS,True,0.25,1,2,2,6,3,2,2,6,2,0,0,0,1,0,0,0,-1
M20_weight_visibility_grid,DAMIMAS_A21B_0606,train,DAMIMAS,True,0.25,1,1,5,4,4,1,4,4,4,0,1,0,0,0,-1,0,0
M20_weight_visibility_grid,DAMIMAS_A21B_0607,train,DAMIMAS,True,0.0,0,4,4,4,1,4,4,4,1,0,0,0,0,0,0,0,0
M20_weight_visibility_grid,DAMIMAS_A21B_0608,train,DAMIMAS,True,0.0,0,0,2,8,3,0,2,8,3,0,0,0,0,0,0,0,0
M20_weight_visibility_grid,DAMIMAS_A21B_0609,val,DAMIMAS,True,0.25,1,1,2,5,3,1,2,4,3,0,0,1,0,0,0,-1,0
M20_weight_visibility_grid,DAMIMAS_A21B_0610,train,DAMIMAS,True,0.25,1,0,6,4,2,0,6,3,2,0,0,1,0,0,0,-1,0
M20_weight_visibility_grid,DAMIMAS_A21B_0611,train,DAMIMAS,True,0.0,0,0,6,5,0,0,6,5,0,0,0,0,0,0,0,0,0
M20_weight_visibility_grid,DAMIMAS_A21B_0612,val,DAMIMAS,True,0.25,1,0,1,8,0,0,1,7,0,0,0,1,0,0,0,-1,0
M20_weight_visibility_grid,DAMIMAS_A21B_0613,train,DAMIMAS,True,0.25,1,0,1,4,1,0,1,3,1,0,0,1,0,0,0,-1,0
M20_weight_visibility_grid,DAMIMAS_A21B_0614,val,DAMIMAS,True,0.75,3,2,5,5,4,2,6,4,3,0,1,1,1,0,1,-1,-1
M20_weight_visibility_grid,DAMIMAS_A21B_0615,train,DAMIMAS,True,0.25,1,3,5,3,1,3,6,3,1,0,1,0,0,0,1,0,0
M20_weight_visibility_grid,DAMIMAS_A21B_0616,test,DAMIMAS,True,0.25,1,2,2,5,4,2,2,5,3,0,0,0,1,0,0,0,-1
M20_weight_visibility_grid,DAMIMAS_A21B_0617,train,DAMIMAS,True,0.0,0,3,3,5,1,3,3,5,1,0,0,0,0,0,0,0,0
M20_weight_visibility_grid,DAMIMAS_A21B_0618,test,DAMIMAS,True,0.25,1,3,4,2,1,3,3,2,1,0,1,0,0,0,-1,0,0
M20_weight_visibility_grid,DAMIMAS_A21B_0619,train,DAMIMAS,True,0.5,2,6,4,6,0,6,3,5,0,0,1,1,0,0,-1,-1,0
M20_weight_visibility_grid,DAMIMAS_A21B_0620,train,DAMIMAS,True,0.0,0,2,1,9,2,2,1,9,2,0,0,0,0,0,0,0,0
M20_weight_visibility_grid,DAMIMAS_A21B_0621,train,DAMIMAS,True,0.25,1,3,3,8,2,3,3,7,2,0,0,1,0,0,0,-1,0
M20_weight_visibility_grid,DAMIMAS_A21B_0622,train,DAMIMAS,True,0.25,1,2,6,3,2,2,5,3,2,0,1,0,0,0,-1,0,0
M20_weight_visibility_grid,DAMIMAS_A21B_0623,train,DAMIMAS,True,0.0,0,2,5,5,0,2,5,5,0,0,0,0,0,0,0,0,0
M20_weight_visibility_grid,DAMIMAS_A21B_0624,train,DAMIMAS,True,0.25,1,3,1,8,2,3,1,7,2,0,0,1,0,0,0,-1,0
M20_weight_visibility_grid,DAMIMAS_A21B_0625,train,DAMIMAS,True,0.0,0,0,3,9,3,0,3,9,3,0,0,0,0,0,0,0,0
M20_weight_visibility_grid,DAMIMAS_A21B_0626,train,DAMIMAS,True,0.25,1,1,4,4,5,1,4,4,4,0,0,0,1,0,0,0,-1
M20_weight_visibility_grid,DAMIMAS_A21B_0627,train,DAMIMAS,True,0.0,0,2,4,4,0,2,4,4,0,0,0,0,0,0,0,0,0
M20_weight_visibility_grid,DAMIMAS_A21B_0628,train,DAMIMAS,True,0.0,0,0,2,7,3,0,2,7,3,0,0,0,0,0,0,0,0
M20_weight_visibility_grid,DAMIMAS_A21B_0629,train,DAMIMAS,True,0.25,1,2,0,6,1,2,0,7,1,0,0,1,0,0,0,1,0
M20_weight_visibility_grid,DAMIMAS_A21B_0630,train,DAMIMAS,True,0.0,0,1,5,3,3,1,5,3,3,0,0,0,0,0,0,0,0
M20_weight_visibility_grid,DAMIMAS_A21B_0631,train,DAMIMAS,True,0.0,0,0,3,3,0,0,3,3,0,0,0,0,0,0,0,0,0
M20_weight_visibility_grid,DAMIMAS_A21B_0632,train,DAMIMAS,False,0.75,3,3,4,10,4,3,4,8,3,0,0,2,1,0,0,-2,-1
M20_weight_visibility_grid,DAMIMAS_A21B_0633,test,DAMIMAS,True,0.0,0,0,0,2,0,0,0,2,0,0,0,0,0,0,0,0,0
M20_weight_visibility_grid,DAMIMAS_A21B_0634,train,DAMIMAS,True,0.25,1,4,5,4,3,4,5,3,3,0,0,1,0,0,0,-1,0
M20_weight_visibility_grid,DAMIMAS_A21B_0635,train,DAMIMAS,True,0.5,2,3,7,5,3,3,6,4,3,0,1,1,0,0,-1,-1,0
M20_weight_visibility_grid,DAMIMAS_A21B_0636,test,DAMIMAS,True,0.25,1,0,1,7,3,0,1,7,2,0,0,0,1,0,0,0,-1
M20_weight_visibility_grid,DAMIMAS_A21B_0637,train,DAMIMAS,True,0.0,0,2,0,2,1,2,0,2,1,0,0,0,0,0,0,0,0
M20_weight_visibility_grid,DAMIMAS_A21B_0638,train,DAMIMAS,True,0.25,1,4,3,4,1,4,3,3,1,0,0,1,0,0,0,-1,0
M20_weight_visibility_grid,DAMIMAS_A21B_0639,train,DAMIMAS,True,0.25,1,2,1,10,1,2,1,9,1,0,0,1,0,0,0,-1,0
M20_weight_visibility_grid,DAMIMAS_A21B_0640,test,DAMIMAS,True,0.5,2,1,3,7,3,1,3,8,2,0,0,1,1,0,0,1,-1
M20_weight_visibility_grid,DAMIMAS_A21B_0641,train,DAMIMAS,True,0.25,1,3,3,5,4,3,3,5,3,0,0,0,1,0,0,0,-1
M20_weight_visibility_grid,DAMIMAS_A21B_0642,test,DAMIMAS,True,0.25,1,1,1,3,3,1,1,3,2,0,0,0,1,0,0,0,-1
M20_weight_visibility_grid,DAMIMAS_A21B_0643,test,DAMIMAS,True,0.0,0,0,0,0,0,0,0,0,0,0,0,0,0,0,0,0,0
M20_weight_visibility_grid,DAMIMAS_A21B_0644,train,DAMIMAS,True,0.25,1,0,2,7,3,0,2,8,3,0,0,1,0,0,0,1,0
M20_weight_visibility_grid,DAMIMAS_A21B_0645,train,DAMIMAS,True,0.25,1,0,0,5,2,0,0,6,2,0,0,1,0,0,0,1,0
M20_weight_visibility_grid,DAMIMAS_A21B_0646,train,DAMIMAS,True,0.0,0,0,4,5,2,0,4,5,2,0,0,0,0,0,0,0,0
M20_weight_visibility_grid,DAMIMAS_A21B_0647,train,DAMIMAS,True,0.0,0,0,4,7,0,0,4,7,0,0,0,0,0,0,0,0,0
M20_weight_visibility_grid,DAMIMAS_A21B_0648,train,DAMIMAS,True,0.25,1,0,0,8,3,0,0,7,3,0,0,1,0,0,0,-1,0
M20_weight_visibility_grid,DAMIMAS_A21B_0649,val,DAMIMAS,True,0.25,1,0,1,9,3,0,1,8,3,0,0,1,0,0,0,-1,0
M20_weight_visibility_grid,DAMIMAS_A21B_0650,train,DAMIMAS,True,0.5,2,2,2,6,3,2,2,5,2,0,0,1,1,0,0,-1,-1
M20_weight_visibility_grid,DAMIMAS_A21B_0651,val,DAMIMAS,True,0.0,0,2,2,5,4,2,2,5,4,0,0,0,0,0,0,0,0
M20_weight_visibility_grid,DAMIMAS_A21B_0652,val,DAMIMAS,True,0.25,1,2,3,4,2,2,3,4,1,0,0,0,1,0,0,0,-1
M20_weight_visibility_grid,DAMIMAS_A21B_0653,train,DAMIMAS,True,0.25,1,2,1,6,3,2,1,5,3,0,0,1,0,0,0,-1,0
M20_weight_visibility_grid,DAMIMAS_A21B_0654,test,DAMIMAS,True,0.5,2,3,6,3,4,3,5,3,3,0,1,0,1,0,-1,0,-1
M20_weight_visibility_grid,DAMIMAS_A21B_0655,train,DAMIMAS,True,0.25,1,2,1,7,2,2,1,6,2,0,0,1,0,0,0,-1,0
M20_weight_visibility_grid,DAMIMAS_A21B_0656,train,DAMIMAS,False,0.75,3,2,0,9,5,2,0,8,3,0,0,1,2,0,0,-1,-2
M20_weight_visibility_grid,DAMIMAS_A21B_0657,test,DAMIMAS,True,0.25,1,1,2,7,5,1,2,7,4,0,0,0,1,0,0,0,-1
M20_weight_visibility_grid,DAMIMAS_A21B_0658,test,DAMIMAS,True,0.25,1,1,2,3,1,1,2,2,1,0,0,1,0,0,0,-1,0
M20_weight_visibility_grid,DAMIMAS_A21B_0659,train,DAMIMAS,True,0.0,0,1,1,8,2,1,1,8,2,0,0,0,0,0,0,0,0
M20_weight_visibility_grid,DAMIMAS_A21B_0660,train,DAMIMAS,True,0.0,0,0,2,5,3,0,2,5,3,0,0,0,0,0,0,0,0
M20_weight_visibility_grid,DAMIMAS_A21B_0661,train,DAMIMAS,True,0.5,2,1,2,8,3,1,2,7,2,0,0,1,1,0,0,-1,-1
M20_weight_visibility_grid,DAMIMAS_A21B_0662,val,DAMIMAS,True,0.0,0,0,0,1,2,0,0,1,2,0,0,0,0,0,0,0,0
M20_weight_visibility_grid,DAMIMAS_A21B_0663,val,DAMIMAS,True,0.25,1,0,2,9,3,0,2,8,3,0,0,1,0,0,0,-1,0
M20_weight_visibility_grid,DAMIMAS_A21B_0664,train,DAMIMAS,True,0.0,0,1,2,9,3,1,2,9,3,0,0,0,0,0,0,0,0
M20_weight_visibility_grid,DAMIMAS_A21B_0665,train,DAMIMAS,True,0.0,0,3,3,6,1,3,3,6,1,0,0,0,0,0,0,0,0
M20_weight_visibility_grid,DAMIMAS_A21B_0666,train,DAMIMAS,True,0.0,0,0,0,4,3,0,0,4,3,0,0,0,0,0,0,0,0
M20_weight_visibility_grid,DAMIMAS_A21B_0667,train,DAMIMAS,True,0.25,1,2,1,6,2,2,1,5,2,0,0,1,0,0,0,-1,0
M20_weight_visibility_grid,DAMIMAS_A21B_0668,train,DAMIMAS,True,0.0,0,2,1,7,5,2,1,7,5,0,0,0,0,0,0,0,0
M20_weight_visibility_grid,DAMIMAS_A21B_0669,train,DAMIMAS,True,0.5,2,3,1,9,3,3,1,10,2,0,0,1,1,0,0,1,-1
M20_weight_visibility_grid,DAMIMAS_A21B_0670,train,DAMIMAS,True,0.25,1,1,3,2,5,1,3,2,4,0,0,0,1,0,0,0,-1
M20_weight_visibility_grid,DAMIMAS_A21B_0671,train,DAMIMAS,True,0.0,0,1,1,8,3,1,1,8,3,0,0,0,0,0,0,0,0
M20_weight_visibility_grid,DAMIMAS_A21B_0672,test,DAMIMAS,True,0.0,0,1,2,6,4,1,2,6,4,0,0,0,0,0,0,0,0
M20_weight_visibility_grid,DAMIMAS_A21B_0673,train,DAMIMAS,True,0.25,1,2,1,7,2,2,1,8,2,0,0,1,0,0,0,1,0
M20_weight_visibility_grid,DAMIMAS_A21B_0674,test,DAMIMAS,True,0.0,0,2,2,4,2,2,2,4,2,0,0,0,0,0,0,0,0
M20_weight_visibility_grid,DAMIMAS_A21B_0675,train,DAMIMAS,True,0.25,1,1,2,5,5,1,2,6,5,0,0,1,0,0,0,1,0
M20_weight_visibility_grid,DAMIMAS_A21B_0676,train,DAMIMAS,True,0.25,1,1,3,6,5,1,3,5,5,0,0,1,0,0,0,-1,0
M20_weight_visibility_grid,DAMIMAS_A21B_0677,train,DAMIMAS,True,0.0,0,2,2,5,5,2,2,5,5,0,0,0,0,0,0,0,0
M20_weight_visibility_grid,DAMIMAS_A21B_0678,test,DAMIMAS,True,0.0,0,1,4,4,2,1,4,4,2,0,0,0,0,0,0,0,0
M20_weight_visibility_grid,DAMIMAS_A21B_0679,train,DAMIMAS,True,0.5,2,0,4,7,3,0,5,8,3,0,1,1,0,0,1,1,0
M20_weight_visibility_grid,DAMIMAS_A21B_0680,train,DAMIMAS,True,0.0,0,0,3,11,3,0,3,11,3,0,0,0,0,0,0,0,0
M20_weight_visibility_grid,DAMIMAS_A21B_0681,train,DAMIMAS,True,0.25,1,2,1,10,4,2,1,10,3,0,0,0,1,0,0,0,-1
M20_weight_visibility_grid,DAMIMAS_A21B_0682,val,DAMIMAS,True,0.25,1,3,2,3,5,3,2,3,6,0,0,0,1,0,0,0,1
M20_weight_visibility_grid,DAMIMAS_A21B_0683,val,DAMIMAS,True,0.0,0,2,2,7,5,2,2,7,5,0,0,0,0,0,0,0,0
M20_weight_visibility_grid,DAMIMAS_A21B_0684,val,DAMIMAS,True,0.0,0,1,2,10,2,1,2,10,2,0,0,0,0,0,0,0,0
M20_weight_visibility_grid,DAMIMAS_A21B_0685,train,DAMIMAS,True,0.0,0,2,1,6,4,2,1,6,4,0,0,0,0,0,0,0,0
M20_weight_visibility_grid,DAMIMAS_A21B_0686,train,DAMIMAS,True,0.25,1,3,2,6,2,3,2,5,2,0,0,1,0,0,0,-1,0
M20_weight_visibility_grid,DAMIMAS_A21B_0687,test,DAMIMAS,True,0.5,2,0,3,7,3,0,3,6,2,0,0,1,1,0,0,-1,-1
M20_weight_visibility_grid,DAMIMAS_A21B_0688,train,DAMIMAS,True,0.25,1,2,1,8,4,2,1,8,3,0,0,0,1,0,0,0,-1
M20_weight_visibility_grid,DAMIMAS_A21B_0689,train,DAMIMAS,True,0.25,1,0,4,5,5,0,4,5,4,0,0,0,1,0,0,0,-1
M20_weight_visibility_grid,DAMIMAS_A21B_0690,train,DAMIMAS,True,0.0,0,1,1,2,4,1,1,2,4,0,0,0,0,0,0,0,0
M20_weight_visibility_grid,DAMIMAS_A21B_0691,train,DAMIMAS,True,0.25,1,0,2,7,3,0,2,7,2,0,0,0,1,0,0,0,-1
M20_weight_visibility_grid,DAMIMAS_A21B_0692,train,DAMIMAS,True,0.25,1,1,2,5,1,1,2,6,1,0,0,1,0,0,0,1,0
M20_weight_visibility_grid,DAMIMAS_A21B_0693,train,DAMIMAS,True,0.0,0,1,2,9,3,1,2,9,3,0,0,0,0,0,0,0,0
M20_weight_visibility_grid,DAMIMAS_A21B_0694,train,DAMIMAS,True,0.0,0,2,0,6,0,2,0,6,0,0,0,0,0,0,0,0,0
M20_weight_visibility_grid,DAMIMAS_A21B_0695,train,DAMIMAS,True,0.25,1,2,2,6,4,2,2,6,3,0,0,0,1,0,0,0,-1
M20_weight_visibility_grid,DAMIMAS_A21B_0696,train,DAMIMAS,True,0.25,1,0,1,7,3,0,1,8,3,0,0,1,0,0,0,1,0
M20_weight_visibility_grid,DAMIMAS_A21B_0697,val,DAMIMAS,True,0.25,1,1,1,7,3,1,1,8,3,0,0,1,0,0,0,1,0
M20_weight_visibility_grid,DAMIMAS_A21B_0698,train,DAMIMAS,True,0.5,2,3,0,5,4,3,0,6,3,0,0,1,1,0,0,1,-1
M20_weight_visibility_grid,DAMIMAS_A21B_0699,train,DAMIMAS,True,0.25,1,0,2,5,5,0,2,5,4,0,0,0,1,0,0,0,-1
M20_weight_visibility_grid,DAMIMAS_A21B_0700,train,DAMIMAS,True,0.0,0,3,2,3,3,3,2,3,3,0,0,0,0,0,0,0,0
M20_weight_visibility_grid,DAMIMAS_A21B_0701,train,DAMIMAS,True,0.0,0,1,2,9,2,1,2,9,2,0,0,0,0,0,0,0,0
M20_weight_visibility_grid,DAMIMAS_A21B_0702,train,DAMIMAS,False,0.5,2,1,0,5,2,1,0,7,2,0,0,2,0,0,0,2,0
M20_weight_visibility_grid,DAMIMAS_A21B_0703,val,DAMIMAS,True,0.0,0,2,2,8,1,2,2,8,1,0,0,0,0,0,0,0,0
M20_weight_visibility_grid,DAMIMAS_A21B_0704,train,DAMIMAS,True,0.25,1,0,3,6,4,0,3,7,4,0,0,1,0,0,0,1,0
M20_weight_visibility_grid,DAMIMAS_A21B_0705,train,DAMIMAS,True,0.0,0,2,2,7,3,2,2,7,3,0,0,0,0,0,0,0,0
M20_weight_visibility_grid,DAMIMAS_A21B_0706,test,DAMIMAS,True,0.25,1,3,0,5,4,3,0,6,4,0,0,1,0,0,0,1,0
M20_weight_visibility_grid,DAMIMAS_A21B_0707,train,DAMIMAS,True,0.25,1,0,2,10,2,0,2,11,2,0,0,1,0,0,0,1,0
M20_weight_visibility_grid,DAMIMAS_A21B_0708,val,DAMIMAS,True,0.5,2,1,2,7,4,2,2,8,4,1,0,1,0,1,0,1,0
M20_weight_visibility_grid,DAMIMAS_A21B_0709,train,DAMIMAS,True,0.0,0,3,2,6,4,3,2,6,4,0,0,0,0,0,0,0,0
M20_weight_visibility_grid,DAMIMAS_A21B_0710,train,DAMIMAS,True,0.5,2,3,2,5,2,3,3,6,2,0,1,1,0,0,1,1,0
M20_weight_visibility_grid,DAMIMAS_A21B_0711,train,DAMIMAS,True,0.5,2,2,2,6,2,2,3,5,2,0,1,1,0,0,1,-1,0
M20_weight_visibility_grid,DAMIMAS_A21B_0712,test,DAMIMAS,True,0.25,1,1,2,7,2,1,2,8,2,0,0,1,0,0,0,1,0
M20_weight_visibility_grid,DAMIMAS_A21B_0713,test,DAMIMAS,True,0.25,1,1,2,5,2,1,2,6,2,0,0,1,0,0,0,1,0
M20_weight_visibility_grid,DAMIMAS_A21B_0714,train,DAMIMAS,True,0.25,1,0,3,5,6,0,3,6,6,0,0,1,0,0,0,1,0
M20_weight_visibility_grid,DAMIMAS_A21B_0715,train,DAMIMAS,True,0.25,1,2,2,7,2,2,2,8,2,0,0,1,0,0,0,1,0
M20_weight_visibility_grid,DAMIMAS_A21B_0716,test,DAMIMAS,True,0.25,1,1,2,9,2,1,2,10,2,0,0,1,0,0,0,1,0
M20_weight_visibility_grid,DAMIMAS_A21B_0717,train,DAMIMAS,True,0.25,1,2,2,6,3,3,2,6,3,1,0,0,0,1,0,0,0
M20_weight_visibility_grid,DAMIMAS_A21B_0718,test,DAMIMAS,True,0.25,1,3,2,4,4,3,2,5,4,0,0,1,0,0,0,1,0
M20_weight_visibility_grid,DAMIMAS_A21B_0719,train,DAMIMAS,True,0.25,1,2,1,8,0,2,1,7,0,0,0,1,0,0,0,-1,0
M20_weight_visibility_grid,DAMIMAS_A21B_0720,train,DAMIMAS,True,0.25,1,3,0,9,1,4,0,9,1,1,0,0,0,1,0,0,0
M20_weight_visibility_grid,DAMIMAS_A21B_0721,train,DAMIMAS,True,0.25,1,2,2,9,2,2,2,10,2,0,0,1,0,0,0,1,0
M20_weight_visibility_grid,DAMIMAS_A21B_0722,train,DAMIMAS,True,0.25,1,1,2,7,2,1,2,6,2,0,0,1,0,0,0,-1,0
M20_weight_visibility_grid,DAMIMAS_A21B_0723,train,DAMIMAS,True,0.75,3,2,4,7,4,2,5,8,5,0,1,1,1,0,1,1,1
M20_weight_visibility_grid,DAMIMAS_A21B_0724,val,DAMIMAS,True,0.75,3,1,3,2,1,2,3,3,2,1,0,1,1,1,0,1,1
M20_weight_visibility_grid,DAMIMAS_A21B_0725,val,DAMIMAS,True,0.0,0,0,2,4,1,0,2,4,1,0,0,0,0,0,0,0,0
M20_weight_visibility_grid,DAMIMAS_A21B_0726,test,DAMIMAS,True,0.25,1,2,2,8,2,2,2,9,2,0,0,1,0,0,0,1,0
M20_weight_visibility_grid,DAMIMAS_A21B_0727,test,DAMIMAS,True,0.25,1,3,1,10,3,3,1,11,3,0,0,1,0,0,0,1,0
M20_weight_visibility_grid,DAMIMAS_A21B_0728,train,DAMIMAS,True,0.25,1,2,2,6,4,2,2,7,4,0,0,1,0,0,0,1,0
M20_weight_visibility_grid,DAMIMAS_A21B_0729,train,DAMIMAS,True,0.5,2,3,1,9,1,4,1,10,1,1,0,1,0,1,0,1,0
M20_weight_visibility_grid,DAMIMAS_A21B_0730,train,DAMIMAS,True,0.0,0,2,2,3,1,2,2,3,1,0,0,0,0,0,0,0,0
M20_weight_visibility_grid,DAMIMAS_A21B_0731,train,DAMIMAS,True,0.25,1,0,0,6,0,0,0,7,0,0,0,1,0,0,0,1,0
M20_weight_visibility_grid,DAMIMAS_A21B_0732,train,DAMIMAS,False,0.75,3,0,0,6,4,0,0,7,2,0,0,1,2,0,0,1,-2
M20_weight_visibility_grid,DAMIMAS_A21B_0733,test,DAMIMAS,True,0.25,1,0,0,6,4,0,0,7,4,0,0,1,0,0,0,1,0
M20_weight_visibility_grid,DAMIMAS_A21B_0734,train,DAMIMAS,True,0.0,0,1,1,5,2,1,1,5,2,0,0,0,0,0,0,0,0
M20_weight_visibility_grid,DAMIMAS_A21B_0735,train,DAMIMAS,True,0.25,1,0,0,8,1,0,0,9,1,0,0,1,0,0,0,1,0
M20_weight_visibility_grid,DAMIMAS_A21B_0736,train,DAMIMAS,True,0.0,0,0,1,8,2,0,1,8,2,0,0,0,0,0,0,0,0
M20_weight_visibility_grid,DAMIMAS_A21B_0737,test,DAMIMAS,False,0.5,2,0,0,5,2,0,0,7,2,0,0,2,0,0,0,2,0
M20_weight_visibility_grid,DAMIMAS_A21B_0738,train,DAMIMAS,True,0.25,1,0,0,9,1,0,0,8,1,0,0,1,0,0,0,-1,0
M20_weight_visibility_grid,DAMIMAS_A21B_0739,train,DAMIMAS,True,0.25,1,0,0,7,4,0,0,8,4,0,0,1,0,0,0,1,0
M20_weight_visibility_grid,DAMIMAS_A21B_0740,train,DAMIMAS,True,0.25,1,1,1,7,4,1,1,7,3,0,0,0,1,0,0,0,-1
M20_weight_visibility_grid,DAMIMAS_A21B_0741,train,DAMIMAS,True,0.5,2,1,2,6,3,1,3,7,3,0,1,1,0,0,1,1,0
M20_weight_visibility_grid,DAMIMAS_A21B_0742,test,DAMIMAS,True,0.25,1,1,1,2,0,1,1,3,0,0,0,1,0,0,0,1,0
M20_weight_visibility_grid,DAMIMAS_A21B_0743,val,DAMIMAS,True,0.25,1,0,0,4,5,0,0,4,4,0,0,0,1,0,0,0,-1
M20_weight_visibility_grid,DAMIMAS_A21B_0744,test,DAMIMAS,True,0.0,0,0,2,5,0,0,2,5,0,0,0,0,0,0,0,0,0
M20_weight_visibility_grid,DAMIMAS_A21B_0745,val,DAMIMAS,True,0.0,0,2,0,9,4,2,0,9,4,0,0,0,0,0,0,0,0
M20_weight_visibility_grid,DAMIMAS_A21B_0746,train,DAMIMAS,True,0.25,1,1,2,6,3,1,2,5,3,0,0,1,0,0,0,-1,0
M20_weight_visibility_grid,DAMIMAS_A21B_0747,train,DAMIMAS,True,0.75,3,0,3,8,4,0,4,9,5,0,1,1,1,0,1,1,1
M20_weight_visibility_grid,DAMIMAS_A21B_0748,test,DAMIMAS,True,0.25,1,2,0,8,3,2,0,8,2,0,0,0,1,0,0,0,-1
M20_weight_visibility_grid,DAMIMAS_A21B_0749,test,DAMIMAS,True,0.0,0,2,2,7,3,2,2,7,3,0,0,0,0,0,0,0,0
M20_weight_visibility_grid,DAMIMAS_A21B_0750,train,DAMIMAS,True,0.0,0,0,0,5,1,0,0,5,1,0,0,0,0,0,0,0,0
M20_weight_visibility_grid,DAMIMAS_A21B_0751,train,DAMIMAS,True,0.5,2,2,2,6,1,2,3,7,1,0,1,1,0,0,1,1,0
M20_weight_visibility_grid,DAMIMAS_A21B_0752,train,DAMIMAS,True,0.25,1,1,1,4,0,2,1,4,0,1,0,0,0,1,0,0,0
M20_weight_visibility_grid,DAMIMAS_A21B_0753,train,DAMIMAS,True,0.5,2,1,1,6,0,2,1,7,0,1,0,1,0,1,0,1,0
M20_weight_visibility_grid,DAMIMAS_A21B_0754,train,DAMIMAS,True,0.0,0,1,1,0,0,1,1,0,0,0,0,0,0,0,0,0,0
M20_weight_visibility_grid,DAMIMAS_A21B_0755,train,DAMIMAS,True,0.25,1,1,1,5,2,2,1,5,2,1,0,0,0,1,0,0,0
M20_weight_visibility_grid,DAMIMAS_A21B_0756,train,DAMIMAS,True,0.5,2,0,0,8,4,0,0,9,3,0,0,1,1,0,0,1,-1
M20_weight_visibility_grid,DAMIMAS_A21B_0757,train,DAMIMAS,True,0.25,1,0,1,10,0,0,1,11,0,0,0,1,0,0,0,1,0
M20_weight_visibility_grid,DAMIMAS_A21B_0758,train,DAMIMAS,True,0.25,1,1,3,0,2,1,3,0,1,0,0,0,1,0,0,0,-1
M20_weight_visibility_grid,DAMIMAS_A21B_0759,val,DAMIMAS,False,0.75,3,0,0,6,5,0,0,8,4,0,0,2,1,0,0,2,-1
M20_weight_visibility_grid,DAMIMAS_A21B_0760,test,DAMIMAS,True,0.25,1,0,0,5,3,0,0,6,3,0,0,1,0,0,0,1,0
M20_weight_visibility_grid,DAMIMAS_A21B_0761,train,DAMIMAS,True,0.0,0,1,2,7,3,1,2,7,3,0,0,0,0,0,0,0,0
M20_weight_visibility_grid,DAMIMAS_A21B_0762,val,DAMIMAS,True,0.0,0,0,1,4,0,0,1,4,0,0,0,0,0,0,0,0,0
M20_weight_visibility_grid,DAMIMAS_A21B_0763,train,DAMIMAS,True,0.25,1,0,0,1,0,0,0,2,0,0,0,1,0,0,0,1,0
M20_weight_visibility_grid,DAMIMAS_A21B_0764,train,DAMIMAS,True,0.0,0,0,1,4,2,0,1,4,2,0,0,0,0,0,0,0,0
M20_weight_visibility_grid,DAMIMAS_A21B_0765,train,DAMIMAS,True,0.25,1,2,1,4,2,2,1,5,2,0,0,1,0,0,0,1,0
M20_weight_visibility_grid,DAMIMAS_A21B_0766,train,DAMIMAS,True,0.0,0,1,1,3,2,1,1,3,2,0,0,0,0,0,0,0,0
M20_weight_visibility_grid,DAMIMAS_A21B_0767,train,DAMIMAS,True,0.25,1,1,2,4,1,2,2,4,1,1,0,0,0,1,0,0,0
M20_weight_visibility_grid,DAMIMAS_A21B_0768,train,DAMIMAS,True,0.25,1,2,1,5,0,3,1,5,0,1,0,0,0,1,0,0,0
M20_weight_visibility_grid,DAMIMAS_A21B_0769,train,DAMIMAS,True,0.25,1,0,1,10,4,0,1,10,3,0,0,0,1,0,0,0,-1
M20_weight_visibility_grid,DAMIMAS_A21B_0770,train,DAMIMAS,True,0.0,0,0,2,7,2,0,2,7,2,0,0,0,0,0,0,0,0
M20_weight_visibility_grid,DAMIMAS_A21B_0771,val,DAMIMAS,True,0.25,1,0,3,4,1,0,4,4,1,0,1,0,0,0,1,0,0
M20_weight_visibility_grid,DAMIMAS_A21B_0772,train,DAMIMAS,True,0.25,1,2,0,2,0,3,0,2,0,1,0,0,0,1,0,0,0
M20_weight_visibility_grid,DAMIMAS_A21B_0773,train,DAMIMAS,True,0.25,1,1,1,5,1,2,1,5,1,1,0,0,0,1,0,0,0
M20_weight_visibility_grid,DAMIMAS_A21B_0774,train,DAMIMAS,False,0.75,3,1,1,6,0,1,1,3,0,0,0,3,0,0,0,-3,0
M20_weight_visibility_grid,DAMIMAS_A21B_0775,val,DAMIMAS,True,0.25,1,0,2,7,0,0,3,7,0,0,1,0,0,0,1,0,0
M20_weight_visibility_grid,DAMIMAS_A21B_0776,val,DAMIMAS,True,0.25,1,1,1,4,2,1,2,4,2,0,1,0,0,0,1,0,0
M20_weight_visibility_grid,DAMIMAS_A21B_0777,train,DAMIMAS,True,0.25,1,2,0,3,3,3,0,3,3,1,0,0,0,1,0,0,0
M20_weight_visibility_grid,DAMIMAS_A21B_0778,test,DAMIMAS,False,0.75,3,0,0,5,3,0,0,3,2,0,0,2,1,0,0,-2,-1
M20_weight_visibility_grid,DAMIMAS_A21B_0779,train,DAMIMAS,True,0.5,2,1,1,4,0,2,2,4,0,1,1,0,0,1,1,0,0
M20_weight_visibility_grid,DAMIMAS_A21B_0780,train,DAMIMAS,True,0.25,1,0,0,1,4,0,0,1,3,0,0,0,1,0,0,0,-1
M20_weight_visibility_grid,DAMIMAS_A21B_0781,train,DAMIMAS,True,0.0,0,0,4,5,3,0,4,5,3,0,0,0,0,0,0,0,0
M20_weight_visibility_grid,DAMIMAS_A21B_0782,val,DAMIMAS,True,0.0,0,0,0,3,1,0,0,3,1,0,0,0,0,0,0,0,0
M20_weight_visibility_grid,DAMIMAS_A21B_0783,val,DAMIMAS,True,0.75,3,1,2,8,3,2,2,7,2,1,0,1,1,1,0,-1,-1
M20_weight_visibility_grid,DAMIMAS_A21B_0784,train,DAMIMAS,True,0.25,1,0,3,4,1,0,3,3,1,0,0,1,0,0,0,-1,0
M20_weight_visibility_grid,DAMIMAS_A21B_0785,train,DAMIMAS,True,0.25,1,0,2,4,0,0,2,5,0,0,0,1,0,0,0,1,0
M20_weight_visibility_grid,DAMIMAS_A21B_0786,val,DAMIMAS,True,0.0,0,1,1,1,0,1,1,1,0,0,0,0,0,0,0,0,0
M20_weight_visibility_grid,DAMIMAS_A21B_0787,val,DAMIMAS,True,0.0,0,0,3,4,0,0,3,4,0,0,0,0,0,0,0,0,0
M20_weight_visibility_grid,DAMIMAS_A21B_0788,train,DAMIMAS,True,0.25,1,0,1,7,3,0,1,8,3,0,0,1,0,0,0,1,0
M20_weight_visibility_grid,DAMIMAS_A21B_0789,train,DAMIMAS,True,0.5,2,2,5,4,5,2,4,4,4,0,1,0,1,0,-1,0,-1
M20_weight_visibility_grid,DAMIMAS_A21B_0790,train,DAMIMAS,True,0.0,0,2,0,6,0,2,0,6,0,0,0,0,0,0,0,0,0
M20_weight_visibility_grid,DAMIMAS_A21B_0791,test,DAMIMAS,True,0.0,0,0,1,4,0,0,1,4,0,0,0,0,0,0,0,0,0
M20_weight_visibility_grid,DAMIMAS_A21B_0792,train,DAMIMAS,True,0.5,2,0,3,7,2,0,3,8,1,0,0,1,1,0,0,1,-1
M20_weight_visibility_grid,DAMIMAS_A21B_0793,train,DAMIMAS,True,0.0,0,0,0,0,0,0,0,0,0,0,0,0,0,0,0,0,0
M20_weight_visibility_grid,DAMIMAS_A21B_0794,val,DAMIMAS,True,0.0,0,0,2,9,0,0,2,9,0,0,0,0,0,0,0,0,0
M20_weight_visibility_grid,DAMIMAS_A21B_0795,val,DAMIMAS,True,0.25,1,1,1,3,0,1,1,2,0,0,0,1,0,0,0,-1,0
M20_weight_visibility_grid,DAMIMAS_A21B_0796,val,DAMIMAS,True,0.25,1,0,0,5,1,0,0,6,1,0,0,1,0,0,0,1,0
M20_weight_visibility_grid,DAMIMAS_A21B_0797,train,DAMIMAS,True,0.0,0,1,4,2,0,1,4,2,0,0,0,0,0,0,0,0,0
M20_weight_visibility_grid,DAMIMAS_A21B_0798,train,DAMIMAS,True,0.25,1,1,2,4,0,1,3,4,0,0,1,0,0,0,1,0,0
M20_weight_visibility_grid,DAMIMAS_A21B_0799,train,DAMIMAS,True,0.0,0,0,0,5,3,0,0,5,3,0,0,0,0,0,0,0,0
M20_weight_visibility_grid,DAMIMAS_A21B_0800,train,DAMIMAS,True,0.5,2,0,2,5,3,0,3,4,3,0,1,1,0,0,1,-1,0
M20_weight_visibility_grid,DAMIMAS_A21B_0801,train,DAMIMAS,True,0.25,1,1,4,2,3,1,4,2,4,0,0,0,1,0,0,0,1
M20_weight_visibility_grid,DAMIMAS_A21B_0802,train,DAMIMAS,True,0.25,1,1,2,2,4,1,2,2,3,0,0,0,1,0,0,0,-1
M20_weight_visibility_grid,DAMIMAS_A21B_0803,train,DAMIMAS,True,0.25,1,1,1,8,4,1,1,7,4,0,0,1,0,0,0,-1,0
M20_weight_visibility_grid,DAMIMAS_A21B_0804,train,DAMIMAS,True,0.0,0,1,2,5,1,1,2,5,1,0,0,0,0,0,0,0,0
M20_weight_visibility_grid,DAMIMAS_A21B_0805,train,DAMIMAS,True,0.75,3,2,4,3,3,3,4,4,4,1,0,1,1,1,0,1,1
M20_weight_visibility_grid,DAMIMAS_A21B_0806,train,DAMIMAS,True,0.0,0,1,0,5,1,1,0,5,1,0,0,0,0,0,0,0,0
M20_weight_visibility_grid,DAMIMAS_A21B_0807,train,DAMIMAS,True,0.25,1,0,1,1,10,0,1,1,9,0,0,0,1,0,0,0,-1
M20_weight_visibility_grid,DAMIMAS_A21B_0808,train,DAMIMAS,True,0.5,2,2,1,3,4,3,2,3,4,1,1,0,0,1,1,0,0
M20_weight_visibility_grid,DAMIMAS_A21B_0809,val,DAMIMAS,True,0.5,2,2,2,6,2,3,2,7,2,1,0,1,0,1,0,1,0
M20_weight_visibility_grid,DAMIMAS_A21B_0810,val,DAMIMAS,False,3.0,12,1,1,8,4,2,3,16,5,1,2,8,1,1,2,8,1
M20_weight_visibility_grid,DAMIMAS_A21B_0811,train,DAMIMAS,False,2.25,9,2,1,14,0,5,2,19,0,3,1,5,0,3,1,5,0
M20_weight_visibility_grid,DAMIMAS_A21B_0812,val,DAMIMAS,False,3.0,12,2,4,5,0,7,7,9,0,5,3,4,0,5,3,4,0
M20_weight_visibility_grid,DAMIMAS_A21B_0813,test,DAMIMAS,False,1.25,5,1,0,6,3,2,0,9,2,1,0,3,1,1,0,3,-1
M20_weight_visibility_grid,DAMIMAS_A21B_0814,test,DAMIMAS,False,1.5,6,0,0,6,1,0,0,11,2,0,0,5,1,0,0,5,1
M20_weight_visibility_grid,DAMIMAS_A21B_0815,train,DAMIMAS,False,3.5,14,1,2,9,2,3,5,18,2,2,3,9,0,2,3,9,0
M20_weight_visibility_grid,DAMIMAS_A21B_0816,train,DAMIMAS,False,1.5,6,1,4,13,1,3,7,14,1,2,3,1,0,2,3,1,0
M20_weight_visibility_grid,DAMIMAS_A21B_0817,val,DAMIMAS,False,2.0,8,3,2,3,0,8,4,4,0,5,2,1,0,5,2,1,0
M20_weight_visibility_grid,DAMIMAS_A21B_0818,train,DAMIMAS,False,3.0,12,0,4,6,0,0,10,12,0,0,6,6,0,0,6,6,0
M20_weight_visibility_grid,DAMIMAS_A21B_0819,train,DAMIMAS,False,2.5,10,0,2,11,3,0,5,17,2,0,3,6,1,0,3,6,-1
M20_weight_visibility_grid,DAMIMAS_A21B_0820,train,DAMIMAS,False,4.0,16,0,2,8,0,0,7,19,0,0,5,11,0,0,5,11,0
M20_weight_visibility_grid,DAMIMAS_A21B_0821,val,DAMIMAS,False,1.0,4,2,2,4,1,5,3,4,1,3,1,0,0,3,1,0,0
M20_weight_visibility_grid,DAMIMAS_A21B_0822,test,DAMIMAS,False,2.25,9,1,1,10,0,2,2,17,0,1,1,7,0,1,1,7,0
M20_weight_visibility_grid,DAMIMAS_A21B_0823,train,DAMIMAS,False,4.25,17,2,1,9,2,4,3,20,4,2,2,11,2,2,2,11,2
M20_weight_visibility_grid,DAMIMAS_A21B_0824,val,DAMIMAS,False,3.0,12,2,5,3,0,5,12,5,0,3,7,2,0,3,7,2,0
M20_weight_visibility_grid,DAMIMAS_A21B_0825,val,DAMIMAS,False,1.5,6,2,0,7,3,4,0,10,2,2,0,3,1,2,0,3,-1
M20_weight_visibility_grid,DAMIMAS_A21B_0826,val,DAMIMAS,False,1.25,5,0,3,3,0,0,6,5,0,0,3,2,0,0,3,2,0
M20_weight_visibility_grid,DAMIMAS_A21B_0827,train,DAMIMAS,False,3.5,14,1,1,8,5,3,2,17,3,2,1,9,2,2,1,9,-2
M20_weight_visibility_grid,DAMIMAS_A21B_0828,train,DAMIMAS,False,2.75,11,2,6,8,0,3,12,12,0,1,6,4,0,1,6,4,0
M20_weight_visibility_grid,DAMIMAS_A21B_0829,val,DAMIMAS,False,1.75,7,2,1,6,2,4,3,9,2,2,2,3,0,2,2,3,0
M20_weight_visibility_grid,DAMIMAS_A21B_0830,train,DAMIMAS,False,2.0,8,3,2,6,0,7,4,8,0,4,2,2,0,4,2,2,0
M20_weight_visibility_grid,DAMIMAS_A21B_0831,train,DAMIMAS,False,3.75,15,1,2,7,3,2,5,16,5,1,3,9,2,1,3,9,2
M20_weight_visibility_grid,DAMIMAS_A21B_0832,train,DAMIMAS,False,2.75,11,0,4,5,1,0,9,10,2,0,5,5,1,0,5,5,1
M20_weight_visibility_grid,DAMIMAS_A21B_0833,train,DAMIMAS,False,1.25,5,2,1,4,0,5,1,6,0,3,0,2,0,3,0,2,0
M20_weight_visibility_grid,DAMIMAS_A21B_0834,train,DAMIMAS,False,2.5,10,1,6,5,3,2,10,8,5,1,4,3,2,1,4,3,2
M20_weight_visibility_grid,DAMIMAS_A21B_0835,train,DAMIMAS,False,1.5,6,0,0,15,4,0,0,20,3,0,0,5,1,0,0,5,-1
M20_weight_visibility_grid,DAMIMAS_A21B_0836,train,DAMIMAS,False,2.5,10,3,2,4,0,5,5,9,0,2,3,5,0,2,3,5,0
M20_weight_visibility_grid,DAMIMAS_A21B_0837,train,DAMIMAS,False,1.5,6,2,1,9,1,5,1,12,1,3,0,3,0,3,0,3,0
M20_weight_visibility_grid,DAMIMAS_A21B_0838,train,DAMIMAS,False,2.25,9,0,1,4,7,0,2,8,11,0,1,4,4,0,1,4,4
M20_weight_visibility_grid,DAMIMAS_A21B_0839,val,DAMIMAS,False,2.5,10,1,1,6,1,3,3,12,1,2,2,6,0,2,2,6,0
M20_weight_visibility_grid,DAMIMAS_A21B_0840,train,DAMIMAS,False,2.25,9,2,7,6,0,4,12,8,0,2,5,2,0,2,5,2,0
M20_weight_visibility_grid,DAMIMAS_A21B_0841,train,DAMIMAS,True,0.5,2,3,0,4,2,4,0,5,2,1,0,1,0,1,0,1,0
M20_weight_visibility_grid,DAMIMAS_A21B_0842,train,DAMIMAS,False,2.5,10,2,3,7,2,4,4,12,4,2,1,5,2,2,1,5,2
M20_weight_visibility_grid,DAMIMAS_A21B_0843,test,DAMIMAS,False,1.5,6,0,1,9,3,0,3,13,3,0,2,4,0,0,2,4,0
M20_weight_visibility_grid,DAMIMAS_A21B_0844,train,DAMIMAS,False,2.0,8,1,4,9,2,2,8,12,2,1,4,3,0,1,4,3,0
M20_weight_visibility_grid,DAMIMAS_A21B_0845,val,DAMIMAS,True,0.75,3,1,0,3,4,2,0,4,5,1,0,1,1,1,0,1,1
M20_weight_visibility_grid,DAMIMAS_A21B_0846,train,DAMIMAS,False,1.75,7,0,4,3,0,0,8,6,0,0,4,3,0,0,4,3,0
M20_weight_visibility_grid,DAMIMAS_A21B_0847,test,DAMIMAS,False,2.25,9,1,4,10,1,3,5,16,1,2,1,6,0,2,1,6,0
M20_weight_visibility_grid,DAMIMAS_A21B_0848,val,DAMIMAS,False,2.0,8,0,1,4,0,0,3,10,0,0,2,6,0,0,2,6,0
M20_weight_visibility_grid,DAMIMAS_A21B_0849,train,DAMIMAS,False,1.0,4,1,1,4,1,3,2,5,1,2,1,1,0,2,1,1,0
M20_weight_visibility_grid,DAMIMAS_A21B_0850,train,DAMIMAS,False,2.75,11,1,2,6,4,3,5,12,4,2,3,6,0,2,3,6,0
M20_weight_visibility_grid,DAMIMAS_A21B_0851,train,DAMIMAS,False,2.25,9,0,5,13,3,0,9,17,2,0,4,4,1,0,4,4,-1
M20_weight_visibility_grid,DAMIMAS_A21B_0852,train,DAMIMAS,False,0.5,2,2,3,0,0,2,5,0,0,0,2,0,0,0,2,0,0
M20_weight_visibility_grid,DAMIMAS_A21B_0853,train,DAMIMAS,False,1.0,4,2,2,8,1,4,3,9,1,2,1,1,0,2,1,1,0
M20_weight_visibility_grid,DAMIMAS_A21B_0854,train,DAMIMAS,False,2.0,8,3,3,5,4,6,5,8,4,3,2,3,0,3,2,3,0
M20_weight_visibility_grid,LONSUM_A21A_0001,train,LONSUM,False,0.5,2,0,0,5,0,0,0,7,0,0,0,2,0,0,0,2,0
M20_weight_visibility_grid,LONSUM_A21A_0002,test,LONSUM,True,0.25,1,0,4,2,0,0,5,2,0,0,1,0,0,0,1,0,0
M20_weight_visibility_grid,LONSUM_A21A_0003,val,LONSUM,False,0.5,2,0,0,4,6,0,0,4,4,0,0,0,2,0,0,0,-2
M20_weight_visibility_grid,LONSUM_A21A_0004,train,LONSUM,True,0.0,0,0,4,6,0,0,4,6,0,0,0,0,0,0,0,0,0
M20_weight_visibility_grid,LONSUM_A21A_0005,train,LONSUM,True,0.25,1,0,0,5,2,0,0,5,1,0,0,0,1,0,0,0,-1
M20_weight_visibility_grid,LONSUM_A21A_0006,train,LONSUM,True,0.0,0,1,2,2,2,1,2,2,2,0,0,0,0,0,0,0,0
M20_weight_visibility_grid,LONSUM_A21A_0007,test,LONSUM,True,0.25,1,0,0,7,0,0,0,8,0,0,0,1,0,0,0,1,0
M20_weight_visibility_grid,LONSUM_A21A_0008,val,LONSUM,True,0.0,0,0,0,2,0,0,0,2,0,0,0,0,0,0,0,0,0
M20_weight_visibility_grid,LONSUM_A21A_0009,train,LONSUM,True,0.25,1,1,1,3,3,1,1,3,2,0,0,0,1,0,0,0,-1
M20_weight_visibility_grid,LONSUM_A21A_0010,train,LONSUM,True,0.25,1,0,4,3,1,0,4,4,1,0,0,1,0,0,0,1,0
M20_weight_visibility_grid,LONSUM_A21A_0011,train,LONSUM,True,0.25,1,0,1,10,1,0,1,9,1,0,0,1,0,0,0,-1,0
M20_weight_visibility_grid,LONSUM_A21A_0012,train,LONSUM,True,0.25,1,0,2,2,1,0,3,2,1,0,1,0,0,0,1,0,0
M20_weight_visibility_grid,LONSUM_A21A_0013,train,LONSUM,True,0.0,0,0,0,3,0,0,0,3,0,0,0,0,0,0,0,0,0
M20_weight_visibility_grid,LONSUM_A21A_0014,train,LONSUM,True,0.0,0,0,0,4,1,0,0,4,1,0,0,0,0,0,0,0,0
M20_weight_visibility_grid,LONSUM_A21A_0015,train,LONSUM,True,0.5,2,0,0,6,3,0,0,7,2,0,0,1,1,0,0,1,-1
M20_weight_visibility_grid,LONSUM_A21A_0016,val,LONSUM,True,0.0,0,0,0,2,0,0,0,2,0,0,0,0,0,0,0,0,0
M20_weight_visibility_grid,LONSUM_A21A_0017,train,LONSUM,True,0.25,1,0,0,2,0,0,0,3,0,0,0,1,0,0,0,1,0
M20_weight_visibility_grid,LONSUM_A21A_0018,val,LONSUM,True,0.25,1,0,2,3,1,0,3,3,1,0,1,0,0,0,1,0,0
M20_weight_visibility_grid,LONSUM_A21A_0019,train,LONSUM,True,0.0,0,0,1,7,1,0,1,7,1,0,0,0,0,0,0,0,0
M20_weight_visibility_grid,LONSUM_A21A_0020,train,LONSUM,True,0.25,1,0,1,3,0,0,2,3,0,0,1,0,0,0,1,0,0
M20_weight_visibility_grid,LONSUM_A21A_0021,val,LONSUM,True,0.25,1,0,1,5,1,0,2,5,1,0,1,0,0,0,1,0,0
M20_weight_visibility_grid,LONSUM_A21A_0022,train,LONSUM,True,0.25,1,0,3,2,0,0,3,1,0,0,0,1,0,0,0,-1,0
M20_weight_visibility_grid,LONSUM_A21A_0023,train,LONSUM,True,0.25,1,0,0,8,0,0,0,9,0,0,0,1,0,0,0,1,0
M20_weight_visibility_grid,LONSUM_A21A_0024,train,LONSUM,True,0.25,1,0,0,1,1,0,0,2,1,0,0,1,0,0,0,1,0
M20_weight_visibility_grid,LONSUM_A21A_0025,train,LONSUM,True,0.5,2,0,0,4,1,0,0,5,2,0,0,1,1,0,0,1,1
M20_weight_visibility_grid,LONSUM_A21A_0026,test,LONSUM,True,0.75,3,0,1,3,1,0,2,2,2,0,1,1,1,0,1,-1,1
M20_weight_visibility_grid,LONSUM_A21A_0027,train,LONSUM,True,0.5,2,0,0,5,4,0,0,6,5,0,0,1,1,0,0,1,1
M20_weight_visibility_grid,LONSUM_A21A_0028,test,LONSUM,True,0.0,0,0,1,8,1,0,1,8,1,0,0,0,0,0,0,0,0
M20_weight_visibility_grid,LONSUM_A21A_0029,train,LONSUM,True,0.25,1,0,2,6,2,0,2,5,2,0,0,1,0,0,0,-1,0
M20_weight_visibility_grid,LONSUM_A21A_0030,train,LONSUM,True,0.25,1,0,1,0,0,0,2,0,0,0,1,0,0,0,1,0,0
M20_weight_visibility_grid,LONSUM_A21A_0031,train,LONSUM,True,0.5,2,0,1,6,0,0,2,7,0,0,1,1,0,0,1,1,0
M20_weight_visibility_grid,LONSUM_A21A_0032,train,LONSUM,True,0.0,0,0,0,1,0,0,0,1,0,0,0,0,0,0,0,0,0
M20_weight_visibility_grid,LONSUM_A21A_0033,train,LONSUM,True,0.25,1,0,0,3,1,0,0,4,1,0,0,1,0,0,0,1,0
M20_weight_visibility_grid,LONSUM_A21A_0034,train,LONSUM,True,0.0,0,1,1,5,2,1,1,5,2,0,0,0,0,0,0,0,0
M20_weight_visibility_grid,LONSUM_A21A_0035,train,LONSUM,True,0.25,1,0,0,6,1,0,0,7,1,0,0,1,0,0,0,1,0
M20_weight_visibility_grid,LONSUM_A21A_0036,train,LONSUM,True,0.25,1,0,1,6,0,0,2,6,0,0,1,0,0,0,1,0,0
M20_weight_visibility_grid,LONSUM_A21A_0037,train,LONSUM,True,0.25,1,0,0,0,2,0,0,0,3,0,0,0,1,0,0,0,1
M20_weight_visibility_grid,LONSUM_A21A_0038,val,LONSUM,True,0.5,2,0,2,1,4,0,2,2,5,0,0,1,1,0,0,1,1
M20_weight_visibility_grid,LONSUM_A21A_0039,train,LONSUM,True,0.25,1,0,0,7,0,0,0,6,0,0,0,1,0,0,0,-1,0
M20_weight_visibility_grid,LONSUM_A21A_0040,train,LONSUM,True,0.25,1,0,0,4,0,0,0,5,0,0,0,1,0,0,0,1,0
M20_weight_visibility_grid,LONSUM_A21A_0041,train,LONSUM,True,0.0,0,0,0,3,0,0,0,3,0,0,0,0,0,0,0,0,0
M20_weight_visibility_grid,LONSUM_A21A_0042,train,LONSUM,True,0.25,1,0,0,1,1,0,0,2,1,0,0,1,0,0,0,1,0
M20_weight_visibility_grid,LONSUM_A21A_0043,train,LONSUM,True,0.0,0,0,0,4,1,0,0,4,1,0,0,0,0,0,0,0,0
M20_weight_visibility_grid,LONSUM_A21A_0044,train,LONSUM,True,0.25,1,0,1,8,0,0,1,7,0,0,0,1,0,0,0,-1,0
M20_weight_visibility_grid,LONSUM_A21A_0045,train,LONSUM,True,0.75,3,1,1,4,0,2,2,3,0,1,1,1,0,1,1,-1,0
M20_weight_visibility_grid,LONSUM_A21A_0046,val,LONSUM,True,0.25,1,0,0,1,1,0,0,2,1,0,0,1,0,0,0,1,0
M20_weight_visibility_grid,LONSUM_A21A_0047,train,LONSUM,True,0.25,1,0,0,5,3,0,0,5,2,0,0,0,1,0,0,0,-1
M20_weight_visibility_grid,LONSUM_A21A_0048,train,LONSUM,True,0.5,2,0,2,4,0,0,3,5,0,0,1,1,0,0,1,1,0
M20_weight_visibility_grid,LONSUM_A21A_0049,test,LONSUM,True,0.5,2,0,0,1,1,0,0,2,2,0,0,1,1,0,0,1,1
M20_weight_visibility_grid,LONSUM_A21A_0050,train,LONSUM,True,0.25,1,0,4,3,2,0,4,4,2,0,0,1,0,0,0,1,0
M20_weight_visibility_grid,LONSUM_A21A_0051,test,LONSUM,True,0.25,1,0,0,6,0,0,0,7,0,0,0,1,0,0,0,1,0
M20_weight_visibility_grid,LONSUM_A21A_0052,train,LONSUM,True,0.0,0,0,0,4,0,0,0,4,0,0,0,0,0,0,0,0,0
M20_weight_visibility_grid,LONSUM_A21A_0053,test,LONSUM,True,0.25,1,1,1,3,1,1,1,4,1,0,0,1,0,0,0,1,0
M20_weight_visibility_grid,LONSUM_A21A_0054,val,LONSUM,True,0.5,2,0,3,3,1,0,4,4,1,0,1,1,0,0,1,1,0
M20_weight_visibility_grid,LONSUM_A21A_0055,test,LONSUM,True,0.25,1,0,0,6,1,0,0,5,1,0,0,1,0,0,0,-1,0
M20_weight_visibility_grid,LONSUM_A21A_0056,train,LONSUM,True,0.0,0,0,0,7,0,0,0,7,0,0,0,0,0,0,0,0,0
M20_weight_visibility_grid,LONSUM_A21A_0057,train,LONSUM,True,0.25,1,0,0,2,1,0,0,1,1,0,0,1,0,0,0,-1,0
M20_weight_visibility_grid,LONSUM_A21A_0058,train,LONSUM,True,0.25,1,0,3,4,4,0,3,4,3,0,0,0,1,0,0,0,-1
M20_weight_visibility_grid,LONSUM_A21A_0059,train,LONSUM,True,0.25,1,0,0,9,2,0,0,8,2,0,0,1,0,0,0,-1,0
M20_weight_visibility_grid,LONSUM_A21A_0060,train,LONSUM,True,0.5,2,0,1,4,0,0,2,5,0,0,1,1,0,0,1,1,0
M20_weight_visibility_grid,LONSUM_A21A_0061,val,LONSUM,True,0.5,2,1,0,5,0,2,0,4,0,1,0,1,0,1,0,-1,0
M20_weight_visibility_grid,LONSUM_A21A_0062,val,LONSUM,True,0.5,2,0,3,4,2,0,3,3,1,0,0,1,1,0,0,-1,-1
M20_weight_visibility_grid,LONSUM_A21A_0063,train,LONSUM,True,0.5,2,0,1,6,4,0,1,7,3,0,0,1,1,0,0,1,-1
M20_weight_visibility_grid,LONSUM_A21A_0064,train,LONSUM,True,0.25,1,1,0,4,0,1,0,3,0,0,0,1,0,0,0,-1,0
M20_weight_visibility_grid,LONSUM_A21A_0065,train,LONSUM,True,0.25,1,0,0,5,3,0,0,5,2,0,0,0,1,0,0,0,-1
M20_weight_visibility_grid,LONSUM_A21A_0066,train,LONSUM,True,0.75,3,0,2,3,3,0,1,4,2,0,1,1,1,0,-1,1,-1
M20_weight_visibility_grid,LONSUM_A21A_0067,test,LONSUM,True,0.0,0,0,3,6,1,0,3,6,1,0,0,0,0,0,0,0,0
M20_weight_visibility_grid,LONSUM_A21A_0068,train,LONSUM,True,0.0,0,0,2,7,0,0,2,7,0,0,0,0,0,0,0,0,0
M20_weight_visibility_grid,LONSUM_A21A_0069,train,LONSUM,True,0.25,1,0,0,1,3,0,0,1,2,0,0,0,1,0,0,0,-1
M20_weight_visibility_grid,LONSUM_A21A_0070,train,LONSUM,True,0.0,0,0,3,3,1,0,3,3,1,0,0,0,0,0,0,0,0
M20_weight_visibility_grid,LONSUM_A21A_0071,train,LONSUM,True,0.25,1,0,1,3,0,0,1,4,0,0,0,1,0,0,0,1,0
M20_weight_visibility_grid,LONSUM_A21A_0072,train,LONSUM,True,0.0,0,0,0,1,0,0,0,1,0,0,0,0,0,0,0,0,0
M20_weight_visibility_grid,LONSUM_A21A_0073,train,LONSUM,True,0.0,0,0,0,1,1,0,0,1,1,0,0,0,0,0,0,0,0
M20_weight_visibility_grid,LONSUM_A21A_0074,train,LONSUM,True,0.25,1,0,0,3,1,0,0,4,1,0,0,1,0,0,0,1,0
M20_weight_visibility_grid,LONSUM_A21A_0075,train,LONSUM,True,0.25,1,0,0,6,1,0,0,5,1,0,0,1,0,0,0,-1,0
M20_weight_visibility_grid,LONSUM_A21A_0076,val,LONSUM,True,0.25,1,0,1,4,0,0,1,5,0,0,0,1,0,0,0,1,0
M20_weight_visibility_grid,LONSUM_A21A_0077,train,LONSUM,True,0.25,1,0,0,2,3,0,0,2,2,0,0,0,1,0,0,0,-1
M20_weight_visibility_grid,LONSUM_A21A_0078,val,LONSUM,True,0.25,1,0,3,5,2,0,3,4,2,0,0,1,0,0,0,-1,0
M20_weight_visibility_grid,LONSUM_A21A_0079,train,LONSUM,True,0.25,1,0,0,5,0,0,0,4,0,0,0,1,0,0,0,-1,0
M20_weight_visibility_grid,LONSUM_A21A_0080,train,LONSUM,True,0.0,0,0,0,3,0,0,0,3,0,0,0,0,0,0,0,0,0
M20_weight_visibility_grid,LONSUM_A21A_0081,train,LONSUM,True,0.5,2,0,0,2,2,0,0,3,1,0,0,1,1,0,0,1,-1
M20_weight_visibility_grid,LONSUM_A21A_0082,train,LONSUM,True,0.25,1,0,0,2,1,0,0,3,1,0,0,1,0,0,0,1,0
M20_weight_visibility_grid,LONSUM_A21A_0083,train,LONSUM,True,0.25,1,0,0,9,0,0,0,8,0,0,0,1,0,0,0,-1,0
M20_weight_visibility_grid,LONSUM_A21A_0084,test,LONSUM,True,0.25,1,0,0,3,0,0,0,2,0,0,0,1,0,0,0,-1,0
M20_weight_visibility_grid,LONSUM_A21A_0085,train,LONSUM,True,0.0,0,0,0,1,1,0,0,1,1,0,0,0,0,0,0,0,0
M20_weight_visibility_grid,LONSUM_A21A_0086,test,LONSUM,True,0.25,1,0,1,4,2,0,1,4,1,0,0,0,1,0,0,0,-1
M20_weight_visibility_grid,LONSUM_A21A_0087,test,LONSUM,True,0.25,1,0,0,5,0,0,0,4,0,0,0,1,0,0,0,-1,0
M20_weight_visibility_grid,LONSUM_A21A_0088,train,LONSUM,True,0.25,1,0,4,7,0,0,4,6,0,0,0,1,0,0,0,-1,0
M20_weight_visibility_grid,LONSUM_A21A_0089,test,LONSUM,True,0.0,0,0,0,0,0,0,0,0,0,0,0,0,0,0,0,0,0
M20_weight_visibility_grid,LONSUM_A21A_0090,train,LONSUM,True,0.25,1,0,0,3,2,0,0,4,2,0,0,1,0,0,0,1,0
M20_weight_visibility_grid,LONSUM_A21A_0091,val,LONSUM,False,0.5,2,0,0,10,1,0,0,8,1,0,0,2,0,0,0,-2,0
M20_weight_visibility_grid,LONSUM_A21A_0092,train,LONSUM,False,0.5,2,0,0,8,0,0,0,6,0,0,0,2,0,0,0,-2,0
M20_weight_visibility_grid,LONSUM_A21A_0093,val,LONSUM,True,0.0,0,0,0,4,0,0,0,4,0,0,0,0,0,0,0,0,0
M20_weight_visibility_grid,LONSUM_A21A_0094,test,LONSUM,True,0.0,0,1,1,4,1,1,1,4,1,0,0,0,0,0,0,0,0
M20_weight_visibility_grid,LONSUM_A21A_0095,train,LONSUM,True,0.25,1,0,0,5,2,0,0,5,1,0,0,0,1,0,0,0,-1
M20_weight_visibility_grid,LONSUM_A21A_0096,train,LONSUM,False,0.5,2,0,0,6,0,0,0,4,0,0,0,2,0,0,0,-2,0
M20_weight_visibility_grid,LONSUM_A21A_0097,val,LONSUM,True,0.0,0,0,0,1,2,0,0,1,2,0,0,0,0,0,0,0,0
M20_weight_visibility_grid,LONSUM_A21A_0098,train,LONSUM,True,0.25,1,0,2,1,1,0,2,2,1,0,0,1,0,0,0,1,0
M20_weight_visibility_grid,LONSUM_A21A_0099,test,LONSUM,False,0.5,2,0,0,9,1,0,0,7,1,0,0,2,0,0,0,-2,0
