tree_id,split,varietas,num_sides,total_unique_bunches,B1,B2,B3,B4,total_detections,duplicates_linked
DAMIMAS_A21B_0001,train,DAMIMAS,4,8,1,2,5,0,17,9
DAMIMAS_A21B_0002,train,DAMIMAS,4,12,1,0,7,4,25,13
DAMIMAS_A21B_0003,train,DAMIMAS,4,9,1,2,5,1,20,11
DAMIMAS_A21B_0004,train,DAMIMAS,4,8,0,0,8,0,15,7
DAMIMAS_A21B_0005,test,DAMIMAS,4,9,1,3,3,2,16,7
DAMIMAS_A21B_0006,train,DAMIMAS,4,9,1,0,5,3,16,7
DAMIMAS_A21B_0007,train,DAMIMAS,4,17,3,3,8,3,29,12
DAMIMAS_A21B_0008,train,DAMIMAS,4,9,2,3,4,0,18,9
DAMIMAS_A21B_0009,train,DAMIMAS,4,6,0,0,3,3,10,4
DAMIMAS_A21B_0010,train,DAMIMAS,4,11,0,2,6,3,22,11
DAMIMAS_A21B_0011,train,DAMIMAS,4,6,1,0,4,1,13,7
DAMIMAS_A21B_0012,test,DAMIMAS,4,9,1,2,4,2,16,7
DAMIMAS_A21B_0013,val,DAMIMAS,4,9,0,1,4,4,17,8
DAMIMAS_A21B_0014,test,DAMIMAS,4,9,1,1,4,3,18,9
DAMIMAS_A21B_0015,test,DAMIMAS,4,13,1,1,7,4,26,13
DAMIMAS_A21B_0016,train,DAMIMAS,4,5,1,0,4,0,8,3
DAMIMAS_A21B_0017,train,DAMIMAS,4,8,0,1,3,4,17,9
DAMIMAS_A21B_0018,train,DAMIMAS,4,5,1,0,3,1,11,6
DAMIMAS_A21B_0019,train,DAMIMAS,4,13,2,0,8,3,25,12
DAMIMAS_A21B_0020,train,DAMIMAS,4,9,1,1,4,3,16,7
DAMIMAS_A21B_0021,test,DAMIMAS,4,12,3,0,5,4,21,9
DAMIMAS_A21B_0022,test,DAMIMAS,4,8,0,1,5,2,16,8
DAMIMAS_A21B_0023,train,DAMIMAS,4,9,1,3,5,0,16,7
DAMIMAS_A21B_0024,train,DAMIMAS,4,10,1,0,6,3,20,10
DAMIMAS_A21B_0025,train,DAMIMAS,4,7,1,1,5,0,12,5
DAMIMAS_A21B_0026,val,DAMIMAS,4,7,0,1,4,2,13,6
DAMIMAS_A21B_0027,train,DAMIMAS,4,11,3,0,6,2,21,10
DAMIMAS_A21B_0028,val,DAMIMAS,4,12,0,1,5,6,21,9
DAMIMAS_A21B_0029,train,DAMIMAS,4,10,1,2,5,2,23,13
DAMIMAS_A21B_0030,train,DAMIMAS,4,8,0,0,5,3,13,5
DAMIMAS_A21B_0031,train,DAMIMAS,4,7,0,1,4,2,13,6
DAMIMAS_A21B_0032,train,DAMIMAS,4,11,2,1,5,3,22,11
DAMIMAS_A21B_0033,train,DAMIMAS,4,10,0,0,8,2,18,8
DAMIMAS_A21B_0034,train,DAMIMAS,4,10,0,1,3,6,16,6
DAMIMAS_A21B_0035,train,DAMIMAS,4,9,0,7,2,0,13,4
DAMIMAS_A21B_0036,train,DAMIMAS,4,8,0,1,7,0,15,7
DAMIMAS_A21B_0037,val,DAMIMAS,4,11,0,3,5,3,21,10
DAMIMAS_A21B_0038,val,DAMIMAS,4,12,2,0,5,5,21,9
DAMIMAS_A21B_0039,test,DAMIMAS,4,9,2,5,2,0,15,6
DAMIMAS_A21B_0040,train,DAMIMAS,4,11,2,2,4,3,21,10
DAMIMAS_A21B_0041,test,DAMIMAS,4,14,2,3,6,3,23,9
DAMIMAS_A21B_0042,train,DAMIMAS,4,8,2,1,4,1,15,7
DAMIMAS_A21B_0043,train,DAMIMAS,4,11,2,3,6,0,23,12
DAMIMAS_A21B_0044,test,DAMIMAS,4,8,2,1,4,1,16,8
DAMIMAS_A21B_0045,train,DAMIMAS,4,15,1,0,10,4,29,14
DAMIMAS_A21B_0046,test,DAMIMAS,4,6,0,0,3,3,14,8
DAMIMAS_A21B_0047,val,DAMIMAS,4,6,0,1,4,1,13,7
DAMIMAS_A21B_0048,val,DAMIMAS,4,10,0,1,6,3,18,8
DAMIMAS_A21B_0049,train,DAMIMAS,4,8,0,0,5,3,13,5
DAMIMAS_A21B_0050,train,DAMIMAS,4,7,2,0,3,2,15,8
DAMIMAS_A21B_0051,train,DAMIMAS,4,14,0,1,9,4,25,11
DAMIMAS_A21B_0052,train,DAMIMAS,4,15,2,3,9,1,25,10
DAMIMAS_A21B_0053,train,DAMIMAS,4,9,0,2,5,2,15,6
DAMIMAS_A21B_0054,test,DAMIMAS,4,11,0,2,5,4,20,9
DAMIMAS_A21B_0055,train,DAMIMAS,4,13,1,3,7,2,22,9
DAMIMAS_A21B_0056,train,DAMIMAS,4,8,1,1,4,2,15,7
DAMIMAS_A21B_0057,train,DAMIMAS,4,13,2,1,6,4,24,11
DAMIMAS_A21B_0058,train,DAMIMAS,4,7,1,1,3,2,16,9
DAMIMAS_A21B_0059,test,DAMIMAS,4,4,1,1,2,0,10,6
DAMIMAS_A21B_0060,val,DAMIMAS,4,7,0,1,5,1,16,9
DAMIMAS_A21B_0061,train,DAMIMAS,4,10,1,0,8,1,21,11
DAMIMAS_A21B_0062,train,DAMIMAS,4,7,0,2,3,2,16,9
DAMIMAS_A21B_0063,val,DAMIMAS,4,8,2,1,5,0,16,8
DAMIMAS_A21B_0064,train,DAMIMAS,4,6,0,1,5,0,13,7
DAMIMAS_A21B_0065,train,DAMIMAS,4,12,2,1,6,3,25,13
DAMIMAS_A21B_0066,train,DAMIMAS,4,14,2,2,5,5,27,13
DAMIMAS_A21B_0067,train,DAMIMAS,4,12,3,1,7,1,25,13
DAMIMAS_A21B_0068,train,DAMIMAS,4,10,1,4,3,2,18,8
DAMIMAS_A21B_0069,train,DAMIMAS,4,10,1,1,7,1,19,9
DAMIMAS_A21B_0070,train,DAMIMAS,4,8,0,0,5,3,17,9
DAMIMAS_A21B_0071,train,DAMIMAS,4,8,1,1,6,0,18,10
DAMIMAS_A21B_0072,train,DAMIMAS,4,11,1,3,6,1,22,11
DAMIMAS_A21B_0073,test,DAMIMAS,4,11,0,1,0,10,17,6
DAMIMAS_A21B_0074,train,DAMIMAS,4,4,0,0,2,2,4,0
DAMIMAS_A21B_0075,train,DAMIMAS,4,17,1,2,11,3,31,14
DAMIMAS_A21B_0076,test,DAMIMAS,4,11,2,2,3,4,22,11
DAMIMAS_A21B_0077,train,DAMIMAS,4,9,2,0,7,0,17,8
DAMIMAS_A21B_0078,train,DAMIMAS,4,11,1,2,6,2,21,10
DAMIMAS_A21B_0079,train,DAMIMAS,4,13,0,4,9,0,26,13
DAMIMAS_A21B_0080,train,DAMIMAS,4,11,1,2,3,5,20,9
DAMIMAS_A21B_0081,train,DAMIMAS,4,13,2,2,5,4,22,9
DAMIMAS_A21B_0082,train,DAMIMAS,4,7,0,3,3,1,13,6
DAMIMAS_A21B_0083,train,DAMIMAS,4,11,0,3,8,0,21,10
DAMIMAS_A21B_0084,train,DAMIMAS,4,5,0,0,5,0,11,6
DAMIMAS_A21B_0085,train,DAMIMAS,4,14,0,2,9,3,28,14
DAMIMAS_A21B_0086,train,DAMIMAS,4,9,1,1,6,1,19,10
DAMIMAS_A21B_0087,train,DAMIMAS,4,12,1,2,8,1,24,12
DAMIMAS_A21B_0088,test,DAMIMAS,4,10,0,4,5,1,20,10
DAMIMAS_A21B_0089,test,DAMIMAS,4,11,0,1,7,3,23,12
DAMIMAS_A21B_0090,train,DAMIMAS,4,4,0,1,2,1,10,6
DAMIMAS_A21B_0091,train,DAMIMAS,4,10,0,3,7,0,20,10
DAMIMAS_A21B_0092,test,DAMIMAS,4,12,0,4,5,3,22,10
DAMIMAS_A21B_0093,train,DAMIMAS,4,9,0,0,7,2,18,9
DAMIMAS_A21B_0094,test,DAMIMAS,4,15,1,0,7,7,27,12
DAMIMAS_A21B_0095,train,DAMIMAS,4,8,1,4,3,0,15,7
DAMIMAS_A21B_0096,test,DAMIMAS,4,10,2,0,2,6,18,8
DAMIMAS_A21B_0097,train,DAMIMAS,4,12,1,2,6,3,22,10
DAMIMAS_A21B_0098,train,DAMIMAS,4,10,0,1,4,5,19,9
DAMIMAS_A21B_0099,train,DAMIMAS,4,12,2,4,5,1,24,12
DAMIMAS_A21B_0100,val,DAMIMAS,4,15,1,2,5,7,27,12
DAMIMAS_A21B_0101,train,DAMIMAS,4,7,1,3,3,0,15,8
DAMIMAS_A21B_0102,train,DAMIMAS,4,8,0,0,7,1,18,10
DAMIMAS_A21B_0103,val,DAMIMAS,4,17,1,5,11,0,29,12
DAMIMAS_A21B_0104,train,DAMIMAS,4,15,2,3,5,5,27,12
DAMIMAS_A21B_0105,train,DAMIMAS,4,13,2,2,8,1,21,8
DAMIMAS_A21B_0106,test,DAMIMAS,4,11,2,0,5,4,21,10
DAMIMAS_A21B_0107,val,DAMIMAS,4,19,3,4,10,2,31,12
DAMIMAS_A21B_0108,train,DAMIMAS,4,9,1,3,4,1,17,8
DAMIMAS_A21B_0109,train,DAMIMAS,4,11,1,2,5,3,20,9
DAMIMAS_A21B_0110,train,DAMIMAS,4,4,0,0,2,2,8,4
DAMIMAS_A21B_0111,train,DAMIMAS,4,12,0,1,8,3,24,12
DAMIMAS_A21B_0112,train,DAMIMAS,4,6,0,2,4,0,12,6
DAMIMAS_A21B_0113,train,DAMIMAS,4,8,0,1,6,1,15,7
DAMIMAS_A21B_0114,train,DAMIMAS,4,4,0,1,3,0,9,5
DAMIMAS_A21B_0115,train,DAMIMAS,4,3,0,1,2,0,5,2
DAMIMAS_A21B_0116,val,DAMIMAS,4,12,0,2,5,5,25,13
DAMIMAS_A21B_0117,val,DAMIMAS,4,4,0,0,3,1,8,4
DAMIMAS_A21B_0118,train,DAMIMAS,4,11,1,1,2,7,20,9
DAMIMAS_A21B_0119,train,DAMIMAS,4,8,2,4,2,0,19,11
DAMIMAS_A21B_0120,train,DAMIMAS,4,5,1,0,1,3,9,4
DAMIMAS_A21B_0121,train,DAMIMAS,4,10,0,3,5,2,21,11
DAMIMAS_A21B_0122,train,DAMIMAS,4,8,1,1,1,5,13,5
DAMIMAS_A21B_0123,train,DAMIMAS,4,9,0,6,3,0,17,8
DAMIMAS_A21B_0124,train,DAMIMAS,4,9,0,1,6,2,20,11
DAMIMAS_A21B_0125,train,DAMIMAS,4,9,1,2,5,1,20,11
DAMIMAS_A21B_0126,train,DAMIMAS,4,10,2,0,4,4,22,12
DAMIMAS_A21B_0127,train,DAMIMAS,4,12,0,2,5,5,23,11
DAMIMAS_A21B_0128,train,DAMIMAS,4,8,0,1,4,3,17,9
DAMIMAS_A21B_0129,train,DAMIMAS,4,5,0,0,4,1,10,5
DAMIMAS_A21B_0130,train,DAMIMAS,4,9,1,1,2,5,16,7
DAMIMAS_A21B_0131,train,DAMIMAS,4,9,0,1,6,2,18,9
DAMIMAS_A21B_0132,train,DAMIMAS,4,9,1,1,1,6,17,8
DAMIMAS_A21B_0133,train,DAMIMAS,4,9,0,0,7,2,21,12
DAMIMAS_A21B_0134,train,DAMIMAS,4,6,0,2,4,0,15,9
DAMIMAS_A21B_0135,train,DAMIMAS,4,10,0,5,3,2,22,12
DAMIMAS_A21B_0136,train,DAMIMAS,4,10,0,0,7,3,22,12
DAMIMAS_A21B_0137,train,DAMIMAS,4,10,0,2,8,0,20,10
DAMIMAS_A21B_0138,train,DAMIMAS,4,6,0,1,3,2,15,9
DAMIMAS_A21B_0139,train,DAMIMAS,4,8,0,2,5,1,20,12
DAMIMAS_A21B_0140,train,DAMIMAS,4,13,1,3,4,5,27,14
DAMIMAS_A21B_0141,train,DAMIMAS,4,9,0,0,7,2,22,13
DAMIMAS_A21B_0142,train,DAMIMAS,4,5,0,1,3,1,9,4
DAMIMAS_A21B_0143,train,DAMIMAS,4,8,0,0,7,1,19,11
DAMIMAS_A21B_0144,val,DAMIMAS,4,9,0,1,6,2,19,10
DAMIMAS_A21B_0145,val,DAMIMAS,4,10,1,0,5,4,20,10
DAMIMAS_A21B_0146,val,DAMIMAS,4,11,0,3,6,2,23,12
DAMIMAS_A21B_0147,val,DAMIMAS,4,12,0,2,8,2,26,14
DAMIMAS_A21B_0148,val,DAMIMAS,4,9,0,3,3,3,18,9
DAMIMAS_A21B_0149,val,DAMIMAS,4,11,0,1,9,1,23,12
DAMIMAS_A21B_0150,val,DAMIMAS,4,14,0,2,8,4,27,13
DAMIMAS_A21B_0151,val,DAMIMAS,4,10,0,1,5,4,23,13
DAMIMAS_A21B_0152,val,DAMIMAS,4,10,0,2,5,3,24,14
DAMIMAS_A21B_0153,val,DAMIMAS,4,8,0,0,7,1,17,9
DAMIMAS_A21B_0154,val,DAMIMAS,4,13,0,2,4,7,26,13
DAMIMAS_A21B_0155,val,DAMIMAS,4,12,1,3,5,3,23,11
DAMIMAS_A21B_0156,val,DAMIMAS,4,9,1,1,4,3,19,10
DAMIMAS_A21B_0157,val,DAMIMAS,4,14,0,3,7,4,26,12
DAMIMAS_A21B_0158,val,DAMIMAS,4,10,0,2,5,3,19,9
DAMIMAS_A21B_0159,val,DAMIMAS,4,5,1,0,1,3,9,4
DAMIMAS_A21B_0160,val,DAMIMAS,4,6,0,3,3,0,14,8
DAMIMAS_A21B_0161,val,DAMIMAS,4,14,0,0,10,4,24,10
DAMIMAS_A21B_0162,val,DAMIMAS,4,8,0,0,4,4,18,10
DAMIMAS_A21B_0163,val,DAMIMAS,4,15,1,1,8,5,32,17
DAMIMAS_A21B_0164,val,DAMIMAS,4,12,0,1,6,5,24,12
DAMIMAS_A21B_0165,val,DAMIMAS,4,11,0,3,5,3,24,13
DAMIMAS_A21B_0166,val,DAMIMAS,4,10,1,1,6,2,18,8
DAMIMAS_A21B_0167,val,DAMIMAS,4,11,2,2,4,3,22,11
DAMIMAS_A21B_0168,val,DAMIMAS,4,12,1,1,4,6,24,12
DAMIMAS_A21B_0169,val,DAMIMAS,4,16,0,1,12,3,29,13
DAMIMAS_A21B_0170,val,DAMIMAS,4,13,1,1,6,5,26,13
DAMIMAS_A21B_0171,val,DAMIMAS,4,8,0,0,7,1,14,6
DAMIMAS_A21B_0172,val,DAMIMAS,4,11,1,0,6,4,22,11
DAMIMAS_A21B_0173,val,DAMIMAS,4,12,1,1,9,1,24,12
DAMIMAS_A21B_0174,val,DAMIMAS,4,15,0,2,9,4,28,13
DAMIMAS_A21B_0175,val,DAMIMAS,4,10,1,3,6,0,23,13
DAMIMAS_A21B_0176,val,DAMIMAS,4,11,2,1,4,4,19,8
DAMIMAS_A21B_0177,val,DAMIMAS,4,17,0,4,10,3,24,7
DAMIMAS_A21B_0178,val,DAMIMAS,4,10,1,2,4,3,20,10
DAMIMAS_A21B_0179,val,DAMIMAS,4,11,0,1,7,3,22,11
DAMIMAS_A21B_0180,val,DAMIMAS,4,12,0,1,7,4,24,12
DAMIMAS_A21B_0181,val,DAMIMAS,4,11,0,0,8,3,21,10
DAMIMAS_A21B_0182,val,DAMIMAS,4,10,0,3,5,2,20,10
DAMIMAS_A21B_0183,val,DAMIMAS,4,14,0,3,10,1,27,13
DAMIMAS_A21B_0184,val,DAMIMAS,4,5,0,0,5,0,11,6
DAMIMAS_A21B_0185,val,DAMIMAS,4,11,0,2,6,3,22,11
DAMIMAS_A21B_0186,val,DAMIMAS,4,7,0,1,6,0,15,8
DAMIMAS_A21B_0187,val,DAMIMAS,4,4,0,1,3,0,6,2
DAMIMAS_A21B_0188,val,DAMIMAS,4,6,0,2,3,1,12,6
DAMIMAS_A21B_0189,val,DAMIMAS,4,5,0,4,1,0,11,6
DAMIMAS_A21B_0190,val,DAMIMAS,4,9,0,4,4,1,18,9
DAMIMAS_A21B_0191,val,DAMIMAS,4,8,0,5,3,0,13,5
DAMIMAS_A21B_0192,val,DAMIMAS,4,6,0,0,6,0,12,6
DAMIMAS_A21B_0193,val,DAMIMAS,4,14,0,0,8,6,27,13
DAMIMAS_A21B_0194,test,DAMIMAS,4,7,0,0,6,1,13,6
DAMIMAS_A21B_0195,test,DAMIMAS,4,8,1,2,5,0,19,11
DAMIMAS_A21B_0196,test,DAMIMAS,4,7,0,1,2,4,14,7
DAMIMAS_A21B_0197,test,DAMIMAS,4,9,0,0,7,2,18,9
DAMIMAS_A21B_0198,test,DAMIMAS,4,10,1,0,7,2,19,9
DAMIMAS_A21B_0199,test,DAMIMAS,4,10,1,2,7,0,21,11
DAMIMAS_A21B_0200,test,DAMIMAS,4,6,0,1,4,1,12,6
DAMIMAS_A21B_0201,test,DAMIMAS,4,9,1,0,7,1,21,12
DAMIMAS_A21B_0202,test,DAMIMAS,4,6,1,1,3,1,9,3
DAMIMAS_A21B_0203,test,DAMIMAS,4,6,0,1,5,0,13,7
DAMIMAS_A21B_0204,test,DAMIMAS,4,9,1,1,6,1,19,10
DAMIMAS_A21B_0205,test,DAMIMAS,4,7,0,0,7,0,15,8
DAMIMAS_A21B_0206,test,DAMIMAS,4,10,0,2,7,1,21,11
DAMIMAS_A21B_0207,test,DAMIMAS,4,10,3,1,6,0,20,10
DAMIMAS_A21B_0208,test,DAMIMAS,4,10,0,3,6,1,22,12
DAMIMAS_A21B_0209,test,DAMIMAS,4,8,0,1,6,1,17,9
DAMIMAS_A21B_0210,test,DAMIMAS,4,10,1,1,7,1,20,10
DAMIMAS_A21B_0211,test,DAMIMAS,4,13,0,5,7,1,25,12
DAMIMAS_A21B_0212,test,DAMIMAS,4,9,1,0,5,3,17,8
DAMIMAS_A21B_0213,test,DAMIMAS,4,12,0,2,7,3,21,9
DAMIMAS_A21B_0214,test,DAMIMAS,4,13,1,1,5,6,20,7
DAMIMAS_A21B_0215,test,DAMIMAS,4,10,3,2,4,1,20,10
DAMIMAS_A21B_0216,test,DAMIMAS,4,11,2,0,7,2,21,10
DAMIMAS_A21B_0217,test,DAMIMAS,4,11,1,2,7,1,21,10
DAMIMAS_A21B_0218,test,DAMIMAS,4,11,0,2,2,7,19,8
DAMIMAS_A21B_0219,test,DAMIMAS,4,12,2,2,6,2,22,10
DAMIMAS_A21B_0220,test,DAMIMAS,4,5,0,2,3,0,9,4
DAMIMAS_A21B_0221,test,DAMIMAS,4,17,2,4,7,4,25,8
DAMIMAS_A21B_0222,test,DAMIMAS,4,12,1,1,5,5,21,9
DAMIMAS_A21B_0223,test,DAMIMAS,4,11,1,3,7,0,16,5
DAMIMAS_A21B_0224,test,DAMIMAS,4,10,1,2,5,2,21,11
DAMIMAS_A21B_0225,test,DAMIMAS,4,6,1,1,4,0,12,6
DAMIMAS_A21B_0226,test,DAMIMAS,4,9,0,0,6,3,16,7
DAMIMAS_A21B_0227,test,DAMIMAS,4,7,1,0,1,5,10,3
DAMIMAS_A21B_0228,test,DAMIMAS,4,11,2,2,3,4,17,6
DAMIMAS_A21B_0229,test,DAMIMAS,4,11,2,0,7,2,22,11
DAMIMAS_A21B_0230,train,DAMIMAS,4,0,0,0,0,0,0,0
DAMIMAS_A21B_0231,train,DAMIMAS,4,8,0,0,5,3,16,8
DAMIMAS_A21B_0232,test,DAMIMAS,4,6,0,0,2,4,9,3
DAMIMAS_A21B_0233,test,DAMIMAS,4,13,0,0,9,4,23,10
DAMIMAS_A21B_0234,test,DAMIMAS,4,11,0,0,6,5,15,4
DAMIMAS_A21B_0235,test,DAMIMAS,4,12,0,3,8,1,23,11
DAMIMAS_A21B_0236,test,DAMIMAS,4,14,0,3,8,3,26,12
DAMIMAS_A21B_0237,test,DAMIMAS,4,7,1,2,3,1,20,13
DAMIMAS_A21B_0238,test,DAMIMAS,4,12,2,1,6,3,22,10
DAMIMAS_A21B_0239,test,DAMIMAS,4,8,0,4,4,0,16,8
DAMIMAS_A21B_0240,train,DAMIMAS,4,8,0,5,2,1,14,6
DAMIMAS_A21B_0241,val,DAMIMAS,4,8,1,2,5,0,16,8
DAMIMAS_A21B_0242,train,DAMIMAS,4,8,0,2,5,1,15,7
DAMIMAS_A21B_0243,val,DAMIMAS,4,9,1,4,3,1,22,13
DAMIMAS_A21B_0244,train,DAMIMAS,4,7,0,0,0,7,15,8
DAMIMAS_A21B_0245,train,DAMIMAS,4,5,0,0,3,2,10,5
DAMIMAS_A21B_0246,test,DAMIMAS,4,16,0,6,6,4,22,6
DAMIMAS_A21B_0247,test,DAMIMAS,4,10,2,3,5,0,20,10
DAMIMAS_A21B_0248,train,DAMIMAS,4,11,0,2,5,4,18,7
DAMIMAS_A21B_0249,train,DAMIMAS,4,10,0,1,9,0,18,8
DAMIMAS_A21B_0250,test,DAMIMAS,4,19,2,1,8,8,30,11
DAMIMAS_A21B_0251,train,DAMIMAS,4,13,1,4,6,2,22,9
DAMIMAS_A21B_0252,train,DAMIMAS,4,10,0,2,6,2,15,5
DAMIMAS_A21B_0253,train,DAMIMAS,4,6,0,2,4,0,11,5
DAMIMAS_A21B_0254,test,DAMIMAS,4,11,0,2,6,3,20,9
DAMIMAS_A21B_0255,train,DAMIMAS,4,10,1,2,6,1,17,7
DAMIMAS_A21B_0256,train,DAMIMAS,4,2,0,0,2,0,3,1
DAMIMAS_A21B_0257,train,DAMIMAS,4,13,1,4,7,1,18,5
DAMIMAS_A21B_0258,train,DAMIMAS,4,11,0,2,7,2,17,6
DAMIMAS_A21B_0259,train,DAMIMAS,4,12,1,8,3,0,18,6
DAMIMAS_A21B_0260,train,DAMIMAS,4,11,1,5,3,2,20,9
DAMIMAS_A21B_0261,train,DAMIMAS,4,16,3,5,5,3,27,11
DAMIMAS_A21B_0262,train,DAMIMAS,4,13,2,2,7,2,24,11
DAMIMAS_A21B_0263,val,DAMIMAS,4,11,0,7,3,1,21,10
DAMIMAS_A21B_0264,train,DAMIMAS,4,12,3,2,7,0,22,10
DAMIMAS_A21B_0265,train,DAMIMAS,4,12,1,2,8,1,22,10
DAMIMAS_A21B_0266,train,DAMIMAS,4,12,2,1,9,0,21,9
DAMIMAS_A21B_0267,train,DAMIMAS,4,12,1,5,4,2,21,9
DAMIMAS_A21B_0268,train,DAMIMAS,4,19,2,6,5,6,28,9
DAMIMAS_A21B_0269,train,DAMIMAS,4,5,0,0,5,0,11,6
DAMIMAS_A21B_0270,test,DAMIMAS,4,10,1,2,7,0,16,6
DAMIMAS_A21B_0271,test,DAMIMAS,4,15,0,6,6,3,22,7
DAMIMAS_A21B_0272,val,DAMIMAS,4,9,1,1,5,2,17,8
DAMIMAS_A21B_0273,train,DAMIMAS,4,7,0,1,6,0,16,9
DAMIMAS_A21B_0274,train,DAMIMAS,4,12,0,1,8,3,20,8
DAMIMAS_A21B_0275,test,DAMIMAS,4,17,3,4,8,2,26,9
DAMIMAS_A21B_0276,train,DAMIMAS,4,5,1,1,3,0,10,5
DAMIMAS_A21B_0277,val,DAMIMAS,4,9,1,3,5,0,17,8
DAMIMAS_A21B_0278,val,DAMIMAS,4,12,2,4,6,0,20,8
DAMIMAS_A21B_0279,test,DAMIMAS,4,15,0,5,9,1,25,10
DAMIMAS_A21B_0280,test,DAMIMAS,4,13,2,3,4,4,20,7
DAMIMAS_A21B_0281,train,DAMIMAS,4,15,0,0,10,5,23,8
DAMIMAS_A21B_0282,train,DAMIMAS,4,10,4,0,6,0,18,8
DAMIMAS_A21B_0283,val,DAMIMAS,4,11,2,1,7,1,20,9
DAMIMAS_A21B_0284,test,DAMIMAS,4,7,1,2,3,1,16,9
DAMIMAS_A21B_0285,train,DAMIMAS,4,18,4,2,7,5,32,14
DAMIMAS_A21B_0286,train,DAMIMAS,4,10,1,3,5,1,19,9
DAMIMAS_A21B_0287,train,DAMIMAS,4,5,2,3,0,0,14,9
DAMIMAS_A21B_0288,test,DAMIMAS,4,13,1,2,6,4,21,8
DAMIMAS_A21B_0289,val,DAMIMAS,4,10,1,2,7,0,14,4
DAMIMAS_A21B_0290,train,DAMIMAS,4,8,0,1,7,0,15,7
DAMIMAS_A21B_0291,train,DAMIMAS,4,16,3,5,5,3,23,7
DAMIMAS_A21B_0292,train,DAMIMAS,4,14,0,3,7,4,24,10
DAMIMAS_A21B_0293,train,DAMIMAS,4,13,0,2,7,4,18,5
DAMIMAS_A21B_0294,test,DAMIMAS,4,15,0,2,10,3,24,9
DAMIMAS_A21B_0295,train,DAMIMAS,4,12,0,3,7,2,17,5
DAMIMAS_A21B_0296,test,DAMIMAS,4,5,1,3,1,0,11,6
DAMIMAS_A21B_0297,train,DAMIMAS,4,9,0,0,7,2,17,8
DAMIMAS_A21B_0298,train,DAMIMAS,4,10,1,0,6,3,22,12
DAMIMAS_A21B_0299,train,DAMIMAS,4,9,1,2,6,0,18,9
DAMIMAS_A21B_0300,train,DAMIMAS,4,8,1,0,5,2,13,5
DAMIMAS_A21B_0301,train,DAMIMAS,4,13,1,1,9,2,20,7
DAMIMAS_A21B_0302,test,DAMIMAS,4,9,1,1,7,0,15,6
DAMIMAS_A21B_0303,train,DAMIMAS,4,10,0,0,10,0,21,11
DAMIMAS_A21B_0304,test,DAMIMAS,4,9,0,1,4,4,18,9
DAMIMAS_A21B_0305,train,DAMIMAS,4,14,2,4,6,2,25,11
DAMIMAS_A21B_0306,train,DAMIMAS,4,5,1,0,4,0,9,4
DAMIMAS_A21B_0307,train,DAMIMAS,4,7,1,1,5,0,14,7
DAMIMAS_A21B_0308,val,DAMIMAS,4,8,1,1,3,3,15,7
DAMIMAS_A21B_0309,train,DAMIMAS,4,9,1,2,4,2,18,9
DAMIMAS_A21B_0310,train,DAMIMAS,4,10,1,0,9,0,20,10
DAMIMAS_A21B_0311,val,DAMIMAS,4,3,0,1,2,0,9,6
DAMIMAS_A21B_0312,train,DAMIMAS,4,9,0,1,6,2,18,9
DAMIMAS_A21B_0313,train,DAMIMAS,4,12,2,1,7,2,23,11
DAMIMAS_A21B_0314,train,DAMIMAS,4,11,0,1,8,2,22,11
DAMIMAS_A21B_0315,train,DAMIMAS,4,16,1,8,7,0,25,9
DAMIMAS_A21B_0316,train,DAMIMAS,4,13,1,2,6,4,24,11
DAMIMAS_A21B_0317,train,DAMIMAS,4,7,0,1,6,0,14,7
DAMIMAS_A21B_0318,train,DAMIMAS,4,12,0,0,8,4,19,7
DAMIMAS_A21B_0319,train,DAMIMAS,4,6,0,2,4,0,15,9
DAMIMAS_A21B_0320,train,DAMIMAS,4,16,3,3,6,4,24,8
DAMIMAS_A21B_0321,test,DAMIMAS,4,13,2,4,6,1,21,8
DAMIMAS_A21B_0322,train,DAMIMAS,4,0,0,0,0,0,0,0
DAMIMAS_A21B_0323,test,DAMIMAS,4,3,0,0,3,0,13,10
DAMIMAS_A21B_0324,train,DAMIMAS,4,6,0,0,6,0,14,8
DAMIMAS_A21B_0325,test,DAMIMAS,4,7,0,2,4,1,17,10
DAMIMAS_A21B_0326,train,DAMIMAS,4,7,0,0,5,2,10,3
DAMIMAS_A21B_0327,train,DAMIMAS,4,7,1,1,5,0,12,5
DAMIMAS_A21B_0328,train,DAMIMAS,4,7,0,1,4,2,15,8
DAMIMAS_A21B_0329,train,DAMIMAS,4,3,1,0,2,0,8,5
DAMIMAS_A21B_0330,val,DAMIMAS,4,11,2,1,8,0,22,11
DAMIMAS_A21B_0331,test,DAMIMAS,4,7,0,1,6,0,15,8
DAMIMAS_A21B_0332,train,DAMIMAS,4,6,0,0,4,2,11,5
DAMIMAS_A21B_0333,train,DAMIMAS,4,4,1,1,2,0,8,4
DAMIMAS_A21B_0334,train,DAMIMAS,4,14,2,0,8,4,21,7
DAMIMAS_A21B_0335,train,DAMIMAS,4,4,2,0,2,0,13,9
DAMIMAS_A21B_0336,train,DAMIMAS,4,11,1,0,6,4,22,11
DAMIMAS_A21B_0337,train,DAMIMAS,4,8,0,0,6,2,16,8
DAMIMAS_A21B_0338,val,DAMIMAS,4,11,0,0,7,4,19,8
DAMIMAS_A21B_0339,train,DAMIMAS,4,8,2,3,3,0,13,5
DAMIMAS_A21B_0340,train,DAMIMAS,4,3,1,1,1,0,7,4
DAMIMAS_A21B_0341,train,DAMIMAS,4,8,0,1,6,1,21,13
DAMIMAS_A21B_0342,val,DAMIMAS,4,10,0,2,4,4,25,15
DAMIMAS_A21B_0343,train,DAMIMAS,4,7,0,3,4,0,18,11
DAMIMAS_A21B_0344,val,DAMIMAS,4,11,0,3,6,2,21,10
DAMIMAS_A21B_0345,train,DAMIMAS,4,7,1,1,4,1,16,9
DAMIMAS_A21B_0346,test,DAMIMAS,4,10,1,1,6,2,23,13
DAMIMAS_A21B_0347,train,DAMIMAS,4,9,2,2,4,1,18,9
DAMIMAS_A21B_0348,test,DAMIMAS,4,13,2,0,4,7,23,10
DAMIMAS_A21B_0349,val,DAMIMAS,4,6,0,2,2,2,9,3
DAMIMAS_A21B_0350,train,DAMIMAS,4,6,1,2,3,0,10,4
DAMIMAS_A21B_0351,train,DAMIMAS,4,13,2,4,6,1,24,11
DAMIMAS_A21B_0352,train,DAMIMAS,4,12,1,1,6,4,25,13
DAMIMAS_A21B_0353,train,DAMIMAS,4,8,2,1,5,0,18,10
DAMIMAS_A21B_0354,train,DAMIMAS,4,18,1,1,16,0,32,14
DAMIMAS_A21B_0355,test,DAMIMAS,4,15,2,4,7,2,25,10
DAMIMAS_A21B_0356,train,DAMIMAS,4,9,1,3,3,2,19,10
DAMIMAS_A21B_0357,train,DAMIMAS,4,12,0,1,9,2,22,10
DAMIMAS_A21B_0358,train,DAMIMAS,4,14,1,0,9,4,28,14
DAMIMAS_A21B_0359,val,DAMIMAS,4,11,2,2,5,2,23,12
DAMIMAS_A21B_0360,train,DAMIMAS,4,15,3,2,4,6,30,15
DAMIMAS_A21B_0361,train,DAMIMAS,4,13,1,1,6,5,24,11
DAMIMAS_A21B_0362,train,DAMIMAS,4,7,0,0,5,2,26,19
DAMIMAS_A21B_0363,train,DAMIMAS,4,8,0,5,1,2,15,7
DAMIMAS_A21B_0364,train,DAMIMAS,4,13,2,3,6,2,27,14
DAMIMAS_A21B_0365,train,DAMIMAS,4,16,2,2,9,3,27,11
DAMIMAS_A21B_0366,train,DAMIMAS,4,7,0,0,5,2,15,8
DAMIMAS_A21B_0367,train,DAMIMAS,4,12,0,4,6,2,19,7
DAMIMAS_A21B_0368,train,DAMIMAS,4,16,3,3,6,4,29,13
DAMIMAS_A21B_0369,train,DAMIMAS,4,7,1,0,4,2,15,8
DAMIMAS_A21B_0370,val,DAMIMAS,4,10,2,0,6,2,18,8
DAMIMAS_A21B_0371,train,DAMIMAS,4,11,1,3,7,0,21,10
DAMIMAS_A21B_0372,val,DAMIMAS,4,12,2,2,5,3,19,7
DAMIMAS_A21B_0373,train,DAMIMAS,4,12,3,0,7,2,22,10
DAMIMAS_A21B_0374,train,DAMIMAS,4,14,1,1,10,2,28,14
DAMIMAS_A21B_0375,val,DAMIMAS,4,11,1,6,4,0,20,9
DAMIMAS_A21B_0376,train,DAMIMAS,4,10,1,0,7,2,19,9
DAMIMAS_A21B_0377,train,DAMIMAS,4,7,1,0,6,0,15,8
DAMIMAS_A21B_0378,test,DAMIMAS,4,15,3,1,8,3,27,12
DAMIMAS_A21B_0379,train,DAMIMAS,4,3,1,1,1,0,9,6
DAMIMAS_A21B_0380,test,DAMIMAS,4,12,2,1,4,5,24,12
DAMIMAS_A21B_0381,test,DAMIMAS,4,14,3,0,7,4,22,8
DAMIMAS_A21B_0382,train,DAMIMAS,4,16,3,0,5,8,28,12
DAMIMAS_A21B_0383,train,DAMIMAS,4,14,2,6,4,2,24,10
DAMIMAS_A21B_0384,train,DAMIMAS,4,14,2,3,6,3,26,12
DAMIMAS_A21B_0385,test,DAMIMAS,4,16,1,2,9,4,26,10
DAMIMAS_A21B_0386,train,DAMIMAS,4,4,0,2,2,0,7,3
DAMIMAS_A21B_0387,train,DAMIMAS,4,9,3,5,1,0,15,6
DAMIMAS_A21B_0388,val,DAMIMAS,4,7,1,0,4,2,20,13
DAMIMAS_A21B_0389,train,DAMIMAS,4,17,0,3,11,3,25,8
DAMIMAS_A21B_0390,val,DAMIMAS,4,18,1,3,7,7,30,12
DAMIMAS_A21B_0391,val,DAMIMAS,4,10,2,7,1,0,16,6
DAMIMAS_A21B_0392,val,DAMIMAS,4,13,2,5,3,3,24,11
DAMIMAS_A21B_0393,train,DAMIMAS,4,15,2,1,11,1,24,9
DAMIMAS_A21B_0394,train,DAMIMAS,4,13,2,0,7,4,24,11
DAMIMAS_A21B_0395,train,DAMIMAS,4,14,3,7,4,0,21,7
DAMIMAS_A21B_0396,train,DAMIMAS,4,16,3,3,6,4,25,9
DAMIMAS_A21B_0397,train,DAMIMAS,4,11,1,2,6,2,19,8
DAMIMAS_A21B_0398,val,DAMIMAS,4,16,2,1,10,3,25,9
DAMIMAS_A21B_0399,train,DAMIMAS,4,10,3,3,3,1,17,7
DAMIMAS_A21B_0400,val,DAMIMAS,4,10,0,4,2,4,19,9
DAMIMAS_A21B_0401,val,DAMIMAS,4,10,0,0,8,2,16,6
DAMIMAS_A21B_0402,test,DAMIMAS,4,11,0,1,8,2,18,7
DAMIMAS_A21B_0403,train,DAMIMAS,4,14,2,5,4,3,24,10
DAMIMAS_A21B_0404,val,DAMIMAS,4,9,3,3,3,0,15,6
DAMIMAS_A21B_0405,train,DAMIMAS,4,9,1,1,6,1,14,5
DAMIMAS_A21B_0406,train,DAMIMAS,4,10,1,0,6,3,17,7
DAMIMAS_A21B_0407,val,DAMIMAS,4,14,2,4,7,1,23,9
DAMIMAS_A21B_0408,train,DAMIMAS,4,11,2,6,3,0,21,10
DAMIMAS_A21B_0409,test,DAMIMAS,4,9,3,0,6,0,16,7
DAMIMAS_A21B_0410,train,DAMIMAS,4,18,2,1,13,2,31,13
DAMIMAS_A21B_0411,test,DAMIMAS,4,11,2,4,5,0,22,11
DAMIMAS_A21B_0412,train,DAMIMAS,4,8,1,5,2,0,16,8
DAMIMAS_A21B_0413,train,DAMIMAS,4,15,1,2,9,3,26,11
DAMIMAS_A21B_0414,train,DAMIMAS,4,5,0,0,5,0,14,9
DAMIMAS_A21B_0415,val,DAMIMAS,4,11,1,4,5,1,22,11
DAMIMAS_A21B_0416,train,DAMIMAS,4,14,2,4,5,3,25,11
DAMIMAS_A21B_0417,val,DAMIMAS,4,14,2,2,7,3,25,11
DAMIMAS_A21B_0418,train,DAMIMAS,4,16,0,1,7,8,27,11
DAMIMAS_A21B_0419,test,DAMIMAS,4,12,0,4,6,2,23,11
DAMIMAS_A21B_0420,val,DAMIMAS,4,2,0,1,1,0,6,4
DAMIMAS_A21B_0421,train,DAMIMAS,4,0,0,0,0,0,0,0
DAMIMAS_A21B_0422,val,DAMIMAS,4,11,2,0,5,4,21,10
DAMIMAS_A21B_0423,train,DAMIMAS,4,14,2,5,5,2,23,9
DAMIMAS_A21B_0424,train,DAMIMAS,4,8,3,2,3,0,15,7
DAMIMAS_A21B_0425,train,DAMIMAS,4,12,0,3,8,1,20,8
DAMIMAS_A21B_0426,train,DAMIMAS,4,10,0,0,8,2,17,7
DAMIMAS_A21B_0427,train,DAMIMAS,4,15,1,8,5,1,26,11
DAMIMAS_A21B_0428,val,DAMIMAS,4,15,3,3,5,4,27,12
DAMIMAS_A21B_0429,train,DAMIMAS,4,22,3,4,10,5,36,14
DAMIMAS_A21B_0430,train,DAMIMAS,4,16,0,1,10,5,22,6
DAMIMAS_A21B_0431,train,DAMIMAS,4,10,0,2,8,0,17,7
DAMIMAS_A21B_0432,test,DAMIMAS,4,8,0,2,5,1,15,7
DAMIMAS_A21B_0433,train,DAMIMAS,4,11,2,1,8,0,20,9
DAMIMAS_A21B_0434,train,DAMIMAS,4,14,0,2,9,3,24,10
DAMIMAS_A21B_0435,train,DAMIMAS,4,9,2,3,4,0,17,8
DAMIMAS_A21B_0436,train,DAMIMAS,4,13,1,4,4,4,22,9
DAMIMAS_A21B_0437,train,DAMIMAS,4,19,3,3,8,5,27,8
DAMIMAS_A21B_0438,val,DAMIMAS,4,17,0,0,8,9,27,10
DAMIMAS_A21B_0439,train,DAMIMAS,4,6,1,4,1,0,10,4
DAMIMAS_A21B_0440,train,DAMIMAS,4,16,0,4,8,4,23,7
DAMIMAS_A21B_0441,train,DAMIMAS,4,14,1,4,7,2,21,7
DAMIMAS_A21B_0442,test,DAMIMAS,4,15,0,1,7,7,23,8
DAMIMAS_A21B_0443,train,DAMIMAS,4,14,1,6,5,2,21,7
DAMIMAS_A21B_0444,test,DAMIMAS,4,10,2,0,5,3,17,7
DAMIMAS_A21B_0445,train,DAMIMAS,4,11,2,1,4,4,19,8
DAMIMAS_A21B_0446,train,DAMIMAS,4,11,2,1,7,1,19,8
DAMIMAS_A21B_0447,train,DAMIMAS,4,17,0,7,7,3,23,6
DAMIMAS_A21B_0448,train,DAMIMAS,4,12,1,3,5,3,18,6
DAMIMAS_A21B_0449,test,DAMIMAS,4,14,0,2,11,1,23,9
DAMIMAS_A21B_0450,train,DAMIMAS,4,16,1,1,7,7,25,9
DAMIMAS_A21B_0451,train,DAMIMAS,4,9,1,4,3,1,17,8
DAMIMAS_A21B_0452,train,DAMIMAS,4,14,4,1,3,6,22,8
DAMIMAS_A21B_0453,train,DAMIMAS,4,9,2,1,5,1,19,10
DAMIMAS_A21B_0454,train,DAMIMAS,4,14,0,2,4,8,23,9
DAMIMAS_A21B_0455,val,DAMIMAS,4,12,0,6,5,1,21,9
DAMIMAS_A21B_0456,test,DAMIMAS,4,11,2,2,4,3,21,10
DAMIMAS_A21B_0457,train,DAMIMAS,4,17,2,3,8,4,27,10
DAMIMAS_A21B_0458,train,DAMIMAS,4,12,0,3,6,3,21,9
DAMIMAS_A21B_0459,train,DAMIMAS,4,8,3,3,2,0,18,10
DAMIMAS_A21B_0460,train,DAMIMAS,4,15,4,3,4,4,26,11
DAMIMAS_A21B_0461,val,DAMIMAS,4,11,0,3,8,0,18,7
DAMIMAS_A21B_0462,train,DAMIMAS,4,11,3,0,5,3,20,9
DAMIMAS_A21B_0463,train,DAMIMAS,4,11,1,5,4,1,20,9
DAMIMAS_A21B_0464,train,DAMIMAS,4,9,3,2,2,2,15,6
DAMIMAS_A21B_0465,train,DAMIMAS,4,7,2,1,3,1,13,6
DAMIMAS_A21B_0466,train,DAMIMAS,4,7,0,0,4,3,11,4
DAMIMAS_A21B_0467,train,DAMIMAS,4,11,2,3,5,1,17,6
DAMIMAS_A21B_0468,train,DAMIMAS,4,13,3,2,3,5,20,7
DAMIMAS_A21B_0469,train,DAMIMAS,4,13,0,3,7,3,21,8
DAMIMAS_A21B_0470,train,DAMIMAS,4,11,3,1,5,2,22,11
DAMIMAS_A21B_0471,val,DAMIMAS,4,16,2,6,6,2,26,10
DAMIMAS_A21B_0472,val,DAMIMAS,4,15,0,4,6,5,23,8
DAMIMAS_A21B_0473,train,DAMIMAS,4,6,1,2,3,0,11,5
DAMIMAS_A21B_0474,train,DAMIMAS,4,12,2,3,2,5,21,9
DAMIMAS_A21B_0475,test,DAMIMAS,4,13,0,7,4,2,20,7
DAMIMAS_A21B_0476,train,DAMIMAS,4,11,0,4,5,2,17,6
DAMIMAS_A21B_0477,val,DAMIMAS,4,5,0,0,5,0,10,5
DAMIMAS_A21B_0478,train,DAMIMAS,4,14,3,2,3,6,27,13
DAMIMAS_A21B_0479,val,DAMIMAS,4,10,1,4,3,2,21,11
DAMIMAS_A21B_0480,train,DAMIMAS,4,13,2,2,5,4,24,11
DAMIMAS_A21B_0481,train,DAMIMAS,4,7,1,2,3,1,13,6
DAMIMAS_A21B_0482,train,DAMIMAS,4,13,1,3,4,5,23,10
DAMIMAS_A21B_0483,train,DAMIMAS,4,12,2,5,3,2,20,8
DAMIMAS_A21B_0484,train,DAMIMAS,4,10,1,4,2,3,18,8
DAMIMAS_A21B_0485,val,DAMIMAS,4,10,1,2,6,1,20,10
DAMIMAS_A21B_0486,train,DAMIMAS,4,9,1,1,3,4,22,13
DAMIMAS_A21B_0487,train,DAMIMAS,4,9,0,3,5,1,20,11
DAMIMAS_A21B_0488,train,DAMIMAS,4,10,0,4,2,4,17,7
DAMIMAS_A21B_0489,val,DAMIMAS,4,10,0,0,8,2,20,10
DAMIMAS_A21B_0490,test,DAMIMAS,4,13,3,1,4,5,26,13
DAMIMAS_A21B_0491,train,DAMIMAS,4,12,3,4,5,0,20,8
DAMIMAS_A21B_0492,test,DAMIMAS,4,13,2,3,4,4,19,6
DAMIMAS_A21B_0493,train,DAMIMAS,4,10,1,3,4,2,19,9
DAMIMAS_A21B_0494,train,DAMIMAS,4,17,2,2,5,8,25,8
DAMIMAS_A21B_0495,train,DAMIMAS,4,10,1,4,5,0,18,8
DAMIMAS_A21B_0496,train,DAMIMAS,4,12,2,4,2,4,19,7
DAMIMAS_A21B_0497,test,DAMIMAS,4,18,1,4,9,4,26,8
DAMIMAS_A21B_0498,train,DAMIMAS,4,17,4,1,4,8,28,11
DAMIMAS_A21B_0499,train,DAMIMAS,4,12,2,3,5,2,23,11
DAMIMAS_A21B_0500,train,DAMIMAS,4,11,3,3,3,2,19,8
DAMIMAS_A21B_0501,train,DAMIMAS,4,12,2,2,6,2,25,13
DAMIMAS_A21B_0502,train,DAMIMAS,4,14,0,3,5,6,28,14
DAMIMAS_A21B_0503,train,DAMIMAS,4,14,2,4,5,3,27,13
DAMIMAS_A21B_0504,val,DAMIMAS,4,11,1,4,3,3,22,11
DAMIMAS_A21B_0505,test,DAMIMAS,4,12,1,0,6,5,21,9
DAMIMAS_A21B_0506,train,DAMIMAS,4,18,3,2,5,8,33,15
DAMIMAS_A21B_0507,train,DAMIMAS,4,9,0,5,4,0,17,8
DAMIMAS_A21B_0508,train,DAMIMAS,4,14,1,6,5,2,22,8
DAMIMAS_A21B_0509,train,DAMIMAS,4,10,1,2,5,2,17,7
DAMIMAS_A21B_0510,test,DAMIMAS,4,11,0,2,6,3,22,11
DAMIMAS_A21B_0511,train,DAMIMAS,4,12,3,5,3,1,23,11
DAMIMAS_A21B_0512,val,DAMIMAS,4,13,1,3,5,4,25,12
DAMIMAS_A21B_0513,train,DAMIMAS,4,7,0,1,6,0,13,6
DAMIMAS_A21B_0514,train,DAMIMAS,4,14,0,0,9,5,22,8
DAMIMAS_A21B_0515,train,DAMIMAS,4,13,2,4,5,2,24,11
DAMIMAS_A21B_0516,val,DAMIMAS,4,7,1,2,2,2,14,7
DAMIMAS_A21B_0517,train,DAMIMAS,4,13,2,1,6,4,22,9
DAMIMAS_A21B_0518,val,DAMIMAS,4,16,1,2,7,6,29,13
DAMIMAS_A21B_0519,test,DAMIMAS,4,0,0,0,0,0,0,0
DAMIMAS_A21B_0520,train,DAMIMAS,4,8,2,2,2,2,16,8
DAMIMAS_A21B_0521,val,DAMIMAS,4,9,1,3,2,3,17,8
DAMIMAS_A21B_0522,train,DAMIMAS,4,11,0,6,3,2,16,5
DAMIMAS_A21B_0523,train,DAMIMAS,4,14,2,8,3,1,23,9
DAMIMAS_A21B_0524,train,DAMIMAS,4,13,2,2,3,6,22,9
DAMIMAS_A21B_0525,test,DAMIMAS,4,8,1,2,5,0,13,5
DAMIMAS_A21B_0526,train,DAMIMAS,4,12,0,1,10,1,21,9
DAMIMAS_A21B_0527,train,DAMIMAS,4,9,0,4,5,0,15,6
DAMIMAS_A21B_0528,train,DAMIMAS,4,1,0,1,0,0,2,1
DAMIMAS_A21B_0529,train,DAMIMAS,4,10,0,0,7,3,17,7
DAMIMAS_A21B_0530,test,DAMIMAS,4,15,2,2,6,5,25,10
DAMIMAS_A21B_0531,train,DAMIMAS,4,14,2,5,5,2,27,13
DAMIMAS_A21B_0532,train,DAMIMAS,4,11,2,2,6,1,20,9
DAMIMAS_A21B_0533,val,DAMIMAS,4,13,1,2,7,3,22,9
DAMIMAS_A21B_0534,train,DAMIMAS,4,9,1,1,4,3,19,10
DAMIMAS_A21B_0535,train,DAMIMAS,4,10,3,3,3,1,19,9
DAMIMAS_A21B_0536,test,DAMIMAS,4,10,2,2,4,2,17,7
DAMIMAS_A21B_0537,val,DAMIMAS,4,9,1,1,6,1,17,8
DAMIMAS_A21B_0538,train,DAMIMAS,4,13,0,2,6,5,24,11
DAMIMAS_A21B_0539,train,DAMIMAS,4,15,4,3,5,3,28,13
DAMIMAS_A21B_0540,train,DAMIMAS,4,9,3,0,3,3,18,9
DAMIMAS_A21B_0541,test,DAMIMAS,4,8,2,1,3,2,14,6
DAMIMAS_A21B_0542,train,DAMIMAS,4,13,2,2,5,4,25,12
DAMIMAS_A21B_0543,train,DAMIMAS,4,6,2,2,2,0,10,4
DAMIMAS_A21B_0544,train,DAMIMAS,4,13,2,3,3,5,23,10
DAMIMAS_A21B_0545,train,DAMIMAS,4,11,1,0,9,1,23,12
DAMIMAS_A21B_0546,test,DAMIMAS,4,17,2,4,7,4,28,11
DAMIMAS_A21B_0547,val,DAMIMAS,4,12,1,5,6,0,24,12
DAMIMAS_A21B_0548,train,DAMIMAS,4,11,1,3,5,2,20,9
DAMIMAS_A21B_0549,train,DAMIMAS,4,5,1,0,4,0,10,5
DAMIMAS_A21B_0550,val,DAMIMAS,4,13,2,4,3,4,26,13
DAMIMAS_A21B_0551,test,DAMIMAS,4,15,2,3,8,2,30,15
DAMIMAS_A21B_0552,train,DAMIMAS,4,9,3,3,2,1,18,9
DAMIMAS_A21B_0553,train,DAMIMAS,4,11,1,2,5,3,20,9
DAMIMAS_A21B_0554,test,DAMIMAS,4,18,2,3,7,6,30,12
DAMIMAS_A21B_0555,train,DAMIMAS,4,8,0,3,3,2,16,8
DAMIMAS_A21B_0556,val,DAMIMAS,4,13,2,4,4,3,24,11
DAMIMAS_A21B_0557,val,DAMIMAS,4,12,1,1,6,4,22,10
DAMIMAS_A21B_0558,train,DAMIMAS,4,11,0,4,4,3,23,12
DAMIMAS_A21B_0559,train,DAMIMAS,4,8,0,0,0,8,9,1
DAMIMAS_A21B_0560,train,DAMIMAS,4,5,0,0,5,0,10,5
DAMIMAS_A21B_0561,train,DAMIMAS,4,15,1,2,9,3,24,9
DAMIMAS_A21B_0562,val,DAMIMAS,4,13,1,4,5,3,25,12
DAMIMAS_A21B_0563,test,DAMIMAS,4,11,3,4,4,0,18,7
DAMIMAS_A21B_0564,train,DAMIMAS,4,14,4,2,6,2,21,7
DAMIMAS_A21B_0565,train,DAMIMAS,4,12,0,0,8,4,19,7
DAMIMAS_A21B_0566,train,DAMIMAS,4,13,0,6,5,2,27,14
DAMIMAS_A21B_0567,train,DAMIMAS,4,14,2,5,6,1,27,13
DAMIMAS_A21B_0568,train,DAMIMAS,4,13,2,3,5,3,23,10
DAMIMAS_A21B_0569,train,DAMIMAS,4,13,2,2,7,2,24,11
DAMIMAS_A21B_0570,val,DAMIMAS,4,13,0,3,7,3,22,9
DAMIMAS_A21B_0571,train,DAMIMAS,4,15,3,6,5,1,24,9
DAMIMAS_A21B_0572,train,DAMIMAS,4,9,2,3,3,1,16,7
DAMIMAS_A21B_0573,train,DAMIMAS,4,15,0,4,6,5,24,9
DAMIMAS_A21B_0574,train,DAMIMAS,4,7,0,1,4,2,13,6
DAMIMAS_A21B_0575,train,DAMIMAS,4,15,3,4,6,2,28,13
DAMIMAS_A21B_0576,train,DAMIMAS,4,14,3,4,6,1,25,11
DAMIMAS_A21B_0577,train,DAMIMAS,4,9,3,0,4,2,15,6
DAMIMAS_A21B_0578,test,DAMIMAS,4,7,1,5,1,0,12,5
DAMIMAS_A21B_0579,train,DAMIMAS,4,15,5,3,6,1,28,13
DAMIMAS_A21B_0580,train,DAMIMAS,4,13,2,4,6,1,25,12
DAMIMAS_A21B_0581,train,DAMIMAS,4,11,1,3,5,2,20,9
DAMIMAS_A21B_0582,train,DAMIMAS,4,15,2,6,5,2,26,11
DAMIMAS_A21B_0583,train,DAMIMAS,4,3,1,2,0,0,6,3
DAMIMAS_A21B_0584,train,DAMIMAS,4,10,1,3,5,1,19,9
DAMIMAS_A21B_0585,train,DAMIMAS,4,11,2,2,4,3,21,10
DAMIMAS_A21B_0586,val,DAMIMAS,4,9,0,3,4,2,15,6
DAMIMAS_A21B_0587,train,DAMIMAS,4,3,3,0,0,0,5,2
DAMIMAS_A21B_0588,train,DAMIMAS,4,12,4,3,3,2,21,9
DAMIMAS_A21B_0589,train,DAMIMAS,4,14,1,2,10,1,25,11
DAMIMAS_A21B_0590,train,DAMIMAS,4,14,4,2,4,4,23,9
DAMIMAS_A21B_0591,test,DAMIMAS,4,13,2,5,5,1,23,10
DAMIMAS_A21B_0592,train,DAMIMAS,4,8,1,1,6,0,14,6
DAMIMAS_A21B_0593,val,DAMIMAS,4,3,0,0,1,2,5,2
DAMIMAS_A21B_0594,train,DAMIMAS,4,15,4,5,3,3,25,10
DAMIMAS_A21B_0595,val,DAMIMAS,4,13,3,4,6,0,24,11
DAMIMAS_A21B_0596,train,DAMIMAS,4,14,0,2,8,4,23,9
DAMIMAS_A21B_0597,train,DAMIMAS,4,8,0,0,8,0,15,7
DAMIMAS_A21B_0598,train,DAMIMAS,4,10,1,3,5,1,19,9
DAMIMAS_A21B_0599,train,DAMIMAS,4,15,3,4,6,2,24,9
DAMIMAS_A21B_0600,train,DAMIMAS,4,16,3,2,7,4,28,12
DAMIMAS_A21B_0601,test,DAMIMAS,4,6,0,0,5,1,11,5
DAMIMAS_A21B_0602,train,DAMIMAS,4,16,4,4,5,3,26,10
DAMIMAS_A21B_0603,train,DAMIMAS,4,10,2,4,3,1,18,8
DAMIMAS_A21B_0604,train,DAMIMAS,4,6,0,3,2,1,12,6
DAMIMAS_A21B_0605,train,DAMIMAS,4,13,2,2,6,3,21,8
DAMIMAS_A21B_0606,train,DAMIMAS,4,14,1,5,4,4,22,8
DAMIMAS_A21B_0607,train,DAMIMAS,4,13,4,4,4,1,25,12
DAMIMAS_A21B_0608,train,DAMIMAS,4,13,0,2,8,3,22,9
DAMIMAS_A21B_0609,val,DAMIMAS,4,11,1,2,5,3,19,8
DAMIMAS_A21B_0610,train,DAMIMAS,4,12,0,6,4,2,20,8
DAMIMAS_A21B_0611,train,DAMIMAS,4,11,0,6,5,0,20,9
DAMIMAS_A21B_0612,val,DAMIMAS,4,9,0,1,8,0,14,5
DAMIMAS_A21B_0613,train,DAMIMAS,4,6,0,1,4,1,10,4
DAMIMAS_A21B_0614,val,DAMIMAS,4,16,2,5,5,4,25,9
DAMIMAS_A21B_0615,train,DAMIMAS,4,12,3,5,3,1,22,10
DAMIMAS_A21B_0616,test,DAMIMAS,4,13,2,2,5,4,22,9
DAMIMAS_A21B_0617,train,DAMIMAS,4,12,3,3,5,1,21,9
DAMIMAS_A21B_0618,test,DAMIMAS,4,10,3,4,2,1,17,7
DAMIMAS_A21B_0619,train,DAMIMAS,4,16,6,4,6,0,26,10
DAMIMAS_A21B_0620,train,DAMIMAS,4,14,2,1,9,2,25,11
DAMIMAS_A21B_0621,train,DAMIMAS,4,16,3,3,8,2,27,11
DAMIMAS_A21B_0622,train,DAMIMAS,4,13,2,6,3,2,24,11
DAMIMAS_A21B_0623,train,DAMIMAS,4,12,2,5,5,0,23,11
DAMIMAS_A21B_0624,train,DAMIMAS,4,14,3,1,8,2,23,9
DAMIMAS_A21B_0625,train,DAMIMAS,4,15,0,3,9,3,27,12
DAMIMAS_A21B_0626,train,DAMIMAS,4,14,1,4,4,5,25,11
DAMIMAS_A21B_0627,train,DAMIMAS,4,10,2,4,4,0,17,7
DAMIMAS_A21B_0628,train,DAMIMAS,4,12,0,2,7,3,22,10
DAMIMAS_A21B_0629,train,DAMIMAS,4,9,2,0,6,1,18,9
DAMIMAS_A21B_0630,train,DAMIMAS,4,12,1,5,3,3,23,11
DAMIMAS_A21B_0631,train,DAMIMAS,4,6,0,3,3,0,10,4
DAMIMAS_A21B_0632,train,DAMIMAS,4,21,3,4,10,4,34,13
DAMIMAS_A21B_0633,test,DAMIMAS,4,2,0,0,2,0,4,2
DAMIMAS_A21B_0634,train,DAMIMAS,4,16,4,5,4,3,29,13
DAMIMAS_A21B_0635,train,DAMIMAS,4,18,3,7,5,3,29,11
DAMIMAS_A21B_0636,test,DAMIMAS,4,11,0,1,7,3,19,8
DAMIMAS_A21B_0637,train,DAMIMAS,4,5,2,0,2,1,8,3
DAMIMAS_A21B_0638,train,DAMIMAS,4,12,4,3,4,1,21,9
DAMIMAS_A21B_0639,train,DAMIMAS,4,14,2,1,10,1,24,10
DAMIMAS_A21B_0640,test,DAMIMAS,4,14,1,3,7,3,25,11
DAMIMAS_A21B_0641,train,DAMIMAS,4,15,3,3,5,4,26,11
DAMIMAS_A21B_0642,test,DAMIMAS,4,8,1,1,3,3,14,6
DAMIMAS_A21B_0643,test,DAMIMAS,4,0,0,0,0,0,0,0
DAMIMAS_A21B_0644,train,DAMIMAS,4,12,0,2,7,3,23,11
DAMIMAS_A21B_0645,train,DAMIMAS,4,7,0,0,5,2,13,6
DAMIMAS_A21B_0646,train,DAMIMAS,4,11,0,4,5,2,19,8
DAMIMAS_A21B_0647,train,DAMIMAS,4,11,0,4,7,0,19,8
DAMIMAS_A21B_0648,train,DAMIMAS,4,11,0,0,8,3,19,8
DAMIMAS_A21B_0649,val,DAMIMAS,4,13,0,1,9,3,21,8
DAMIMAS_A21B_0650,train,DAMIMAS,4,13,2,2,6,3,20,7
DAMIMAS_A21B_0651,val,DAMIMAS,4,13,2,2,5,4,23,10
DAMIMAS_A21B_0652,val,DAMIMAS,4,11,2,3,4,2,19,8
DAMIMAS_A21B_0653,train,DAMIMAS,4,12,2,1,6,3,20,8
DAMIMAS_A21B_0654,test,DAMIMAS,4,16,3,6,3,4,27,11
DAMIMAS_A21B_0655,train,DAMIMAS,4,12,2,1,7,2,20,8
DAMIMAS_A21B_0656,train,DAMIMAS,4,16,2,0,9,5,25,9
DAMIMAS_A21B_0657,test,DAMIMAS,4,15,1,2,7,5,27,12
DAMIMAS_A21B_0658,test,DAMIMAS,4,7,1,2,3,1,11,4
DAMIMAS_A21B_0659,train,DAMIMAS,4,12,1,1,8,2,22,10
DAMIMAS_A21B_0660,train,DAMIMAS,4,10,0,2,5,3,17,7
DAMIMAS_A21B_0661,train,DAMIMAS,4,14,1,2,8,3,23,9
DAMIMAS_A21B_0662,val,DAMIMAS,4,3,0,0,1,2,5,2
DAMIMAS_A21B_0663,val,DAMIMAS,4,14,0,2,9,3,24,10
DAMIMAS_A21B_0664,train,DAMIMAS,4,15,1,2,9,3,28,13
DAMIMAS_A21B_0665,train,DAMIMAS,4,13,3,3,6,1,24,11
DAMIMAS_A21B_0666,train,DAMIMAS,4,7,0,0,4,3,12,5
DAMIMAS_A21B_0667,train,DAMIMAS,4,11,2,1,6,2,19,8
DAMIMAS_A21B_0668,train,DAMIMAS,4,15,2,1,7,5,27,12
DAMIMAS_A21B_0669,train,DAMIMAS,4,16,3,1,9,3,29,13
DAMIMAS_A21B_0670,train,DAMIMAS,4,11,1,3,2,5,18,7
DAMIMAS_A21B_0671,train,DAMIMAS,4,13,1,1,8,3,23,10
DAMIMAS_A21B_0672,test,DAMIMAS,4,13,1,2,6,4,24,11
DAMIMAS_A21B_0673,train,DAMIMAS,4,12,2,1,7,2,23,11
DAMIMAS_A21B_0674,test,DAMIMAS,4,10,2,2,4,2,17,7
DAMIMAS_A21B_0675,train,DAMIMAS,4,13,1,2,5,5,26,13
DAMIMAS_A21B_0676,train,DAMIMAS,4,15,1,3,6,5,26,11
DAMIMAS_A21B_0677,train,DAMIMAS,4,14,2,2,5,5,26,12
DAMIMAS_A21B_0678,test,DAMIMAS,4,11,1,4,4,2,20,9
DAMIMAS_A21B_0679,train,DAMIMAS,4,14,0,4,7,3,27,13
DAMIMAS_A21B_0680,train,DAMIMAS,4,17,0,3,11,3,30,13
DAMIMAS_A21B_0681,train,DAMIMAS,4,17,2,1,10,4,28,11
DAMIMAS_A21B_0682,val,DAMIMAS,4,13,3,2,3,5,25,12
DAMIMAS_A21B_0683,val,DAMIMAS,4,16,2,2,7,5,29,13
DAMIMAS_A21B_0684,val,DAMIMAS,4,15,1,2,10,2,27,12
DAMIMAS_A21B_0685,train,DAMIMAS,4,13,2,1,6,4,24,11
DAMIMAS_A21B_0686,train,DAMIMAS,4,13,3,2,6,2,24,11
DAMIMAS_A21B_0687,test,DAMIMAS,4,13,0,3,7,3,20,7
DAMIMAS_A21B_0688,train,DAMIMAS,4,15,2,1,8,4,24,9
DAMIMAS_A21B_0689,train,DAMIMAS,4,14,0,4,5,5,24,10
DAMIMAS_A21B_0690,train,DAMIMAS,4,8,1,1,2,4,16,8
DAMIMAS_A21B_0691,train,DAMIMAS,4,12,0,2,7,3,20,8
DAMIMAS_A21B_0692,train,DAMIMAS,4,9,1,2,5,1,17,8
DAMIMAS_A21B_0693,train,DAMIMAS,4,15,1,2,9,3,26,11
DAMIMAS_A21B_0694,train,DAMIMAS,4,8,2,0,6,0,14,6
DAMIMAS_A21B_0695,train,DAMIMAS,4,14,2,2,6,4,23,9
DAMIMAS_A21B_0696,train,DAMIMAS,4,11,0,1,7,3,21,10
DAMIMAS_A21B_0697,val,DAMIMAS,4,12,1,1,7,3,24,12
DAMIMAS_A21B_0698,train,DAMIMAS,4,12,3,0,5,4,21,9
DAMIMAS_A21B_0699,train,DAMIMAS,4,12,0,2,5,5,19,7
DAMIMAS_A21B_0700,train,DAMIMAS,4,11,3,2,3,3,20,9
DAMIMAS_A21B_0701,train,DAMIMAS,4,14,1,2,9,2,27,13
DAMIMAS_A21B_0702,train,DAMIMAS,4,8,1,0,5,2,18,10
DAMIMAS_A21B_0703,val,DAMIMAS,4,13,2,2,8,1,23,10
DAMIMAS_A21B_0704,train,DAMIMAS,4,13,0,3,6,4,26,13
DAMIMAS_A21B_0705,train,DAMIMAS,4,14,2,2,7,3,26,12
DAMIMAS_A21B_0706,test,DAMIMAS,4,12,3,0,5,4,24,12
DAMIMAS_A21B_0707,train,DAMIMAS,4,14,0,2,10,2,26,12
DAMIMAS_A21B_0708,val,DAMIMAS,4,14,1,2,7,4,28,14
DAMIMAS_A21B_0709,train,DAMIMAS,4,15,3,2,6,4,27,12
DAMIMAS_A21B_0710,train,DAMIMAS,4,12,3,2,5,2,25,13
DAMIMAS_A21B_0711,train,DAMIMAS,4,12,2,2,6,2,23,11
DAMIMAS_A21B_0712,test,DAMIMAS,4,12,1,2,7,2,24,12
DAMIMAS_A21B_0713,test,DAMIMAS,4,10,1,2,5,2,19,9
DAMIMAS_A21B_0714,train,DAMIMAS,4,14,0,3,5,6,26,12
DAMIMAS_A21B_0715,train,DAMIMAS,4,13,2,2,7,2,26,13
DAMIMAS_A21B_0716,test,DAMIMAS,4,14,1,2,9,2,28,14
DAMIMAS_A21B_0717,train,DAMIMAS,4,13,2,2,6,3,24,11
DAMIMAS_A21B_0718,test,DAMIMAS,4,13,3,2,4,4,25,12
DAMIMAS_A21B_0719,train,DAMIMAS,4,11,2,1,8,0,19,8
DAMIMAS_A21B_0720,train,DAMIMAS,4,13,3,0,9,1,25,12
DAMIMAS_A21B_0721,train,DAMIMAS,4,15,2,2,9,2,28,13
DAMIMAS_A21B_0722,train,DAMIMAS,4,12,1,2,7,2,21,9
DAMIMAS_A21B_0723,train,DAMIMAS,4,17,2,4,7,4,36,19
DAMIMAS_A21B_0724,val,DAMIMAS,4,7,1,3,2,1,17,10
DAMIMAS_A21B_0725,val,DAMIMAS,4,7,0,2,4,1,12,5
DAMIMAS_A21B_0726,test,DAMIMAS,4,14,2,2,8,2,27,13
DAMIMAS_A21B_0727,test,DAMIMAS,4,17,3,1,10,3,32,15
DAMIMAS_A21B_0728,train,DAMIMAS,4,14,2,2,6,4,28,14
DAMIMAS_A21B_0729,train,DAMIMAS,4,14,3,1,9,1,28,14
DAMIMAS_A21B_0730,train,DAMIMAS,4,8,2,2,3,1,16,8
DAMIMAS_A21B_0731,train,DAMIMAS,4,6,0,0,6,0,13,7
DAMIMAS_A21B_0732,train,DAMIMAS,4,10,0,0,6,4,16,6
DAMIMAS_A21B_0733,test,DAMIMAS,4,10,0,0,6,4,20,10
DAMIMAS_A21B_0734,train,DAMIMAS,4,9,1,1,5,2,16,7
DAMIMAS_A21B_0735,train,DAMIMAS,4,9,0,0,8,1,17,8
DAMIMAS_A21B_0736,train,DAMIMAS,4,11,0,1,8,2,20,9
DAMIMAS_A21B_0737,test,DAMIMAS,4,7,0,0,5,2,15,8
DAMIMAS_A21B_0738,train,DAMIMAS,4,10,0,0,9,1,17,7
DAMIMAS_A21B_0739,train,DAMIMAS,4,11,0,0,7,4,21,10
DAMIMAS_A21B_0740,train,DAMIMAS,4,13,1,1,7,4,22,9
DAMIMAS_A21B_0741,train,DAMIMAS,4,12,1,2,6,3,26,14
DAMIMAS_A21B_0742,test,DAMIMAS,4,4,1,1,2,0,9,5
DAMIMAS_A21B_0743,val,DAMIMAS,4,9,0,0,4,5,14,5
DAMIMAS_A21B_0744,test,DAMIMAS,4,7,0,2,5,0,13,6
DAMIMAS_A21B_0745,val,DAMIMAS,4,15,2,0,9,4,27,12
DAMIMAS_A21B_0746,train,DAMIMAS,4,12,1,2,6,3,22,10
DAMIMAS_A21B_0747,train,DAMIMAS,4,15,0,3,8,4,32,17
DAMIMAS_A21B_0748,test,DAMIMAS,4,13,2,0,8,3,23,10
DAMIMAS_A21B_0749,test,DAMIMAS,4,14,2,2,7,3,26,12
DAMIMAS_A21B_0750,train,DAMIMAS,4,6,0,0,5,1,12,6
DAMIMAS_A21B_0751,train,DAMIMAS,4,11,2,2,6,1,23,12
DAMIMAS_A21B_0752,train,DAMIMAS,4,6,1,1,4,0,13,7
DAMIMAS_A21B_0753,train,DAMIMAS,4,8,1,1,6,0,17,9
DAMIMAS_A21B_0754,train,DAMIMAS,4,2,1,1,0,0,3,1
DAMIMAS_A21B_0755,train,DAMIMAS,4,9,1,1,5,2,18,9
DAMIMAS_A21B_0756,train,DAMIMAS,4,12,0,0,8,4,23,11
DAMIMAS_A21B_0757,train,DAMIMAS,4,11,0,1,10,0,22,11
DAMIMAS_A21B_0758,train,DAMIMAS,4,6,1,3,0,2,10,4
DAMIMAS_A21B_0759,val,DAMIMAS,4,11,0,0,6,5,21,10
DAMIMAS_A21B_0760,test,DAMIMAS,4,8,0,0,5,3,17,9
DAMIMAS_A21B_0761,train,DAMIMAS,4,13,1,2,7,3,23,10
DAMIMAS_A21B_0762,val,DAMIMAS,4,5,0,1,4,0,10,5
DAMIMAS_A21B_0763,train,DAMIMAS,4,1,0,0,1,0,3,2
DAMIMAS_A21B_0764,train,DAMIMAS,4,7,0,1,4,2,12,5
DAMIMAS_A21B_0765,train,DAMIMAS,4,9,2,1,4,2,18,9
DAMIMAS_A21B_0766,train,DAMIMAS,4,7,1,1,3,2,14,7
DAMIMAS_A21B_0767,train,DAMIMAS,4,8,1,2,4,1,16,8
DAMIMAS_A21B_0768,train,DAMIMAS,4,8,2,1,5,0,16,8
DAMIMAS_A21B_0769,train,DAMIMAS,4,15,0,1,10,4,26,11
DAMIMAS_A21B_0770,train,DAMIMAS,4,11,0,2,7,2,19,8
DAMIMAS_A21B_0771,val,DAMIMAS,4,8,0,3,4,1,15,7
DAMIMAS_A21B_0772,train,DAMIMAS,4,4,2,0,2,0,9,5
DAMIMAS_A21B_0773,train,DAMIMAS,4,8,1,1,5,1,16,8
DAMIMAS_A21B_0774,train,DAMIMAS,4,8,1,1,6,0,8,0
DAMIMAS_A21B_0775,val,DAMIMAS,4,9,0,2,7,0,17,8
DAMIMAS_A21B_0776,val,DAMIMAS,4,8,1,1,4,2,17,9
DAMIMAS_A21B_0777,train,DAMIMAS,4,8,2,0,3,3,18,10
DAMIMAS_A21B_0778,test,DAMIMAS,4,8,0,0,5,3,9,1
DAMIMAS_A21B_0779,train,DAMIMAS,4,6,1,1,4,0,14,8
DAMIMAS_A21B_0780,train,DAMIMAS,4,5,0,0,1,4,7,2
DAMIMAS_A21B_0781,train,DAMIMAS,4,12,0,4,5,3,22,10
DAMIMAS_A21B_0782,val,DAMIMAS,4,4,0,0,3,1,7,3
DAMIMAS_A21B_0783,val,DAMIMAS,4,14,1,2,8,3,23,9
DAMIMAS_A21B_0784,train,DAMIMAS,4,8,0,3,4,1,13,5
DAMIMAS_A21B_0785,train,DAMIMAS,4,6,0,2,4,0,14,8
DAMIMAS_A21B_0786,val,DAMIMAS,4,3,1,1,1,0,6,3
DAMIMAS_A21B_0787,val,DAMIMAS,4,7,0,3,4,0,12,5
DAMIMAS_A21B_0788,train,DAMIMAS,4,11,0,1,7,3,21,10
DAMIMAS_A21B_0789,train,DAMIMAS,4,16,2,5,4,5,26,10
DAMIMAS_A21B_0790,train,DAMIMAS,4,8,2,0,6,0,15,7
DAMIMAS_A21B_0791,test,DAMIMAS,4,5,0,1,4,0,9,4
DAMIMAS_A21B_0792,train,DAMIMAS,4,12,0,3,7,2,22,10
DAMIMAS_A21B_0793,train,DAMIMAS,4,0,0,0,0,0,0,0
DAMIMAS_A21B_0794,val,DAMIMAS,4,11,0,2,9,0,20,9
DAMIMAS_A21B_0795,val,DAMIMAS,4,5,1,1,3,0,8,3
DAMIMAS_A21B_0796,val,DAMIMAS,4,6,0,0,5,1,13,7
DAMIMAS_A21B_0797,train,DAMIMAS,4,7,1,4,2,0,13,6
DAMIMAS_A21B_0798,train,DAMIMAS,4,7,1,2,4,0,14,7
DAMIMAS_A21B_0799,train,DAMIMAS,4,8,0,0,5,3,15,7
DAMIMAS_A21B_0800,train,DAMIMAS,4,10,0,2,5,3,17,7
DAMIMAS_A21B_0801,train,DAMIMAS,4,10,1,4,2,3,21,11
DAMIMAS_A21B_0802,train,DAMIMAS,4,9,1,2,2,4,14,5
DAMIMAS_A21B_0803,train,DAMIMAS,4,14,1,1,8,4,25,11
DAMIMAS_A21B_0804,train,DAMIMAS,4,9,1,2,5,1,17,8
DAMIMAS_A21B_0805,train,DAMIMAS,4,12,2,4,3,3,26,14
DAMIMAS_A21B_0806,train,DAMIMAS,4,7,1,0,5,1,14,7
DAMIMAS_A21B_0807,train,DAMIMAS,4,12,0,1,1,10,20,8
DAMIMAS_A21B_0808,train,DAMIMAS,4,10,2,1,3,4,22,12
DAMIMAS_A21B_0809,val,DAMIMAS,4,12,2,2,6,2,24,12
DAMIMAS_A21B_0810,val,DAMIMAS,8,14,1,1,8,4,46,32
DAMIMAS_A21B_0811,train,DAMIMAS,8,17,2,1,14,0,48,31
DAMIMAS_A21B_0812,val,DAMIMAS,8,11,2,4,5,0,40,29
DAMIMAS_A21B_0813,test,DAMIMAS,8,10,1,0,6,3,23,13
DAMIMAS_A21B_0814,test,DAMIMAS,8,7,0,0,6,1,24,17
DAMIMAS_A21B_0815,train,DAMIMAS,8,14,1,2,9,2,51,37
DAMIMAS_A21B_0816,train,DAMIMAS,8,19,1,4,13,1,45,26
DAMIMAS_A21B_0817,val,DAMIMAS,8,8,3,2,3,0,28,20
DAMIMAS_A21B_0818,train,DAMIMAS,8,10,0,4,6,0,40,30
DAMIMAS_A21B_0819,train,DAMIMAS,8,16,0,2,11,3,44,28
DAMIMAS_A21B_0820,train,DAMIMAS,8,10,0,2,8,0,47,37
DAMIMAS_A21B_0821,val,DAMIMAS,8,9,2,2,4,1,23,14
DAMIMAS_A21B_0822,test,DAMIMAS,8,12,1,1,10,0,38,26
DAMIMAS_A21B_0823,train,DAMIMAS,8,14,2,1,9,2,57,43
DAMIMAS_A21B_0824,val,DAMIMAS,8,10,2,5,3,0,41,31
DAMIMAS_A21B_0825,val,DAMIMAS,8,12,2,0,7,3,29,17
DAMIMAS_A21B_0826,val,DAMIMAS,8,6,0,3,3,0,21,15
DAMIMAS_A21B_0827,train,DAMIMAS,8,15,1,1,8,5,45,30
DAMIMAS_A21B_0828,train,DAMIMAS,8,16,2,6,8,0,49,33
DAMIMAS_A21B_0829,val,DAMIMAS,8,11,2,1,6,2,33,22
DAMIMAS_A21B_0830,train,DAMIMAS,8,11,3,2,6,0,34,23
DAMIMAS_A21B_0831,train,DAMIMAS,8,13,1,2,7,3,52,39
DAMIMAS_A21B_0832,train,DAMIMAS,8,10,0,4,5,1,37,27
DAMIMAS_A21B_0833,train,DAMIMAS,8,7,2,1,4,0,22,15
DAMIMAS_A21B_0834,train,DAMIMAS,8,15,1,6,5,3,46,31
DAMIMAS_A21B_0835,train,DAMIMAS,8,19,0,0,15,4,43,24
DAMIMAS_A21B_0836,train,DAMIMAS,8,9,3,2,4,0,36,27
DAMIMAS_A21B_0837,train,DAMIMAS,8,13,2,1,9,1,35,22
DAMIMAS_A21B_0838,train,DAMIMAS,8,12,0,1,4,7,38,26
DAMIMAS_A21B_0839,val,DAMIMAS,8,9,1,1,6,1,35,26
DAMIMAS_A21B_0840,train,DAMIMAS,8,15,2,7,6,0,45,30
DAMIMAS_A21B_0841,train,DAMIMAS,8,9,3,0,4,2,22,13
DAMIMAS_A21B_0842,train,DAMIMAS,8,14,2,3,7,2,46,32
DAMIMAS_A21B_0843,test,DAMIMAS,8,13,0,1,9,3,34,21
DAMIMAS_A21B_0844,train,DAMIMAS,8,16,1,4,9,2,45,29
DAMIMAS_A21B_0845,val,DAMIMAS,8,8,1,0,3,4,20,12
DAMIMAS_A21B_0846,train,DAMIMAS,8,7,0,4,3,0,26,19
DAMIMAS_A21B_0847,test,DAMIMAS,8,16,1,4,10,1,44,28
DAMIMAS_A21B_0848,val,DAMIMAS,8,5,0,1,4,0,25,20
DAMIMAS_A21B_0849,train,DAMIMAS,8,7,1,1,4,1,19,12
DAMIMAS_A21B_0850,train,DAMIMAS,8,13,1,2,6,4,43,30
DAMIMAS_A21B_0851,train,DAMIMAS,8,21,0,5,13,3,51,30
DAMIMAS_A21B_0852,train,DAMIMAS,8,5,2,3,0,0,14,9
DAMIMAS_A21B_0853,train,DAMIMAS,8,13,2,2,8,1,31,18
DAMIMAS_A21B_0854,train,DAMIMAS,8,15,3,3,5,4,44,29
LONSUM_A21A_0001,train,LONSUM,4,5,0,0,5,0,12,7
LONSUM_A21A_0002,test,LONSUM,4,6,0,4,2,0,13,7
LONSUM_A21A_0003,val,LONSUM,4,10,0,0,4,6,15,5
LONSUM_A21A_0004,train,LONSUM,4,10,0,4,6,0,19,9
LONSUM_A21A_0005,train,LONSUM,4,7,0,0,5,2,11,4
LONSUM_A21A_0006,train,LONSUM,4,7,1,2,2,2,12,5
LONSUM_A21A_0007,test,LONSUM,4,7,0,0,7,0,15,8
LONSUM_A21A_0008,val,LONSUM,4,2,0,0,2,0,3,1
LONSUM_A21A_0009,train,LONSUM,4,8,1,1,3,3,13,5
LONSUM_A21A_0010,train,LONSUM,4,8,0,4,3,1,16,8
LONSUM_A21A_0011,train,LONSUM,4,12,0,1,10,1,20,8
LONSUM_A21A_0012,train,LONSUM,4,5,0,2,2,1,11,6
LONSUM_A21A_0013,train,LONSUM,4,3,0,0,3,0,6,3
LONSUM_A21A_0014,train,LONSUM,4,5,0,0,4,1,9,4
LONSUM_A21A_0015,train,LONSUM,4,9,0,0,6,3,17,8
LONSUM_A21A_0016,val,LONSUM,4,2,0,0,2,0,4,2
LONSUM_A21A_0017,train,LONSUM,4,2,0,0,2,0,5,3
LONSUM_A21A_0018,val,LONSUM,4,6,0,2,3,1,12,6
LONSUM_A21A_0019,train,LONSUM,4,9,0,1,7,1,17,8
LONSUM_A21A_0020,train,LONSUM,4,4,0,1,3,0,8,4
LONSUM_A21A_0021,val,LONSUM,4,7,0,1,5,1,14,7
LONSUM_A21A_0022,train,LONSUM,4,5,0,3,2,0,8,3
LONSUM_A21A_0023,train,LONSUM,4,8,0,0,8,0,16,8
LONSUM_A21A_0024,train,LONSUM,4,2,0,0,1,1,5,3
LONSUM_A21A_0025,train,LONSUM,4,5,0,0,4,1,12,7
LONSUM_A21A_0026,test,LONSUM,4,5,0,1,3,1,9,4
LONSUM_A21A_0027,train,LONSUM,4,9,0,0,5,4,21,12
LONSUM_A21A_0028,test,LONSUM,4,10,0,1,8,1,18,8
LONSUM_A21A_0029,train,LONSUM,4,10,0,2,6,2,16,6
LONSUM_A21A_0030,train,LONSUM,4,1,0,1,0,0,3,2
LONSUM_A21A_0031,train,LONSUM,4,7,0,1,6,0,16,9
LONSUM_A21A_0032,train,LONSUM,4,1,0,0,1,0,2,1
LONSUM_A21A_0033,train,LONSUM,4,4,0,0,3,1,10,6
LONSUM_A21A_0034,train,LONSUM,4,9,1,1,5,2,17,8
LONSUM_A21A_0035,train,LONSUM,4,7,0,0,6,1,16,9
LONSUM_A21A_0036,train,LONSUM,4,7,0,1,6,0,15,8
LONSUM_A21A_0037,train,LONSUM,4,2,0,0,0,2,5,3
LONSUM_A21A_0038,val,LONSUM,4,7,0,2,1,4,16,9
LONSUM_A21A_0039,train,LONSUM,4,7,0,0,7,0,12,5
LONSUM_A21A_0040,train,LONSUM,4,4,0,0,4,0,10,6
LONSUM_A21A_0041,train,LONSUM,4,3,0,0,3,0,6,3
LONSUM_A21A_0042,train,LONSUM,4,2,0,0,1,1,5,3
LONSUM_A21A_0043,train,LONSUM,4,5,0,0,4,1,9,4
LONSUM_A21A_0044,train,LONSUM,4,9,0,1,8,0,16,7
LONSUM_A21A_0045,train,LONSUM,4,6,1,1,4,0,12,6
LONSUM_A21A_0046,val,LONSUM,4,2,0,0,1,1,4,2
LONSUM_A21A_0047,train,LONSUM,4,8,0,0,5,3,14,6
LONSUM_A21A_0048,train,LONSUM,4,6,0,2,4,0,15,9
LONSUM_A21A_0049,test,LONSUM,4,2,0,0,1,1,7,5
LONSUM_A21A_0050,train,LONSUM,4,9,0,4,3,2,19,10
LONSUM_A21A_0051,test,LONSUM,4,6,0,0,6,0,14,8
LONSUM_A21A_0052,train,LONSUM,4,4,0,0,4,0,8,4
LONSUM_A21A_0053,test,LONSUM,4,6,1,1,3,1,12,6
LONSUM_A21A_0054,val,LONSUM,4,7,0,3,3,1,15,8
LONSUM_A21A_0055,test,LONSUM,4,7,0,0,6,1,11,4
LONSUM_A21A_0056,train,LONSUM,4,7,0,0,7,0,13,6
LONSUM_A21A_0057,train,LONSUM,4,3,0,0,2,1,3,0
LONSUM_A21A_0058,train,LONSUM,4,11,0,3,4,4,18,7
LONSUM_A21A_0059,train,LONSUM,4,11,0,0,9,2,18,7
LONSUM_A21A_0060,train,LONSUM,4,5,0,1,4,0,12,7
LONSUM_A21A_0061,val,LONSUM,4,6,1,0,5,0,11,5
LONSUM_A21A_0062,val,LONSUM,4,9,0,3,4,2,14,5
LONSUM_A21A_0063,train,LONSUM,4,11,0,1,6,4,20,9
LONSUM_A21A_0064,train,LONSUM,4,5,1,0,4,0,7,2
LONSUM_A21A_0065,train,LONSUM,4,8,0,0,5,3,13,5
LONSUM_A21A_0066,train,LONSUM,4,8,0,2,3,3,13,5
LONSUM_A21A_0067,test,LONSUM,4,10,0,3,6,1,18,8
LONSUM_A21A_0068,train,LONSUM,4,9,0,2,7,0,17,8
LONSUM_A21A_0069,train,LONSUM,4,4,0,0,1,3,5,1
LONSUM_A21A_0070,train,LONSUM,4,7,0,3,3,1,12,5
LONSUM_A21A_0071,train,LONSUM,4,4,0,1,3,0,8,4
LONSUM_A21A_0072,train,LONSUM,4,1,0,0,1,0,1,0
LONSUM_A21A_0073,train,LONSUM,4,2,0,0,1,1,2,0
LONSUM_A21A_0074,train,LONSUM,4,4,0,0,3,1,9,5
LONSUM_A21A_0075,train,LONSUM,4,7,0,0,6,1,11,4
LONSUM_A21A_0076,val,LONSUM,4,5,0,1,4,0,11,6
LONSUM_A21A_0077,train,LONSUM,4,5,0,0,2,3,7,2
LONSUM_A21A_0078,val,LONSUM,4,10,0,3,5,2,16,6
LONSUM_A21A_0079,train,LONSUM,4,5,0,0,5,0,8,3
LONSUM_A21A_0080,train,LONSUM,4,3,0,0,3,0,5,2
LONSUM_A21A_0081,train,LONSUM,4,4,0,0,2,2,7,3
LONSUM_A21A_0082,train,LONSUM,4,3,0,0,2,1,6,3
LONSUM_A21A_0083,train,LONSUM,4,9,0,0,9,0,16,7
LONSUM_A21A_0084,test,LONSUM,4,3,0,0,3,0,4,1
LONSUM_A21A_0085,train,LONSUM,4,2,0,0,1,1,2,0
LONSUM_A21A_0086,test,LONSUM,4,7,0,1,4,2,10,3
LONSUM_A21A_0087,test,LONSUM,4,5,0,0,5,0,8,3
LONSUM_A21A_0088,train,LONSUM,4,11,0,4,7,0,18,7
LONSUM_A21A_0089,test,LONSUM,4,0,0,0,0,0,0,0
LONSUM_A21A_0090,train,LONSUM,4,5,0,0,3,2,10,5
LONSUM_A21A_0091,val,LONSUM,4,11,0,0,10,1,16,5
LONSUM_A21A_0092,train,LONSUM,4,8,0,0,8,0,12,4
LONSUM_A21A_0093,val,LONSUM,4,4,0,0,4,0,7,3
LONSUM_A21A_0094,test,LONSUM,4,7,1,1,4,1,12,5
LONSUM_A21A_0095,train,LONSUM,4,7,0,0,5,2,12,5
LONSUM_A21A_0096,train,LONSUM,4,6,0,0,6,0,8,2
LONSUM_A21A_0097,val,LONSUM,4,3,0,0,1,2,5,2
LONSUM_A21A_0098,train,LONSUM,4,4,0,2,1,1,9,5
LONSUM_A21A_0099,test,LONSUM,4,10,0,0,9,1,15,5
