tree_id,n_sides,n_total,class,naive,gt,ratio,class_frac
DAMIMAS_A21B_0002,4,25,B1,4,1,4.0,0.16
DAMIMAS_A21B_0002,4,25,B3,11,7,1.5714285714285714,0.44
DAMIMAS_A21B_0002,4,25,B4,10,4,2.5,0.4
DAMIMAS_A21B_0003,4,20,B1,2,1,2.0,0.1
DAMIMAS_A21B_0003,4,20,B2,5,2,2.5,0.25
DAMIMAS_A21B_0003,4,20,B3,11,5,2.2,0.55
DAMIMAS_A21B_0003,4,20,B4,2,1,2.0,0.1
DAMIMAS_A21B_0004,4,15,B3,15,8,1.875,1.0
DAMIMAS_A21B_0006,4,16,B1,2,1,2.0,0.125
DAMIMAS_A21B_0006,4,16,B3,8,5,1.6,0.5
DAMIMAS_A21B_0006,4,16,B4,6,3,2.0,0.375
DAMIMAS_A21B_0007,4,30,B1,6,3,2.0,0.2
DAMIMAS_A21B_0007,4,30,B2,4,3,1.3333333333333333,0.13333333333333333
DAMIMAS_A21B_0007,4,30,B3,15,9,1.6666666666666667,0.5
DAMIMAS_A21B_0007,4,30,B4,5,3,1.6666666666666667,0.16666666666666666
DAMIMAS_A21B_0008,4,18,B1,4,2,2.0,0.2222222222222222
DAMIMAS_A21B_0008,4,18,B2,6,3,2.0,0.3333333333333333
DAMIMAS_A21B_0008,4,18,B3,8,4,2.0,0.4444444444444444
DAMIMAS_A21B_0009,4,10,B3,6,3,2.0,0.6
DAMIMAS_A21B_0009,4,10,B4,4,3,1.3333333333333333,0.4
DAMIMAS_A21B_0010,4,22,B2,5,2,2.5,0.22727272727272727
DAMIMAS_A21B_0010,4,22,B3,11,6,1.8333333333333333,0.5
DAMIMAS_A21B_0010,4,22,B4,6,3,2.0,0.2727272727272727
DAMIMAS_A21B_0011,4,14,B1,2,1,2.0,0.14285714285714285
DAMIMAS_A21B_0011,4,14,B2,1,1,1.0,0.07142857142857142
DAMIMAS_A21B_0011,4,14,B3,10,4,2.5,0.7142857142857143
DAMIMAS_A21B_0011,4,14,B4,1,1,1.0,0.07142857142857142
DAMIMAS_A21B_0016,4,8,B1,1,1,1.0,0.125
DAMIMAS_A21B_0016,4,8,B3,7,4,1.75,0.875
DAMIMAS_A21B_0017,4,17,B2,2,1,2.0,0.11764705882352941
DAMIMAS_A21B_0017,4,17,B3,6,3,2.0,0.35294117647058826
DAMIMAS_A21B_0017,4,17,B4,9,4,2.25,0.5294117647058824
DAMIMAS_A21B_0018,4,11,B1,2,1,2.0,0.18181818181818182
DAMIMAS_A21B_0018,4,11,B3,7,3,2.3333333333333335,0.6363636363636364
DAMIMAS_A21B_0018,4,11,B4,2,1,2.0,0.18181818181818182
DAMIMAS_A21B_0019,4,25,B1,4,2,2.0,0.16
DAMIMAS_A21B_0019,4,25,B3,15,8,1.875,0.6
DAMIMAS_A21B_0019,4,25,B4,6,3,2.0,0.24
DAMIMAS_A21B_0020,4,16,B1,2,1,2.0,0.125
DAMIMAS_A21B_0020,4,16,B2,2,1,2.0,0.125
DAMIMAS_A21B_0020,4,16,B3,7,4,1.75,0.4375
DAMIMAS_A21B_0020,4,16,B4,5,3,1.6666666666666667,0.3125
DAMIMAS_A21B_0023,4,16,B1,2,1,2.0,0.125
DAMIMAS_A21B_0023,4,16,B2,6,3,2.0,0.375
DAMIMAS_A21B_0023,4,16,B3,8,5,1.6,0.5
DAMIMAS_A21B_0024,4,20,B1,3,1,3.0,0.15
DAMIMAS_A21B_0024,4,20,B3,11,6,1.8333333333333333,0.55
DAMIMAS_A21B_0024,4,20,B4,6,3,2.0,0.3
DAMIMAS_A21B_0025,4,12,B1,3,1,3.0,0.25
DAMIMAS_A21B_0025,4,12,B2,2,1,2.0,0.16666666666666666
DAMIMAS_A21B_0025,4,12,B3,7,5,1.4,0.5833333333333334
DAMIMAS_A21B_0027,4,21,B1,7,3,2.3333333333333335,0.3333333333333333
DAMIMAS_A21B_0027,4,21,B3,11,6,1.8333333333333333,0.5238095238095238
DAMIMAS_A21B_0027,4,21,B4,3,2,1.5,0.14285714285714285
DAMIMAS_A21B_0029,4,23,B1,2,1,2.0,0.08695652173913043
DAMIMAS_A21B_0029,4,23,B2,6,2,3.0,0.2608695652173913
DAMIMAS_A21B_0029,4,23,B3,10,5,2.0,0.43478260869565216
DAMIMAS_A21B_0029,4,23,B4,5,2,2.5,0.21739130434782608
DAMIMAS_A21B_0030,4,13,B3,9,5,1.8,0.6923076923076923
DAMIMAS_A21B_0030,4,13,B4,4,3,1.3333333333333333,0.3076923076923077
DAMIMAS_A21B_0031,4,13,B2,2,1,2.0,0.15384615384615385
DAMIMAS_A21B_0031,4,13,B3,8,4,2.0,0.6153846153846154
DAMIMAS_A21B_0031,4,13,B4,3,2,1.5,0.23076923076923078
DAMIMAS_A21B_0032,4,22,B1,4,2,2.0,0.18181818181818182
DAMIMAS_A21B_0032,4,22,B2,2,1,2.0,0.09090909090909091
DAMIMAS_A21B_0032,4,22,B3,10,5,2.0,0.45454545454545453
DAMIMAS_A21B_0032,4,22,B4,6,3,2.0,0.2727272727272727
DAMIMAS_A21B_0033,4,18,B3,16,8,2.0,0.8888888888888888
DAMIMAS_A21B_0033,4,18,B4,2,2,1.0,0.1111111111111111
DAMIMAS_A21B_0034,4,16,B2,2,1,2.0,0.125
DAMIMAS_A21B_0034,4,16,B3,6,3,2.0,0.375
DAMIMAS_A21B_0034,4,16,B4,8,6,1.3333333333333333,0.5
DAMIMAS_A21B_0035,4,13,B2,9,7,1.2857142857142858,0.6923076923076923
DAMIMAS_A21B_0035,4,13,B3,4,2,2.0,0.3076923076923077
DAMIMAS_A21B_0036,4,15,B2,2,1,2.0,0.13333333333333333
DAMIMAS_A21B_0036,4,15,B3,13,7,1.8571428571428572,0.8666666666666667
DAMIMAS_A21B_0040,4,21,B1,4,2,2.0,0.19047619047619047
DAMIMAS_A21B_0040,4,21,B2,3,2,1.5,0.14285714285714285
DAMIMAS_A21B_0040,4,21,B3,8,4,2.0,0.38095238095238093
DAMIMAS_A21B_0040,4,21,B4,6,3,2.0,0.2857142857142857
DAMIMAS_A21B_0042,4,15,B1,5,2,2.5,0.3333333333333333
DAMIMAS_A21B_0042,4,15,B2,2,1,2.0,0.13333333333333333
DAMIMAS_A21B_0042,4,15,B3,6,4,1.5,0.4
DAMIMAS_A21B_0042,4,15,B4,2,1,2.0,0.13333333333333333
DAMIMAS_A21B_0043,4,23,B1,3,2,1.5,0.13043478260869565
DAMIMAS_A21B_0043,4,23,B2,6,3,2.0,0.2608695652173913
DAMIMAS_A21B_0043,4,23,B3,14,6,2.3333333333333335,0.6086956521739131
DAMIMAS_A21B_0045,4,29,B1,2,1,2.0,0.06896551724137931
DAMIMAS_A21B_0045,4,29,B3,20,10,2.0,0.6896551724137931
DAMIMAS_A21B_0045,4,29,B4,7,4,1.75,0.2413793103448276
DAMIMAS_A21B_0049,4,13,B3,9,5,1.8,0.6923076923076923
DAMIMAS_A21B_0049,4,13,B4,4,3,1.3333333333333333,0.3076923076923077
DAMIMAS_A21B_0050,4,15,B1,4,2,2.0,0.26666666666666666
DAMIMAS_A21B_0050,4,15,B3,7,3,2.3333333333333335,0.4666666666666667
DAMIMAS_A21B_0050,4,15,B4,4,2,2.0,0.26666666666666666
DAMIMAS_A21B_0051,4,25,B2,2,1,2.0,0.08
DAMIMAS_A21B_0051,4,25,B3,17,9,1.8888888888888888,0.68
DAMIMAS_A21B_0051,4,25,B4,6,4,1.5,0.24
DAMIMAS_A21B_0052,4,25,B1,4,2,2.0,0.16
DAMIMAS_A21B_0052,4,25,B2,5,3,1.6666666666666667,0.2
DAMIMAS_A21B_0052,4,25,B3,15,9,1.6666666666666667,0.6
DAMIMAS_A21B_0052,4,25,B4,1,1,1.0,0.04
DAMIMAS_A21B_0053,4,15,B2,3,2,1.5,0.2
DAMIMAS_A21B_0053,4,15,B3,9,5,1.8,0.6
DAMIMAS_A21B_0053,4,15,B4,3,2,1.5,0.2
DAMIMAS_A21B_0055,4,22,B1,2,1,2.0,0.09090909090909091
DAMIMAS_A21B_0055,4,22,B2,5,3,1.6666666666666667,0.22727272727272727
DAMIMAS_A21B_0055,4,22,B3,13,7,1.8571428571428572,0.5909090909090909
DAMIMAS_A21B_0055,4,22,B4,2,2,1.0,0.09090909090909091
DAMIMAS_A21B_0056,4,15,B1,2,1,2.0,0.13333333333333333
DAMIMAS_A21B_0056,4,15,B2,2,1,2.0,0.13333333333333333
DAMIMAS_A21B_0056,4,15,B3,7,4,1.75,0.4666666666666667
DAMIMAS_A21B_0056,4,15,B4,4,2,2.0,0.26666666666666666
DAMIMAS_A21B_0057,4,24,B1,4,2,2.0,0.16666666666666666
DAMIMAS_A21B_0057,4,24,B2,2,1,2.0,0.08333333333333333
DAMIMAS_A21B_0057,4,24,B3,11,6,1.8333333333333333,0.4583333333333333
DAMIMAS_A21B_0057,4,24,B4,7,4,1.75,0.2916666666666667
DAMIMAS_A21B_0058,4,16,B1,3,1,3.0,0.1875
DAMIMAS_A21B_0058,4,16,B2,2,1,2.0,0.125
DAMIMAS_A21B_0058,4,16,B3,7,3,2.3333333333333335,0.4375
DAMIMAS_A21B_0058,4,16,B4,4,2,2.0,0.25
DAMIMAS_A21B_0061,4,21,B1,2,1,2.0,0.09523809523809523
DAMIMAS_A21B_0061,4,21,B3,17,8,2.125,0.8095238095238095
DAMIMAS_A21B_0061,4,21,B4,2,1,2.0,0.09523809523809523
DAMIMAS_A21B_0062,4,16,B2,6,2,3.0,0.375
DAMIMAS_A21B_0062,4,16,B3,7,3,2.3333333333333335,0.4375
DAMIMAS_A21B_0062,4,16,B4,3,2,1.5,0.1875
DAMIMAS_A21B_0064,4,13,B2,3,1,3.0,0.23076923076923078
DAMIMAS_A21B_0064,4,13,B3,10,5,2.0,0.7692307692307693
DAMIMAS_A21B_0065,4,25,B1,5,2,2.5,0.2
DAMIMAS_A21B_0065,4,25,B2,2,1,2.0,0.08
DAMIMAS_A21B_0065,4,25,B3,12,6,2.0,0.48
DAMIMAS_A21B_0065,4,25,B4,6,3,2.0,0.24
DAMIMAS_A21B_0066,4,27,B1,4,2,2.0,0.14814814814814814
DAMIMAS_A21B_0066,4,27,B2,4,2,2.0,0.14814814814814814
DAMIMAS_A21B_0066,4,27,B3,10,5,2.0,0.37037037037037035
DAMIMAS_A21B_0066,4,27,B4,9,5,1.8,0.3333333333333333
DAMIMAS_A21B_0067,4,25,B1,7,3,2.3333333333333335,0.28
DAMIMAS_A21B_0067,4,25,B2,2,1,2.0,0.08
DAMIMAS_A21B_0067,4,25,B3,13,7,1.8571428571428572,0.52
DAMIMAS_A21B_0067,4,25,B4,3,1,3.0,0.12
DAMIMAS_A21B_0068,4,18,B1,2,1,2.0,0.1111111111111111
DAMIMAS_A21B_0068,4,18,B2,7,4,1.75,0.3888888888888889
DAMIMAS_A21B_0068,4,18,B3,6,3,2.0,0.3333333333333333
DAMIMAS_A21B_0068,4,18,B4,3,2,1.5,0.16666666666666666
DAMIMAS_A21B_0069,4,19,B1,3,1,3.0,0.15789473684210525
DAMIMAS_A21B_0069,4,19,B2,2,1,2.0,0.10526315789473684
DAMIMAS_A21B_0069,4,19,B3,12,7,1.7142857142857142,0.631578947368421
DAMIMAS_A21B_0069,4,19,B4,2,1,2.0,0.10526315789473684
DAMIMAS_A21B_0070,4,17,B3,11,5,2.2,0.6470588235294118
DAMIMAS_A21B_0070,4,17,B4,6,3,2.0,0.35294117647058826
DAMIMAS_A21B_0071,4,18,B1,2,1,2.0,0.1111111111111111
DAMIMAS_A21B_0071,4,18,B2,3,1,3.0,0.16666666666666666
DAMIMAS_A21B_0071,4,18,B3,13,6,2.1666666666666665,0.7222222222222222
DAMIMAS_A21B_0072,4,22,B1,2,1,2.0,0.09090909090909091
DAMIMAS_A21B_0072,4,22,B2,6,3,2.0,0.2727272727272727
DAMIMAS_A21B_0072,4,22,B3,12,6,2.0,0.5454545454545454
DAMIMAS_A21B_0072,4,22,B4,2,1,2.0,0.09090909090909091
DAMIMAS_A21B_0074,2,4,B3,2,2,1.0,0.5
DAMIMAS_A21B_0074,2,4,B4,2,2,1.0,0.5
DAMIMAS_A21B_0075,4,31,B1,3,1,3.0,0.0967741935483871
DAMIMAS_A21B_0075,4,31,B2,4,2,2.0,0.12903225806451613
DAMIMAS_A21B_0075,4,31,B3,20,11,1.8181818181818181,0.6451612903225806
DAMIMAS_A21B_0075,4,31,B4,4,3,1.3333333333333333,0.12903225806451613
DAMIMAS_A21B_0077,4,17,B1,5,2,2.5,0.29411764705882354
DAMIMAS_A21B_0077,4,17,B3,12,7,1.7142857142857142,0.7058823529411765
DAMIMAS_A21B_0078,4,21,B1,2,1,2.0,0.09523809523809523
DAMIMAS_A21B_0078,4,21,B2,5,2,2.5,0.23809523809523808
DAMIMAS_A21B_0078,4,21,B3,12,6,2.0,0.5714285714285714
DAMIMAS_A21B_0078,4,21,B4,2,2,1.0,0.09523809523809523
DAMIMAS_A21B_0079,4,26,B2,7,4,1.75,0.2692307692307692
DAMIMAS_A21B_0079,4,26,B3,19,9,2.111111111111111,0.7307692307692307
DAMIMAS_A21B_0080,4,20,B1,2,1,2.0,0.1
DAMIMAS_A21B_0080,4,20,B2,4,2,2.0,0.2
DAMIMAS_A21B_0080,4,20,B3,6,3,2.0,0.3
DAMIMAS_A21B_0080,4,20,B4,8,5,1.6,0.4
DAMIMAS_A21B_0081,4,22,B1,2,2,1.0,0.09090909090909091
DAMIMAS_A21B_0081,4,22,B2,5,2,2.5,0.22727272727272727
DAMIMAS_A21B_0081,4,22,B3,10,5,2.0,0.45454545454545453
DAMIMAS_A21B_0081,4,22,B4,5,4,1.25,0.22727272727272727
DAMIMAS_A21B_0082,4,13,B2,6,3,2.0,0.46153846153846156
DAMIMAS_A21B_0082,4,13,B3,6,3,2.0,0.46153846153846156
DAMIMAS_A21B_0082,4,13,B4,1,1,1.0,0.07692307692307693
DAMIMAS_A21B_0083,4,21,B2,5,3,1.6666666666666667,0.23809523809523808
DAMIMAS_A21B_0083,4,21,B3,16,8,2.0,0.7619047619047619
DAMIMAS_A21B_0084,4,11,B3,11,5,2.2,1.0
DAMIMAS_A21B_0085,4,28,B2,6,2,3.0,0.21428571428571427
DAMIMAS_A21B_0085,4,28,B3,17,9,1.8888888888888888,0.6071428571428571
DAMIMAS_A21B_0085,4,28,B4,5,3,1.6666666666666667,0.17857142857142858
DAMIMAS_A21B_0086,4,19,B1,2,1,2.0,0.10526315789473684
DAMIMAS_A21B_0086,4,19,B2,2,1,2.0,0.10526315789473684
DAMIMAS_A21B_0086,4,19,B3,13,6,2.1666666666666665,0.6842105263157895
DAMIMAS_A21B_0086,4,19,B4,2,1,2.0,0.10526315789473684
DAMIMAS_A21B_0087,4,25,B1,2,1,2.0,0.08
DAMIMAS_A21B_0087,4,25,B2,5,3,1.6666666666666667,0.2
DAMIMAS_A21B_0087,4,25,B3,16,8,2.0,0.64
DAMIMAS_A21B_0087,4,25,B4,2,1,2.0,0.08
DAMIMAS_A21B_0090,4,10,B2,3,1,3.0,0.3
DAMIMAS_A21B_0090,4,10,B3,5,2,2.5,0.5
DAMIMAS_A21B_0090,4,10,B4,2,1,2.0,0.2
DAMIMAS_A21B_0091,4,20,B2,6,3,2.0,0.3
DAMIMAS_A21B_0091,4,20,B3,14,7,2.0,0.7
DAMIMAS_A21B_0093,4,18,B3,14,7,2.0,0.7777777777777778
DAMIMAS_A21B_0093,4,18,B4,4,2,2.0,0.2222222222222222
DAMIMAS_A21B_0095,4,15,B1,2,1,2.0,0.13333333333333333
DAMIMAS_A21B_0095,4,15,B2,8,4,2.0,0.5333333333333333
DAMIMAS_A21B_0095,4,15,B3,5,3,1.6666666666666667,0.3333333333333333
DAMIMAS_A21B_0097,4,22,B1,1,1,1.0,0.045454545454545456
DAMIMAS_A21B_0097,4,22,B2,4,2,2.0,0.18181818181818182
DAMIMAS_A21B_0097,4,22,B3,12,6,2.0,0.5454545454545454
DAMIMAS_A21B_0097,4,22,B4,5,3,1.6666666666666667,0.22727272727272727
DAMIMAS_A21B_0098,4,19,B2,2,1,2.0,0.10526315789473684
DAMIMAS_A21B_0098,4,19,B3,8,4,2.0,0.42105263157894735
DAMIMAS_A21B_0098,4,19,B4,9,5,1.8,0.47368421052631576
DAMIMAS_A21B_0099,4,24,B1,5,2,2.5,0.20833333333333334
DAMIMAS_A21B_0099,4,24,B2,8,4,2.0,0.3333333333333333
DAMIMAS_A21B_0099,4,24,B3,9,5,1.8,0.375
DAMIMAS_A21B_0099,4,24,B4,2,1,2.0,0.08333333333333333
DAMIMAS_A21B_0101,4,15,B1,2,1,2.0,0.13333333333333333
DAMIMAS_A21B_0101,4,15,B2,7,3,2.3333333333333335,0.4666666666666667
DAMIMAS_A21B_0101,4,15,B3,6,3,2.0,0.4
DAMIMAS_A21B_0102,4,18,B3,16,7,2.2857142857142856,0.8888888888888888
DAMIMAS_A21B_0102,4,18,B4,2,1,2.0,0.1111111111111111
DAMIMAS_A21B_0104,4,27,B1,4,2,2.0,0.14814814814814814
DAMIMAS_A21B_0104,4,27,B2,6,3,2.0,0.2222222222222222
DAMIMAS_A21B_0104,4,27,B3,9,5,1.8,0.3333333333333333
DAMIMAS_A21B_0104,4,27,B4,8,5,1.6,0.2962962962962963
DAMIMAS_A21B_0105,4,21,B1,4,2,2.0,0.19047619047619047
DAMIMAS_A21B_0105,4,21,B2,3,2,1.5,0.14285714285714285
DAMIMAS_A21B_0105,4,21,B3,13,8,1.625,0.6190476190476191
DAMIMAS_A21B_0105,4,21,B4,1,1,1.0,0.047619047619047616
DAMIMAS_A21B_0108,4,17,B1,3,1,3.0,0.17647058823529413
DAMIMAS_A21B_0108,4,17,B2,5,3,1.6666666666666667,0.29411764705882354
DAMIMAS_A21B_0108,4,17,B3,7,4,1.75,0.4117647058823529
DAMIMAS_A21B_0108,4,17,B4,2,1,2.0,0.11764705882352941
DAMIMAS_A21B_0109,4,20,B1,2,1,2.0,0.1
DAMIMAS_A21B_0109,4,20,B2,5,2,2.5,0.25
DAMIMAS_A21B_0109,4,20,B3,9,5,1.8,0.45
DAMIMAS_A21B_0109,4,20,B4,4,3,1.3333333333333333,0.2
DAMIMAS_A21B_0110,4,8,B3,3,2,1.5,0.375
DAMIMAS_A21B_0110,4,8,B4,5,2,2.5,0.625
DAMIMAS_A21B_0111,4,24,B2,2,1,2.0,0.08333333333333333
DAMIMAS_A21B_0111,4,24,B3,16,8,2.0,0.6666666666666666
DAMIMAS_A21B_0111,4,24,B4,6,3,2.0,0.25
DAMIMAS_A21B_0112,4,12,B2,4,2,2.0,0.3333333333333333
DAMIMAS_A21B_0112,4,12,B3,8,4,2.0,0.6666666666666666
DAMIMAS_A21B_0113,4,15,B2,2,1,2.0,0.13333333333333333
DAMIMAS_A21B_0113,4,15,B3,11,6,1.8333333333333333,0.7333333333333333
DAMIMAS_A21B_0113,4,15,B4,2,1,2.0,0.13333333333333333
DAMIMAS_A21B_0114,4,9,B2,2,1,2.0,0.2222222222222222
DAMIMAS_A21B_0114,4,9,B3,7,3,2.3333333333333335,0.7777777777777778
DAMIMAS_A21B_0115,3,5,B2,2,1,2.0,0.4
DAMIMAS_A21B_0115,3,5,B3,3,2,1.5,0.6
DAMIMAS_A21B_0118,4,20,B1,3,1,3.0,0.15
DAMIMAS_A21B_0118,4,20,B2,2,1,2.0,0.1
DAMIMAS_A21B_0118,4,20,B3,4,2,2.0,0.2
DAMIMAS_A21B_0118,4,20,B4,11,7,1.5714285714285714,0.55
DAMIMAS_A21B_0119,4,19,B1,5,2,2.5,0.2631578947368421
DAMIMAS_A21B_0119,4,19,B2,9,4,2.25,0.47368421052631576
DAMIMAS_A21B_0119,4,19,B3,5,2,2.5,0.2631578947368421
DAMIMAS_A21B_0120,4,9,B1,3,1,3.0,0.3333333333333333
DAMIMAS_A21B_0120,4,9,B3,2,1,2.0,0.2222222222222222
DAMIMAS_A21B_0120,4,9,B4,4,3,1.3333333333333333,0.4444444444444444
DAMIMAS_A21B_0121,4,21,B2,6,3,2.0,0.2857142857142857
DAMIMAS_A21B_0121,4,21,B3,12,5,2.4,0.5714285714285714
DAMIMAS_A21B_0121,4,21,B4,3,2,1.5,0.14285714285714285
DAMIMAS_A21B_0122,4,13,B1,2,1,2.0,0.15384615384615385
DAMIMAS_A21B_0122,4,13,B2,2,1,2.0,0.15384615384615385
DAMIMAS_A21B_0122,4,13,B3,1,1,1.0,0.07692307692307693
DAMIMAS_A21B_0122,4,13,B4,8,5,1.6,0.6153846153846154
DAMIMAS_A21B_0123,4,17,B2,11,6,1.8333333333333333,0.6470588235294118
DAMIMAS_A21B_0123,4,17,B3,6,3,2.0,0.35294117647058826
DAMIMAS_A21B_0124,4,20,B2,2,1,2.0,0.1
DAMIMAS_A21B_0124,4,20,B3,14,6,2.3333333333333335,0.7
DAMIMAS_A21B_0124,4,20,B4,4,2,2.0,0.2
DAMIMAS_A21B_0125,4,20,B1,2,1,2.0,0.1
DAMIMAS_A21B_0125,4,20,B2,5,2,2.5,0.25
DAMIMAS_A21B_0125,4,20,B3,11,5,2.2,0.55
DAMIMAS_A21B_0125,4,20,B4,2,1,2.0,0.1
DAMIMAS_A21B_0126,4,22,B1,5,2,2.5,0.22727272727272727
DAMIMAS_A21B_0126,4,22,B3,9,4,2.25,0.4090909090909091
DAMIMAS_A21B_0126,4,22,B4,8,4,2.0,0.36363636363636365
DAMIMAS_A21B_0127,4,23,B2,3,2,1.5,0.13043478260869565
DAMIMAS_A21B_0127,4,23,B3,11,5,2.2,0.4782608695652174
DAMIMAS_A21B_0127,4,23,B4,9,5,1.8,0.391304347826087
DAMIMAS_A21B_0128,4,17,B2,2,1,2.0,0.11764705882352941
DAMIMAS_A21B_0128,4,17,B3,10,4,2.5,0.5882352941176471
DAMIMAS_A21B_0128,4,17,B4,5,3,1.6666666666666667,0.29411764705882354
DAMIMAS_A21B_0129,4,10,B3,8,4,2.0,0.8
DAMIMAS_A21B_0129,4,10,B4,2,1,2.0,0.2
DAMIMAS_A21B_0130,4,16,B1,2,1,2.0,0.125
DAMIMAS_A21B_0130,4,16,B2,2,1,2.0,0.125
DAMIMAS_A21B_0130,4,16,B3,4,2,2.0,0.25
DAMIMAS_A21B_0130,4,16,B4,8,5,1.6,0.5
DAMIMAS_A21B_0131,4,18,B2,2,1,2.0,0.1111111111111111
DAMIMAS_A21B_0131,4,18,B3,12,6,2.0,0.6666666666666666
DAMIMAS_A21B_0131,4,18,B4,4,2,2.0,0.2222222222222222
DAMIMAS_A21B_0132,4,17,B1,3,1,3.0,0.17647058823529413
DAMIMAS_A21B_0132,4,17,B2,2,1,2.0,0.11764705882352941
DAMIMAS_A21B_0132,4,17,B3,2,1,2.0,0.11764705882352941
DAMIMAS_A21B_0132,4,17,B4,10,6,1.6666666666666667,0.5882352941176471
DAMIMAS_A21B_0133,4,21,B3,17,7,2.4285714285714284,0.8095238095238095
DAMIMAS_A21B_0133,4,21,B4,4,2,2.0,0.19047619047619047
DAMIMAS_A21B_0134,4,15,B2,5,2,2.5,0.3333333333333333
DAMIMAS_A21B_0134,4,15,B3,10,4,2.5,0.6666666666666666
DAMIMAS_A21B_0135,4,22,B2,12,5,2.4,0.5454545454545454
DAMIMAS_A21B_0135,4,22,B3,6,3,2.0,0.2727272727272727
DAMIMAS_A21B_0135,4,22,B4,4,2,2.0,0.18181818181818182
DAMIMAS_A21B_0136,4,22,B3,15,7,2.142857142857143,0.6818181818181818
DAMIMAS_A21B_0136,4,22,B4,7,3,2.3333333333333335,0.3181818181818182
DAMIMAS_A21B_0137,4,20,B2,3,2,1.5,0.15
DAMIMAS_A21B_0137,4,20,B3,17,8,2.125,0.85
DAMIMAS_A21B_0138,4,15,B2,3,1,3.0,0.2
DAMIMAS_A21B_0138,4,15,B3,8,3,2.6666666666666665,0.5333333333333333
DAMIMAS_A21B_0138,4,15,B4,4,2,2.0,0.26666666666666666
DAMIMAS_A21B_0139,4,20,B2,4,2,2.0,0.2
DAMIMAS_A21B_0139,4,20,B3,13,5,2.6,0.65
DAMIMAS_A21B_0139,4,20,B4,3,1,3.0,0.15
DAMIMAS_A21B_0140,4,27,B1,2,1,2.0,0.07407407407407407
DAMIMAS_A21B_0140,4,27,B2,6,3,2.0,0.2222222222222222
DAMIMAS_A21B_0140,4,27,B3,8,4,2.0,0.2962962962962963
DAMIMAS_A21B_0140,4,27,B4,11,5,2.2,0.4074074074074074
DAMIMAS_A21B_0141,4,22,B3,17,7,2.4285714285714284,0.7727272727272727
DAMIMAS_A21B_0141,4,22,B4,5,2,2.5,0.22727272727272727
DAMIMAS_A21B_0142,4,9,B2,1,1,1.0,0.1111111111111111
DAMIMAS_A21B_0142,4,9,B3,6,3,2.0,0.6666666666666666
DAMIMAS_A21B_0142,4,9,B4,2,1,2.0,0.2222222222222222
DAMIMAS_A21B_0143,4,19,B3,17,7,2.4285714285714284,0.8947368421052632
DAMIMAS_A21B_0143,4,19,B4,2,1,2.0,0.10526315789473684
DAMIMAS_A21B_0231,4,16,B3,10,5,2.0,0.625
DAMIMAS_A21B_0231,4,16,B4,6,3,2.0,0.375
DAMIMAS_A21B_0240,4,14,B2,10,5,2.0,0.7142857142857143
DAMIMAS_A21B_0240,4,14,B3,3,2,1.5,0.21428571428571427
DAMIMAS_A21B_0240,4,14,B4,1,1,1.0,0.07142857142857142
DAMIMAS_A21B_0242,4,15,B2,4,2,2.0,0.26666666666666666
DAMIMAS_A21B_0242,4,15,B3,9,5,1.8,0.6
DAMIMAS_A21B_0242,4,15,B4,2,1,2.0,0.13333333333333333
DAMIMAS_A21B_0244,4,15,B4,15,7,2.142857142857143,1.0
DAMIMAS_A21B_0245,4,10,B3,4,3,1.3333333333333333,0.4
DAMIMAS_A21B_0245,4,10,B4,6,2,3.0,0.6
DAMIMAS_A21B_0248,4,18,B2,3,2,1.5,0.16666666666666666
DAMIMAS_A21B_0248,4,18,B3,10,5,2.0,0.5555555555555556
DAMIMAS_A21B_0248,4,18,B4,5,4,1.25,0.2777777777777778
DAMIMAS_A21B_0249,4,18,B2,1,1,1.0,0.05555555555555555
DAMIMAS_A21B_0249,4,18,B3,17,9,1.8888888888888888,0.9444444444444444
DAMIMAS_A21B_0251,4,22,B1,2,1,2.0,0.09090909090909091
DAMIMAS_A21B_0251,4,22,B2,6,4,1.5,0.2727272727272727
DAMIMAS_A21B_0251,4,22,B3,10,6,1.6666666666666667,0.45454545454545453
DAMIMAS_A21B_0251,4,22,B4,4,2,2.0,0.18181818181818182
DAMIMAS_A21B_0252,4,15,B2,2,2,1.0,0.13333333333333333
DAMIMAS_A21B_0252,4,15,B3,11,6,1.8333333333333333,0.7333333333333333
DAMIMAS_A21B_0252,4,15,B4,2,2,1.0,0.13333333333333333
DAMIMAS_A21B_0253,4,11,B2,4,2,2.0,0.36363636363636365
DAMIMAS_A21B_0253,4,11,B3,7,4,1.75,0.6363636363636364
DAMIMAS_A21B_0255,4,17,B1,1,1,1.0,0.058823529411764705
DAMIMAS_A21B_0255,4,17,B2,3,2,1.5,0.17647058823529413
DAMIMAS_A21B_0255,4,17,B3,11,6,1.8333333333333333,0.6470588235294118
DAMIMAS_A21B_0255,4,17,B4,2,1,2.0,0.11764705882352941
DAMIMAS_A21B_0256,3,3,B3,3,2,1.5,1.0
DAMIMAS_A21B_0257,4,18,B1,2,1,2.0,0.1111111111111111
DAMIMAS_A21B_0257,4,18,B2,6,4,1.5,0.3333333333333333
DAMIMAS_A21B_0257,4,18,B3,9,7,1.2857142857142858,0.5
DAMIMAS_A21B_0257,4,18,B4,1,1,1.0,0.05555555555555555
DAMIMAS_A21B_0258,4,17,B2,4,2,2.0,0.23529411764705882
DAMIMAS_A21B_0258,4,17,B3,10,7,1.4285714285714286,0.5882352941176471
DAMIMAS_A21B_0258,4,17,B4,3,2,1.5,0.17647058823529413
DAMIMAS_A21B_0259,4,18,B1,2,1,2.0,0.1111111111111111
DAMIMAS_A21B_0259,4,18,B2,11,8,1.375,0.6111111111111112
DAMIMAS_A21B_0259,4,18,B3,5,3,1.6666666666666667,0.2777777777777778
DAMIMAS_A21B_0260,4,20,B1,2,1,2.0,0.1
DAMIMAS_A21B_0260,4,20,B2,10,5,2.0,0.5
DAMIMAS_A21B_0260,4,20,B3,6,3,2.0,0.3
DAMIMAS_A21B_0260,4,20,B4,2,2,1.0,0.1
DAMIMAS_A21B_0261,4,27,B1,6,3,2.0,0.2222222222222222
DAMIMAS_A21B_0261,4,27,B2,8,5,1.6,0.2962962962962963
DAMIMAS_A21B_0261,4,27,B3,7,5,1.4,0.25925925925925924
DAMIMAS_A21B_0261,4,27,B4,6,3,2.0,0.2222222222222222
DAMIMAS_A21B_0262,4,24,B1,4,2,2.0,0.16666666666666666
DAMIMAS_A21B_0262,4,24,B2,3,2,1.5,0.125
DAMIMAS_A21B_0262,4,24,B3,14,7,2.0,0.5833333333333334
DAMIMAS_A21B_0262,4,24,B4,3,2,1.5,0.125
DAMIMAS_A21B_0264,4,22,B1,6,3,2.0,0.2727272727272727
DAMIMAS_A21B_0264,4,22,B2,3,2,1.5,0.13636363636363635
DAMIMAS_A21B_0264,4,22,B3,13,7,1.8571428571428572,0.5909090909090909
DAMIMAS_A21B_0265,4,22,B1,2,1,2.0,0.09090909090909091
DAMIMAS_A21B_0265,4,22,B2,3,2,1.5,0.13636363636363635
DAMIMAS_A21B_0265,4,22,B3,15,8,1.875,0.6818181818181818
DAMIMAS_A21B_0265,4,22,B4,2,1,2.0,0.09090909090909091
DAMIMAS_A21B_0266,4,21,B1,4,2,2.0,0.19047619047619047
DAMIMAS_A21B_0266,4,21,B2,2,1,2.0,0.09523809523809523
DAMIMAS_A21B_0266,4,21,B3,15,9,1.6666666666666667,0.7142857142857143
DAMIMAS_A21B_0267,4,21,B1,3,1,3.0,0.14285714285714285
DAMIMAS_A21B_0267,4,21,B2,8,5,1.6,0.38095238095238093
DAMIMAS_A21B_0267,4,21,B3,7,4,1.75,0.3333333333333333
DAMIMAS_A21B_0267,4,21,B4,3,2,1.5,0.14285714285714285
DAMIMAS_A21B_0268,4,28,B1,4,2,2.0,0.14285714285714285
DAMIMAS_A21B_0268,4,28,B2,8,6,1.3333333333333333,0.2857142857142857
DAMIMAS_A21B_0268,4,28,B3,7,5,1.4,0.25
DAMIMAS_A21B_0268,4,28,B4,9,6,1.5,0.32142857142857145
DAMIMAS_A21B_0269,4,11,B3,11,5,2.2,1.0
DAMIMAS_A21B_0273,4,16,B2,2,1,2.0,0.125
DAMIMAS_A21B_0273,4,16,B3,14,6,2.3333333333333335,0.875
DAMIMAS_A21B_0274,4,20,B2,1,1,1.0,0.05
DAMIMAS_A21B_0274,4,20,B3,15,8,1.875,0.75
DAMIMAS_A21B_0274,4,20,B4,4,3,1.3333333333333333,0.2
DAMIMAS_A21B_0276,4,10,B1,3,1,3.0,0.3
DAMIMAS_A21B_0276,4,10,B2,2,1,2.0,0.2
DAMIMAS_A21B_0276,4,10,B3,5,3,1.6666666666666667,0.5
DAMIMAS_A21B_0281,4,23,B3,15,10,1.5,0.6521739130434783
DAMIMAS_A21B_0281,4,23,B4,8,5,1.6,0.34782608695652173
DAMIMAS_A21B_0282,4,18,B1,8,4,2.0,0.4444444444444444
DAMIMAS_A21B_0282,4,18,B3,10,6,1.6666666666666667,0.5555555555555556
DAMIMAS_A21B_0285,4,32,B1,8,4,2.0,0.25
DAMIMAS_A21B_0285,4,32,B2,4,2,2.0,0.125
DAMIMAS_A21B_0285,4,32,B3,12,7,1.7142857142857142,0.375
DAMIMAS_A21B_0285,4,32,B4,8,5,1.6,0.25
DAMIMAS_A21B_0286,4,19,B1,3,1,3.0,0.15789473684210525
DAMIMAS_A21B_0286,4,19,B2,5,3,1.6666666666666667,0.2631578947368421
DAMIMAS_A21B_0286,4,19,B3,8,5,1.6,0.42105263157894735
DAMIMAS_A21B_0286,4,19,B4,3,1,3.0,0.15789473684210525
DAMIMAS_A21B_0287,4,14,B1,6,2,3.0,0.42857142857142855
DAMIMAS_A21B_0287,4,14,B2,8,3,2.6666666666666665,0.5714285714285714
DAMIMAS_A21B_0290,4,15,B2,1,1,1.0,0.06666666666666667
DAMIMAS_A21B_0290,4,15,B3,14,7,2.0,0.9333333333333333
DAMIMAS_A21B_0291,4,23,B1,5,3,1.6666666666666667,0.21739130434782608
DAMIMAS_A21B_0291,4,23,B2,8,5,1.6,0.34782608695652173
DAMIMAS_A21B_0291,4,23,B3,6,5,1.2,0.2608695652173913
DAMIMAS_A21B_0291,4,23,B4,4,3,1.3333333333333333,0.17391304347826086
DAMIMAS_A21B_0292,4,24,B2,5,3,1.6666666666666667,0.20833333333333334
DAMIMAS_A21B_0292,4,24,B3,14,7,2.0,0.5833333333333334
DAMIMAS_A21B_0292,4,24,B4,5,4,1.25,0.20833333333333334
DAMIMAS_A21B_0293,3,18,B2,2,2,1.0,0.1111111111111111
DAMIMAS_A21B_0293,3,18,B3,10,7,1.4285714285714286,0.5555555555555556
DAMIMAS_A21B_0293,3,18,B4,6,4,1.5,0.3333333333333333
DAMIMAS_A21B_0295,4,17,B2,4,3,1.3333333333333333,0.23529411764705882
DAMIMAS_A21B_0295,4,17,B3,11,7,1.5714285714285714,0.6470588235294118
DAMIMAS_A21B_0295,4,17,B4,2,2,1.0,0.11764705882352941
DAMIMAS_A21B_0297,4,17,B3,13,7,1.8571428571428572,0.7647058823529411
DAMIMAS_A21B_0297,4,17,B4,4,2,2.0,0.23529411764705882
DAMIMAS_A21B_0298,4,22,B1,4,1,4.0,0.18181818181818182
DAMIMAS_A21B_0298,4,22,B3,12,6,2.0,0.5454545454545454
DAMIMAS_A21B_0298,4,22,B4,6,3,2.0,0.2727272727272727
DAMIMAS_A21B_0299,4,18,B1,3,1,3.0,0.16666666666666666
DAMIMAS_A21B_0299,4,18,B2,3,2,1.5,0.16666666666666666
DAMIMAS_A21B_0299,4,18,B3,12,6,2.0,0.6666666666666666
DAMIMAS_A21B_0300,4,13,B1,1,1,1.0,0.07692307692307693
DAMIMAS_A21B_0300,4,13,B3,10,5,2.0,0.7692307692307693
DAMIMAS_A21B_0300,4,13,B4,2,2,1.0,0.15384615384615385
DAMIMAS_A21B_0301,4,20,B1,1,1,1.0,0.05
DAMIMAS_A21B_0301,4,20,B2,1,1,1.0,0.05
DAMIMAS_A21B_0301,4,20,B3,15,9,1.6666666666666667,0.75
DAMIMAS_A21B_0301,4,20,B4,3,2,1.5,0.15
DAMIMAS_A21B_0303,4,21,B3,21,10,2.1,1.0
DAMIMAS_A21B_0305,4,25,B1,4,2,2.0,0.16
DAMIMAS_A21B_0305,4,25,B2,6,4,1.5,0.24
DAMIMAS_A21B_0305,4,25,B3,11,6,1.8333333333333333,0.44
DAMIMAS_A21B_0305,4,25,B4,4,2,2.0,0.16
DAMIMAS_A21B_0306,4,9,B1,2,1,2.0,0.2222222222222222
DAMIMAS_A21B_0306,4,9,B3,7,4,1.75,0.7777777777777778
DAMIMAS_A21B_0307,4,14,B1,3,1,3.0,0.21428571428571427
DAMIMAS_A21B_0307,4,14,B2,1,1,1.0,0.07142857142857142
DAMIMAS_A21B_0307,4,14,B3,10,5,2.0,0.7142857142857143
DAMIMAS_A21B_0309,4,18,B1,5,1,5.0,0.2777777777777778
DAMIMAS_A21B_0309,4,18,B2,2,2,1.0,0.1111111111111111
DAMIMAS_A21B_0309,4,18,B3,8,4,2.0,0.4444444444444444
DAMIMAS_A21B_0309,4,18,B4,3,2,1.5,0.16666666666666666
DAMIMAS_A21B_0310,4,20,B1,3,1,3.0,0.15
DAMIMAS_A21B_0310,4,20,B3,17,9,1.8888888888888888,0.85
DAMIMAS_A21B_0312,4,18,B2,2,1,2.0,0.1111111111111111
DAMIMAS_A21B_0312,4,18,B3,12,6,2.0,0.6666666666666666
DAMIMAS_A21B_0312,4,18,B4,4,2,2.0,0.2222222222222222
DAMIMAS_A21B_0313,4,23,B1,5,2,2.5,0.21739130434782608
DAMIMAS_A21B_0313,4,23,B2,2,1,2.0,0.08695652173913043
DAMIMAS_A21B_0313,4,23,B3,12,7,1.7142857142857142,0.5217391304347826
DAMIMAS_A21B_0313,4,23,B4,4,2,2.0,0.17391304347826086
DAMIMAS_A21B_0314,4,22,B2,3,1,3.0,0.13636363636363635
DAMIMAS_A21B_0314,4,22,B3,16,8,2.0,0.7272727272727273
DAMIMAS_A21B_0314,4,22,B4,3,2,1.5,0.13636363636363635
DAMIMAS_A21B_0315,4,25,B1,2,1,2.0,0.08
DAMIMAS_A21B_0315,4,25,B2,11,8,1.375,0.44
DAMIMAS_A21B_0315,4,25,B3,12,7,1.7142857142857142,0.48
DAMIMAS_A21B_0316,4,24,B1,2,1,2.0,0.08333333333333333
DAMIMAS_A21B_0316,4,24,B2,4,2,2.0,0.16666666666666666
DAMIMAS_A21B_0316,4,24,B3,12,6,2.0,0.5
DAMIMAS_A21B_0316,4,24,B4,6,4,1.5,0.25
DAMIMAS_A21B_0317,4,14,B2,3,1,3.0,0.21428571428571427
DAMIMAS_A21B_0317,4,14,B3,11,6,1.8333333333333333,0.7857142857142857
DAMIMAS_A21B_0318,4,19,B3,15,8,1.875,0.7894736842105263
DAMIMAS_A21B_0318,4,19,B4,4,4,1.0,0.21052631578947367
DAMIMAS_A21B_0319,4,15,B2,5,2,2.5,0.3333333333333333
DAMIMAS_A21B_0319,4,15,B3,10,4,2.5,0.6666666666666666
DAMIMAS_A21B_0320,4,24,B1,6,3,2.0,0.25
DAMIMAS_A21B_0320,4,24,B2,3,3,1.0,0.125
DAMIMAS_A21B_0320,4,24,B3,11,6,1.8333333333333333,0.4583333333333333
DAMIMAS_A21B_0320,4,24,B4,4,4,1.0,0.16666666666666666
DAMIMAS_A21B_0324,4,14,B3,14,6,2.3333333333333335,1.0
DAMIMAS_A21B_0326,4,10,B3,7,5,1.4,0.7
DAMIMAS_A21B_0326,4,10,B4,3,2,1.5,0.3
DAMIMAS_A21B_0327,4,12,B1,3,1,3.0,0.25
DAMIMAS_A21B_0327,4,12,B2,1,1,1.0,0.08333333333333333
DAMIMAS_A21B_0327,4,12,B3,8,5,1.6,0.6666666666666666
DAMIMAS_A21B_0328,4,15,B2,2,1,2.0,0.13333333333333333
DAMIMAS_A21B_0328,4,15,B3,9,4,2.25,0.6
DAMIMAS_A21B_0328,4,15,B4,4,2,2.0,0.26666666666666666
DAMIMAS_A21B_0329,4,8,B1,4,1,4.0,0.5
DAMIMAS_A21B_0329,4,8,B3,4,2,2.0,0.5
DAMIMAS_A21B_0332,4,11,B3,8,4,2.0,0.7272727272727273
DAMIMAS_A21B_0332,4,11,B4,3,2,1.5,0.2727272727272727
DAMIMAS_A21B_0333,4,8,B1,2,1,2.0,0.25
DAMIMAS_A21B_0333,4,8,B2,2,1,2.0,0.25
DAMIMAS_A21B_0333,4,8,B3,4,2,2.0,0.5
DAMIMAS_A21B_0334,4,21,B1,4,2,2.0,0.19047619047619047
DAMIMAS_A21B_0334,4,21,B3,13,8,1.625,0.6190476190476191
DAMIMAS_A21B_0334,4,21,B4,4,4,1.0,0.19047619047619047
DAMIMAS_A21B_0335,4,13,B1,7,2,3.5,0.5384615384615384
DAMIMAS_A21B_0335,4,13,B3,6,2,3.0,0.46153846153846156
DAMIMAS_A21B_0336,4,22,B1,5,1,5.0,0.22727272727272727
DAMIMAS_A21B_0336,4,22,B3,12,6,2.0,0.5454545454545454
DAMIMAS_A21B_0336,4,22,B4,5,4,1.25,0.22727272727272727
DAMIMAS_A21B_0337,4,16,B3,13,6,2.1666666666666665,0.8125
DAMIMAS_A21B_0337,4,16,B4,3,2,1.5,0.1875
DAMIMAS_A21B_0339,4,13,B1,5,2,2.5,0.38461538461538464
DAMIMAS_A21B_0339,4,13,B2,5,3,1.6666666666666667,0.38461538461538464
DAMIMAS_A21B_0339,4,13,B3,3,3,1.0,0.23076923076923078
DAMIMAS_A21B_0340,4,7,B1,2,1,2.0,0.2857142857142857
DAMIMAS_A21B_0340,4,7,B2,3,1,3.0,0.42857142857142855
DAMIMAS_A21B_0340,4,7,B3,2,1,2.0,0.2857142857142857
DAMIMAS_A21B_0341,4,21,B2,2,1,2.0,0.09523809523809523
DAMIMAS_A21B_0341,4,21,B3,18,6,3.0,0.8571428571428571
DAMIMAS_A21B_0341,4,21,B4,1,1,1.0,0.047619047619047616
DAMIMAS_A21B_0343,4,18,B2,9,3,3.0,0.5
DAMIMAS_A21B_0343,4,18,B3,9,4,2.25,0.5
DAMIMAS_A21B_0345,4,16,B1,2,1,2.0,0.125
DAMIMAS_A21B_0345,4,16,B2,2,1,2.0,0.125
DAMIMAS_A21B_0345,4,16,B3,9,4,2.25,0.5625
DAMIMAS_A21B_0345,4,16,B4,3,1,3.0,0.1875
DAMIMAS_A21B_0347,4,18,B1,5,2,2.5,0.2777777777777778
DAMIMAS_A21B_0347,4,18,B2,3,2,1.5,0.16666666666666666
DAMIMAS_A21B_0347,4,18,B3,9,4,2.25,0.5
DAMIMAS_A21B_0347,4,18,B4,1,1,1.0,0.05555555555555555
DAMIMAS_A21B_0350,3,10,B1,3,1,3.0,0.3
DAMIMAS_A21B_0350,3,10,B2,2,2,1.0,0.2
DAMIMAS_A21B_0350,3,10,B3,5,3,1.6666666666666667,0.5
DAMIMAS_A21B_0351,4,24,B1,4,2,2.0,0.16666666666666666
DAMIMAS_A21B_0351,4,24,B2,7,4,1.75,0.2916666666666667
DAMIMAS_A21B_0351,4,24,B3,12,6,2.0,0.5
DAMIMAS_A21B_0351,4,24,B4,1,1,1.0,0.041666666666666664
DAMIMAS_A21B_0352,4,25,B1,4,1,4.0,0.16
DAMIMAS_A21B_0352,4,25,B2,1,1,1.0,0.04
DAMIMAS_A21B_0352,4,25,B3,14,6,2.3333333333333335,0.56
DAMIMAS_A21B_0352,4,25,B4,6,4,1.5,0.24
DAMIMAS_A21B_0353,4,18,B1,5,2,2.5,0.2777777777777778
DAMIMAS_A21B_0353,4,18,B2,1,1,1.0,0.05555555555555555
DAMIMAS_A21B_0353,4,18,B3,12,5,2.4,0.6666666666666666
DAMIMAS_A21B_0354,4,32,B1,2,1,2.0,0.0625
DAMIMAS_A21B_0354,4,32,B2,2,1,2.0,0.0625
DAMIMAS_A21B_0354,4,32,B3,28,16,1.75,0.875
DAMIMAS_A21B_0356,4,19,B1,2,1,2.0,0.10526315789473684
DAMIMAS_A21B_0356,4,19,B2,8,3,2.6666666666666665,0.42105263157894735
DAMIMAS_A21B_0356,4,19,B3,6,3,2.0,0.3157894736842105
DAMIMAS_A21B_0356,4,19,B4,3,2,1.5,0.15789473684210525
DAMIMAS_A21B_0357,4,22,B2,2,1,2.0,0.09090909090909091
DAMIMAS_A21B_0357,4,22,B3,18,9,2.0,0.8181818181818182
DAMIMAS_A21B_0357,4,22,B4,2,2,1.0,0.09090909090909091
DAMIMAS_A21B_0358,4,28,B1,2,1,2.0,0.07142857142857142
DAMIMAS_A21B_0358,4,28,B3,20,9,2.2222222222222223,0.7142857142857143
DAMIMAS_A21B_0358,4,28,B4,6,4,1.5,0.21428571428571427
DAMIMAS_A21B_0360,4,30,B1,6,3,2.0,0.2
DAMIMAS_A21B_0360,4,30,B2,6,2,3.0,0.2
DAMIMAS_A21B_0360,4,30,B3,8,4,2.0,0.26666666666666666
DAMIMAS_A21B_0360,4,30,B4,10,6,1.6666666666666667,0.3333333333333333
DAMIMAS_A21B_0361,4,24,B1,4,1,4.0,0.16666666666666666
DAMIMAS_A21B_0361,4,24,B2,1,1,1.0,0.041666666666666664
DAMIMAS_A21B_0361,4,24,B3,13,6,2.1666666666666665,0.5416666666666666
DAMIMAS_A21B_0361,4,24,B4,6,5,1.2,0.25
DAMIMAS_A21B_0362,4,26,B3,23,5,4.6,0.8846153846153846
DAMIMAS_A21B_0362,4,26,B4,3,2,1.5,0.11538461538461539
DAMIMAS_A21B_0363,4,15,B2,11,5,2.2,0.7333333333333333
DAMIMAS_A21B_0363,4,15,B3,2,1,2.0,0.13333333333333333
DAMIMAS_A21B_0363,4,15,B4,2,2,1.0,0.13333333333333333
DAMIMAS_A21B_0364,4,27,B1,5,2,2.5,0.18518518518518517
DAMIMAS_A21B_0364,4,27,B2,6,3,2.0,0.2222222222222222
DAMIMAS_A21B_0364,4,27,B3,13,6,2.1666666666666665,0.48148148148148145
DAMIMAS_A21B_0364,4,27,B4,3,2,1.5,0.1111111111111111
DAMIMAS_A21B_0365,4,27,B1,4,2,2.0,0.14814814814814814
DAMIMAS_A21B_0365,4,27,B2,3,2,1.5,0.1111111111111111
DAMIMAS_A21B_0365,4,27,B3,16,9,1.7777777777777777,0.5925925925925926
DAMIMAS_A21B_0365,4,27,B4,4,3,1.3333333333333333,0.14814814814814814
DAMIMAS_A21B_0366,4,15,B3,12,5,2.4,0.8
DAMIMAS_A21B_0366,4,15,B4,3,2,1.5,0.2
DAMIMAS_A21B_0367,4,19,B2,8,4,2.0,0.42105263157894735
DAMIMAS_A21B_0367,4,19,B3,9,6,1.5,0.47368421052631576
DAMIMAS_A21B_0367,4,19,B4,2,2,1.0,0.10526315789473684
DAMIMAS_A21B_0368,4,29,B1,6,3,2.0,0.20689655172413793
DAMIMAS_A21B_0368,4,29,B2,5,3,1.6666666666666667,0.1724137931034483
DAMIMAS_A21B_0368,4,29,B3,11,6,1.8333333333333333,0.3793103448275862
DAMIMAS_A21B_0368,4,29,B4,7,4,1.75,0.2413793103448276
DAMIMAS_A21B_0369,4,15,B1,2,1,2.0,0.13333333333333333
DAMIMAS_A21B_0369,4,15,B3,10,4,2.5,0.6666666666666666
DAMIMAS_A21B_0369,4,15,B4,3,2,1.5,0.2
DAMIMAS_A21B_0371,4,21,B1,2,1,2.0,0.09523809523809523
DAMIMAS_A21B_0371,4,21,B2,6,3,2.0,0.2857142857142857
DAMIMAS_A21B_0371,4,21,B3,13,7,1.8571428571428572,0.6190476190476191
DAMIMAS_A21B_0373,4,22,B1,7,3,2.3333333333333335,0.3181818181818182
DAMIMAS_A21B_0373,4,22,B3,13,7,1.8571428571428572,0.5909090909090909
DAMIMAS_A21B_0373,4,22,B4,2,2,1.0,0.09090909090909091
DAMIMAS_A21B_0374,4,28,B1,2,1,2.0,0.07142857142857142
DAMIMAS_A21B_0374,4,28,B2,2,1,2.0,0.07142857142857142
DAMIMAS_A21B_0374,4,28,B3,20,10,2.0,0.7142857142857143
DAMIMAS_A21B_0374,4,28,B4,4,2,2.0,0.14285714285714285
DAMIMAS_A21B_0376,4,19,B1,2,1,2.0,0.10526315789473684
DAMIMAS_A21B_0376,4,19,B3,14,7,2.0,0.7368421052631579
DAMIMAS_A21B_0376,4,19,B4,3,2,1.5,0.15789473684210525
DAMIMAS_A21B_0377,4,15,B1,2,1,2.0,0.13333333333333333
DAMIMAS_A21B_0377,4,15,B3,13,6,2.1666666666666665,0.8666666666666667
DAMIMAS_A21B_0379,4,9,B1,4,1,4.0,0.4444444444444444
DAMIMAS_A21B_0379,4,9,B2,1,1,1.0,0.1111111111111111
DAMIMAS_A21B_0379,4,9,B3,4,1,4.0,0.4444444444444444
DAMIMAS_A21B_0382,4,28,B1,6,3,2.0,0.21428571428571427
DAMIMAS_A21B_0382,4,28,B3,10,5,2.0,0.35714285714285715
DAMIMAS_A21B_0382,4,28,B4,12,8,1.5,0.42857142857142855
DAMIMAS_A21B_0383,4,24,B1,4,2,2.0,0.16666666666666666
DAMIMAS_A21B_0383,4,24,B2,10,6,1.6666666666666667,0.4166666666666667
DAMIMAS_A21B_0383,4,24,B3,6,4,1.5,0.25
DAMIMAS_A21B_0383,4,24,B4,4,2,2.0,0.16666666666666666
DAMIMAS_A21B_0384,4,26,B1,5,2,2.5,0.19230769230769232
DAMIMAS_A21B_0384,4,26,B2,6,3,2.0,0.23076923076923078
DAMIMAS_A21B_0384,4,26,B3,10,6,1.6666666666666667,0.38461538461538464
DAMIMAS_A21B_0384,4,26,B4,5,3,1.6666666666666667,0.19230769230769232
DAMIMAS_A21B_0386,3,7,B2,3,2,1.5,0.42857142857142855
DAMIMAS_A21B_0386,3,7,B3,4,2,2.0,0.5714285714285714
DAMIMAS_A21B_0387,4,15,B1,5,3,1.6666666666666667,0.3333333333333333
DAMIMAS_A21B_0387,4,15,B2,9,5,1.8,0.6
DAMIMAS_A21B_0387,4,15,B3,1,1,1.0,0.06666666666666667
DAMIMAS_A21B_0389,4,25,B2,5,3,1.6666666666666667,0.2
DAMIMAS_A21B_0389,4,25,B3,16,11,1.4545454545454546,0.64
DAMIMAS_A21B_0389,4,25,B4,4,3,1.3333333333333333,0.16
DAMIMAS_A21B_0393,4,24,B1,2,2,1.0,0.08333333333333333
DAMIMAS_A21B_0393,4,24,B2,2,1,2.0,0.08333333333333333
DAMIMAS_A21B_0393,4,24,B3,18,11,1.6363636363636365,0.75
DAMIMAS_A21B_0393,4,24,B4,2,1,2.0,0.08333333333333333
DAMIMAS_A21B_0394,4,24,B1,4,2,2.0,0.16666666666666666
DAMIMAS_A21B_0394,4,24,B3,13,7,1.8571428571428572,0.5416666666666666
DAMIMAS_A21B_0394,4,24,B4,7,4,1.75,0.2916666666666667
DAMIMAS_A21B_0395,4,21,B1,6,3,2.0,0.2857142857142857
DAMIMAS_A21B_0395,4,21,B2,10,7,1.4285714285714286,0.47619047619047616
DAMIMAS_A21B_0395,4,21,B3,5,4,1.25,0.23809523809523808
DAMIMAS_A21B_0396,4,25,B1,6,3,2.0,0.24
DAMIMAS_A21B_0396,4,25,B2,5,3,1.6666666666666667,0.2
DAMIMAS_A21B_0396,4,25,B3,10,6,1.6666666666666667,0.4
DAMIMAS_A21B_0396,4,25,B4,4,4,1.0,0.16
DAMIMAS_A21B_0397,4,19,B1,2,1,2.0,0.10526315789473684
DAMIMAS_A21B_0397,4,19,B2,4,2,2.0,0.21052631578947367
DAMIMAS_A21B_0397,4,19,B3,9,6,1.5,0.47368421052631576
DAMIMAS_A21B_0397,4,19,B4,4,2,2.0,0.21052631578947367
DAMIMAS_A21B_0399,4,17,B1,7,3,2.3333333333333335,0.4117647058823529
DAMIMAS_A21B_0399,4,17,B2,6,3,2.0,0.35294117647058826
DAMIMAS_A21B_0399,4,17,B3,3,3,1.0,0.17647058823529413
DAMIMAS_A21B_0399,4,17,B4,1,1,1.0,0.058823529411764705
DAMIMAS_A21B_0403,4,24,B1,4,2,2.0,0.16666666666666666
DAMIMAS_A21B_0403,4,24,B2,9,5,1.8,0.375
DAMIMAS_A21B_0403,4,24,B3,7,4,1.75,0.2916666666666667
DAMIMAS_A21B_0403,4,24,B4,4,3,1.3333333333333333,0.16666666666666666
DAMIMAS_A21B_0405,4,14,B1,1,1,1.0,0.07142857142857142
DAMIMAS_A21B_0405,4,14,B2,2,1,2.0,0.14285714285714285
DAMIMAS_A21B_0405,4,14,B3,10,6,1.6666666666666667,0.7142857142857143
DAMIMAS_A21B_0405,4,14,B4,1,1,1.0,0.07142857142857142
DAMIMAS_A21B_0406,4,17,B1,2,1,2.0,0.11764705882352941
DAMIMAS_A21B_0406,4,17,B3,11,6,1.8333333333333333,0.6470588235294118
DAMIMAS_A21B_0406,4,17,B4,4,3,1.3333333333333333,0.23529411764705882
DAMIMAS_A21B_0408,4,21,B1,5,2,2.5,0.23809523809523808
DAMIMAS_A21B_0408,4,21,B2,9,6,1.5,0.42857142857142855
DAMIMAS_A21B_0408,4,21,B3,7,3,2.3333333333333335,0.3333333333333333
DAMIMAS_A21B_0410,4,31,B1,5,2,2.5,0.16129032258064516
DAMIMAS_A21B_0410,4,31,B2,2,1,2.0,0.06451612903225806
DAMIMAS_A21B_0410,4,31,B3,21,13,1.6153846153846154,0.6774193548387096
DAMIMAS_A21B_0410,4,31,B4,3,2,1.5,0.0967741935483871
DAMIMAS_A21B_0412,4,16,B1,2,1,2.0,0.125
DAMIMAS_A21B_0412,4,16,B2,9,5,1.8,0.5625
DAMIMAS_A21B_0412,4,16,B3,5,2,2.5,0.3125
DAMIMAS_A21B_0413,4,26,B1,2,1,2.0,0.07692307692307693
DAMIMAS_A21B_0413,4,26,B2,4,2,2.0,0.15384615384615385
DAMIMAS_A21B_0413,4,26,B3,16,9,1.7777777777777777,0.6153846153846154
DAMIMAS_A21B_0413,4,26,B4,4,3,1.3333333333333333,0.15384615384615385
DAMIMAS_A21B_0414,4,14,B3,14,5,2.8,1.0
DAMIMAS_A21B_0416,4,25,B1,3,2,1.5,0.12
DAMIMAS_A21B_0416,4,25,B2,8,4,2.0,0.32
DAMIMAS_A21B_0416,4,25,B3,10,5,2.0,0.4
DAMIMAS_A21B_0416,4,25,B4,4,3,1.3333333333333333,0.16
DAMIMAS_A21B_0418,4,27,B2,2,1,2.0,0.07407407407407407
DAMIMAS_A21B_0418,4,27,B3,13,7,1.8571428571428572,0.48148148148148145
DAMIMAS_A21B_0418,4,27,B4,12,8,1.5,0.4444444444444444
DAMIMAS_A21B_0423,4,23,B1,4,2,2.0,0.17391304347826086
DAMIMAS_A21B_0423,4,23,B2,9,5,1.8,0.391304347826087
DAMIMAS_A21B_0423,4,23,B3,7,5,1.4,0.30434782608695654
DAMIMAS_A21B_0423,4,23,B4,3,2,1.5,0.13043478260869565
DAMIMAS_A21B_0424,4,15,B1,6,3,2.0,0.4
DAMIMAS_A21B_0424,4,15,B2,4,2,2.0,0.26666666666666666
DAMIMAS_A21B_0424,4,15,B3,5,3,1.6666666666666667,0.3333333333333333
DAMIMAS_A21B_0425,4,20,B2,4,3,1.3333333333333333,0.2
DAMIMAS_A21B_0425,4,20,B3,14,8,1.75,0.7
DAMIMAS_A21B_0425,4,20,B4,2,1,2.0,0.1
DAMIMAS_A21B_0426,4,17,B3,14,8,1.75,0.8235294117647058
DAMIMAS_A21B_0426,4,17,B4,3,2,1.5,0.17647058823529413
DAMIMAS_A21B_0427,4,26,B1,1,1,1.0,0.038461538461538464
DAMIMAS_A21B_0427,4,26,B2,15,8,1.875,0.5769230769230769
DAMIMAS_A21B_0427,4,26,B3,9,5,1.8,0.34615384615384615
DAMIMAS_A21B_0427,4,26,B4,1,1,1.0,0.038461538461538464
DAMIMAS_A21B_0429,4,36,B1,5,3,1.6666666666666667,0.1388888888888889
DAMIMAS_A21B_0429,4,36,B2,6,4,1.5,0.16666666666666666
DAMIMAS_A21B_0429,4,36,B3,18,10,1.8,0.5
DAMIMAS_A21B_0429,4,36,B4,7,5,1.4,0.19444444444444445
DAMIMAS_A21B_0430,4,22,B2,2,1,2.0,0.09090909090909091
DAMIMAS_A21B_0430,4,22,B3,14,10,1.4,0.6363636363636364
DAMIMAS_A21B_0430,4,22,B4,6,5,1.2,0.2727272727272727
DAMIMAS_A21B_0431,4,17,B2,4,2,2.0,0.23529411764705882
DAMIMAS_A21B_0431,4,17,B3,13,8,1.625,0.7647058823529411
DAMIMAS_A21B_0433,4,20,B1,4,2,2.0,0.2
DAMIMAS_A21B_0433,4,20,B2,2,1,2.0,0.1
DAMIMAS_A21B_0433,4,20,B3,14,8,1.75,0.7
DAMIMAS_A21B_0434,4,24,B2,5,2,2.5,0.20833333333333334
DAMIMAS_A21B_0434,4,24,B3,16,9,1.7777777777777777,0.6666666666666666
DAMIMAS_A21B_0434,4,24,B4,3,3,1.0,0.125
DAMIMAS_A21B_0435,4,17,B1,5,2,2.5,0.29411764705882354
DAMIMAS_A21B_0435,4,17,B2,5,3,1.6666666666666667,0.29411764705882354
DAMIMAS_A21B_0435,4,17,B3,7,4,1.75,0.4117647058823529
DAMIMAS_A21B_0436,4,22,B1,3,1,3.0,0.13636363636363635
DAMIMAS_A21B_0436,4,22,B2,7,4,1.75,0.3181818181818182
DAMIMAS_A21B_0436,4,22,B3,7,4,1.75,0.3181818181818182
DAMIMAS_A21B_0436,4,22,B4,5,4,1.25,0.22727272727272727
DAMIMAS_A21B_0437,4,27,B1,6,3,2.0,0.2222222222222222
DAMIMAS_A21B_0437,4,27,B2,3,3,1.0,0.1111111111111111
DAMIMAS_A21B_0437,4,27,B3,12,8,1.5,0.4444444444444444
DAMIMAS_A21B_0437,4,27,B4,6,5,1.2,0.2222222222222222
DAMIMAS_A21B_0439,4,10,B1,2,1,2.0,0.2
DAMIMAS_A21B_0439,4,10,B2,7,4,1.75,0.7
DAMIMAS_A21B_0439,4,10,B3,1,1,1.0,0.1
DAMIMAS_A21B_0440,4,23,B2,6,4,1.5,0.2608695652173913
DAMIMAS_A21B_0440,4,23,B3,11,8,1.375,0.4782608695652174
DAMIMAS_A21B_0440,4,23,B4,6,4,1.5,0.2608695652173913
DAMIMAS_A21B_0441,4,21,B1,2,1,2.0,0.09523809523809523
DAMIMAS_A21B_0441,4,21,B2,6,4,1.5,0.2857142857142857
DAMIMAS_A21B_0441,4,21,B3,11,7,1.5714285714285714,0.5238095238095238
DAMIMAS_A21B_0441,4,21,B4,2,2,1.0,0.09523809523809523
DAMIMAS_A21B_0443,4,21,B1,2,1,2.0,0.09523809523809523
DAMIMAS_A21B_0443,4,21,B2,9,6,1.5,0.42857142857142855
DAMIMAS_A21B_0443,4,21,B3,7,5,1.4,0.3333333333333333
DAMIMAS_A21B_0443,4,21,B4,3,2,1.5,0.14285714285714285
DAMIMAS_A21B_0445,4,19,B1,5,2,2.5,0.2631578947368421
DAMIMAS_A21B_0445,4,19,B2,2,1,2.0,0.10526315789473684
DAMIMAS_A21B_0445,4,19,B3,7,4,1.75,0.3684210526315789
DAMIMAS_A21B_0445,4,19,B4,5,4,1.25,0.2631578947368421
DAMIMAS_A21B_0446,4,19,B1,5,2,2.5,0.2631578947368421
DAMIMAS_A21B_0446,4,19,B2,2,1,2.0,0.10526315789473684
DAMIMAS_A21B_0446,4,19,B3,11,7,1.5714285714285714,0.5789473684210527
DAMIMAS_A21B_0446,4,19,B4,1,1,1.0,0.05263157894736842
DAMIMAS_A21B_0447,4,23,B2,10,7,1.4285714285714286,0.43478260869565216
DAMIMAS_A21B_0447,4,23,B3,9,7,1.2857142857142858,0.391304347826087
DAMIMAS_A21B_0447,4,23,B4,4,3,1.3333333333333333,0.17391304347826086
DAMIMAS_A21B_0448,4,18,B1,2,1,2.0,0.1111111111111111
DAMIMAS_A21B_0448,4,18,B2,5,3,1.6666666666666667,0.2777777777777778
DAMIMAS_A21B_0448,4,18,B3,7,5,1.4,0.3888888888888889
DAMIMAS_A21B_0448,4,18,B4,4,3,1.3333333333333333,0.2222222222222222
DAMIMAS_A21B_0450,4,25,B1,3,1,3.0,0.12
DAMIMAS_A21B_0450,4,25,B2,1,1,1.0,0.04
DAMIMAS_A21B_0450,4,25,B3,10,7,1.4285714285714286,0.4
DAMIMAS_A21B_0450,4,25,B4,11,7,1.5714285714285714,0.44
DAMIMAS_A21B_0451,4,17,B1,2,1,2.0,0.11764705882352941
DAMIMAS_A21B_0451,4,17,B2,9,4,2.25,0.5294117647058824
DAMIMAS_A21B_0451,4,17,B3,4,3,1.3333333333333333,0.23529411764705882
DAMIMAS_A21B_0451,4,17,B4,2,1,2.0,0.11764705882352941
DAMIMAS_A21B_0452,4,22,B1,8,4,2.0,0.36363636363636365
DAMIMAS_A21B_0452,4,22,B2,1,1,1.0,0.045454545454545456
DAMIMAS_A21B_0452,4,22,B3,4,3,1.3333333333333333,0.18181818181818182
DAMIMAS_A21B_0452,4,22,B4,9,6,1.5,0.4090909090909091
DAMIMAS_A21B_0453,4,19,B1,4,2,2.0,0.21052631578947367
DAMIMAS_A21B_0453,4,19,B2,2,1,2.0,0.10526315789473684
DAMIMAS_A21B_0453,4,19,B3,10,5,2.0,0.5263157894736842
DAMIMAS_A21B_0453,4,19,B4,3,1,3.0,0.15789473684210525
DAMIMAS_A21B_0454,4,23,B2,5,2,2.5,0.21739130434782608
DAMIMAS_A21B_0454,4,23,B3,6,4,1.5,0.2608695652173913
DAMIMAS_A21B_0454,4,23,B4,12,8,1.5,0.5217391304347826
DAMIMAS_A21B_0457,4,27,B1,4,2,2.0,0.14814814814814814
DAMIMAS_A21B_0457,4,27,B2,5,3,1.6666666666666667,0.18518518518518517
DAMIMAS_A21B_0457,4,27,B3,13,8,1.625,0.48148148148148145
DAMIMAS_A21B_0457,4,27,B4,5,4,1.25,0.18518518518518517
DAMIMAS_A21B_0458,4,21,B2,6,3,2.0,0.2857142857142857
DAMIMAS_A21B_0458,4,21,B3,10,6,1.6666666666666667,0.47619047619047616
DAMIMAS_A21B_0458,4,21,B4,5,3,1.6666666666666667,0.23809523809523808
DAMIMAS_A21B_0459,4,18,B1,7,3,2.3333333333333335,0.3888888888888889
DAMIMAS_A21B_0459,4,18,B2,7,3,2.3333333333333335,0.3888888888888889
DAMIMAS_A21B_0459,4,18,B3,4,2,2.0,0.2222222222222222
DAMIMAS_A21B_0460,4,26,B1,7,4,1.75,0.2692307692307692
DAMIMAS_A21B_0460,4,26,B2,5,3,1.6666666666666667,0.19230769230769232
DAMIMAS_A21B_0460,4,26,B3,8,4,2.0,0.3076923076923077
DAMIMAS_A21B_0460,4,26,B4,6,4,1.5,0.23076923076923078
DAMIMAS_A21B_0462,4,20,B1,6,3,2.0,0.3
DAMIMAS_A21B_0462,4,20,B3,11,5,2.2,0.55
DAMIMAS_A21B_0462,4,20,B4,3,3,1.0,0.15
DAMIMAS_A21B_0463,4,20,B1,3,1,3.0,0.15
DAMIMAS_A21B_0463,4,20,B2,9,5,1.8,0.45
DAMIMAS_A21B_0463,4,20,B3,7,4,1.75,0.35
DAMIMAS_A21B_0463,4,20,B4,1,1,1.0,0.05
DAMIMAS_A21B_0464,4,15,B1,5,3,1.6666666666666667,0.3333333333333333
DAMIMAS_A21B_0464,4,15,B2,3,2,1.5,0.2
DAMIMAS_A21B_0464,4,15,B3,4,2,2.0,0.26666666666666666
DAMIMAS_A21B_0464,4,15,B4,3,2,1.5,0.2
DAMIMAS_A21B_0465,4,13,B1,5,2,2.5,0.38461538461538464
DAMIMAS_A21B_0465,4,13,B2,3,1,3.0,0.23076923076923078
DAMIMAS_A21B_0465,4,13,B3,4,3,1.3333333333333333,0.3076923076923077
DAMIMAS_A21B_0465,4,13,B4,1,1,1.0,0.07692307692307693
DAMIMAS_A21B_0466,4,11,B3,6,4,1.5,0.5454545454545454
DAMIMAS_A21B_0466,4,11,B4,5,3,1.6666666666666667,0.45454545454545453
DAMIMAS_A21B_0467,4,17,B1,4,2,2.0,0.23529411764705882
DAMIMAS_A21B_0467,4,17,B2,4,3,1.3333333333333333,0.23529411764705882
DAMIMAS_A21B_0467,4,17,B3,8,5,1.6,0.47058823529411764
DAMIMAS_A21B_0467,4,17,B4,1,1,1.0,0.058823529411764705
DAMIMAS_A21B_0468,4,20,B1,5,3,1.6666666666666667,0.25
DAMIMAS_A21B_0468,4,20,B2,4,2,2.0,0.2
DAMIMAS_A21B_0468,4,20,B3,4,3,1.3333333333333333,0.2
DAMIMAS_A21B_0468,4,20,B4,7,5,1.4,0.35
DAMIMAS_A21B_0469,4,21,B2,6,3,2.0,0.2857142857142857
DAMIMAS_A21B_0469,4,21,B3,11,7,1.5714285714285714,0.5238095238095238
DAMIMAS_A21B_0469,4,21,B4,4,3,1.3333333333333333,0.19047619047619047
DAMIMAS_A21B_0470,4,22,B1,7,3,2.3333333333333335,0.3181818181818182
DAMIMAS_A21B_0470,4,22,B2,1,1,1.0,0.045454545454545456
DAMIMAS_A21B_0470,4,22,B3,10,5,2.0,0.45454545454545453
DAMIMAS_A21B_0470,4,22,B4,4,2,2.0,0.18181818181818182
DAMIMAS_A21B_0473,4,11,B1,3,1,3.0,0.2727272727272727
DAMIMAS_A21B_0473,4,11,B2,3,2,1.5,0.2727272727272727
DAMIMAS_A21B_0473,4,11,B3,5,3,1.6666666666666667,0.45454545454545453
DAMIMAS_A21B_0474,4,21,B1,4,2,2.0,0.19047619047619047
DAMIMAS_A21B_0474,4,21,B2,5,3,1.6666666666666667,0.23809523809523808
DAMIMAS_A21B_0474,4,21,B3,4,2,2.0,0.19047619047619047
DAMIMAS_A21B_0474,4,21,B4,8,5,1.6,0.38095238095238093
DAMIMAS_A21B_0476,4,17,B2,6,4,1.5,0.35294117647058826
DAMIMAS_A21B_0476,4,17,B3,8,5,1.6,0.47058823529411764
DAMIMAS_A21B_0476,4,17,B4,3,2,1.5,0.17647058823529413
DAMIMAS_A21B_0478,4,27,B1,6,3,2.0,0.2222222222222222
DAMIMAS_A21B_0478,4,27,B2,4,2,2.0,0.14814814814814814
DAMIMAS_A21B_0478,4,27,B3,6,3,2.0,0.2222222222222222
DAMIMAS_A21B_0478,4,27,B4,11,6,1.8333333333333333,0.4074074074074074
DAMIMAS_A21B_0480,4,24,B1,4,2,2.0,0.16666666666666666
DAMIMAS_A21B_0480,4,24,B2,4,2,2.0,0.16666666666666666
DAMIMAS_A21B_0480,4,24,B3,10,5,2.0,0.4166666666666667
DAMIMAS_A21B_0480,4,24,B4,6,4,1.5,0.25
DAMIMAS_A21B_0481,4,13,B1,2,1,2.0,0.15384615384615385
DAMIMAS_A21B_0481,4,13,B2,4,2,2.0,0.3076923076923077
DAMIMAS_A21B_0481,4,13,B3,6,3,2.0,0.46153846153846156
DAMIMAS_A21B_0481,4,13,B4,1,1,1.0,0.07692307692307693
DAMIMAS_A21B_0482,4,23,B1,2,1,2.0,0.08695652173913043
DAMIMAS_A21B_0482,4,23,B2,6,3,2.0,0.2608695652173913
DAMIMAS_A21B_0482,4,23,B3,6,4,1.5,0.2608695652173913
DAMIMAS_A21B_0482,4,23,B4,9,5,1.8,0.391304347826087
DAMIMAS_A21B_0483,4,20,B1,4,2,2.0,0.2
DAMIMAS_A21B_0483,4,20,B2,9,5,1.8,0.45
DAMIMAS_A21B_0483,4,20,B3,5,3,1.6666666666666667,0.25
DAMIMAS_A21B_0483,4,20,B4,2,2,1.0,0.1
DAMIMAS_A21B_0484,4,18,B1,2,1,2.0,0.1111111111111111
DAMIMAS_A21B_0484,4,18,B2,8,4,2.0,0.4444444444444444
DAMIMAS_A21B_0484,4,18,B3,3,2,1.5,0.16666666666666666
DAMIMAS_A21B_0484,4,18,B4,5,3,1.6666666666666667,0.2777777777777778
DAMIMAS_A21B_0486,4,22,B1,3,1,3.0,0.13636363636363635
DAMIMAS_A21B_0486,4,22,B2,3,1,3.0,0.13636363636363635
DAMIMAS_A21B_0486,4,22,B3,7,3,2.3333333333333335,0.3181818181818182
DAMIMAS_A21B_0486,4,22,B4,9,4,2.25,0.4090909090909091
DAMIMAS_A21B_0487,4,20,B2,7,3,2.3333333333333335,0.35
DAMIMAS_A21B_0487,4,20,B3,11,5,2.2,0.55
DAMIMAS_A21B_0487,4,20,B4,2,1,2.0,0.1
DAMIMAS_A21B_0488,4,17,B2,8,4,2.0,0.47058823529411764
DAMIMAS_A21B_0488,4,17,B3,3,2,1.5,0.17647058823529413
DAMIMAS_A21B_0488,4,17,B4,6,4,1.5,0.35294117647058826
DAMIMAS_A21B_0491,4,20,B1,5,3,1.6666666666666667,0.25
DAMIMAS_A21B_0491,4,20,B2,8,4,2.0,0.4
DAMIMAS_A21B_0491,4,20,B3,7,5,1.4,0.35
DAMIMAS_A21B_0493,4,19,B1,2,1,2.0,0.10526315789473684
DAMIMAS_A21B_0493,4,19,B2,6,3,2.0,0.3157894736842105
DAMIMAS_A21B_0493,4,19,B3,7,4,1.75,0.3684210526315789
DAMIMAS_A21B_0493,4,19,B4,4,2,2.0,0.21052631578947367
DAMIMAS_A21B_0494,4,25,B1,3,2,1.5,0.12
DAMIMAS_A21B_0494,4,25,B2,4,2,2.0,0.16
DAMIMAS_A21B_0494,4,25,B3,7,5,1.4,0.28
DAMIMAS_A21B_0494,4,25,B4,11,8,1.375,0.44
DAMIMAS_A21B_0495,4,18,B1,2,1,2.0,0.1111111111111111
DAMIMAS_A21B_0495,4,18,B2,7,4,1.75,0.3888888888888889
DAMIMAS_A21B_0495,4,18,B3,9,5,1.8,0.5
DAMIMAS_A21B_0496,4,19,B1,3,2,1.5,0.15789473684210525
DAMIMAS_A21B_0496,4,19,B2,6,4,1.5,0.3157894736842105
DAMIMAS_A21B_0496,4,19,B3,3,2,1.5,0.15789473684210525
DAMIMAS_A21B_0496,4,19,B4,7,4,1.75,0.3684210526315789
DAMIMAS_A21B_0498,4,28,B1,8,4,2.0,0.2857142857142857
DAMIMAS_A21B_0498,4,28,B2,1,1,1.0,0.03571428571428571
DAMIMAS_A21B_0498,4,28,B3,6,4,1.5,0.21428571428571427
DAMIMAS_A21B_0498,4,28,B4,13,8,1.625,0.4642857142857143
DAMIMAS_A21B_0499,4,23,B1,5,2,2.5,0.21739130434782608
DAMIMAS_A21B_0499,4,23,B2,6,3,2.0,0.2608695652173913
DAMIMAS_A21B_0499,4,23,B3,9,5,1.8,0.391304347826087
DAMIMAS_A21B_0499,4,23,B4,3,2,1.5,0.13043478260869565
DAMIMAS_A21B_0500,4,19,B1,6,3,2.0,0.3157894736842105
DAMIMAS_A21B_0500,4,19,B2,6,3,2.0,0.3157894736842105
DAMIMAS_A21B_0500,4,19,B3,4,3,1.3333333333333333,0.21052631578947367
DAMIMAS_A21B_0500,4,19,B4,3,2,1.5,0.15789473684210525
DAMIMAS_A21B_0501,4,25,B1,4,2,2.0,0.16
DAMIMAS_A21B_0501,4,25,B2,5,2,2.5,0.2
DAMIMAS_A21B_0501,4,25,B3,11,6,1.8333333333333333,0.44
DAMIMAS_A21B_0501,4,25,B4,5,2,2.5,0.2
DAMIMAS_A21B_0502,4,28,B2,7,3,2.3333333333333335,0.25
DAMIMAS_A21B_0502,4,28,B3,10,5,2.0,0.35714285714285715
DAMIMAS_A21B_0502,4,28,B4,11,6,1.8333333333333333,0.39285714285714285
DAMIMAS_A21B_0503,4,27,B1,3,2,1.5,0.1111111111111111
DAMIMAS_A21B_0503,4,27,B2,10,4,2.5,0.37037037037037035
DAMIMAS_A21B_0503,4,27,B3,9,5,1.8,0.3333333333333333
DAMIMAS_A21B_0503,4,27,B4,5,3,1.6666666666666667,0.18518518518518517
DAMIMAS_A21B_0506,4,33,B1,7,3,2.3333333333333335,0.21212121212121213
DAMIMAS_A21B_0506,4,33,B2,4,2,2.0,0.12121212121212122
DAMIMAS_A21B_0506,4,33,B3,8,5,1.6,0.24242424242424243
DAMIMAS_A21B_0506,4,33,B4,14,8,1.75,0.42424242424242425
DAMIMAS_A21B_0507,4,17,B2,9,5,1.8,0.5294117647058824
DAMIMAS_A21B_0507,4,17,B3,8,4,2.0,0.47058823529411764
DAMIMAS_A21B_0508,4,22,B1,1,1,1.0,0.045454545454545456
DAMIMAS_A21B_0508,4,22,B2,11,6,1.8333333333333333,0.5
DAMIMAS_A21B_0508,4,22,B3,8,5,1.6,0.36363636363636365
DAMIMAS_A21B_0508,4,22,B4,2,2,1.0,0.09090909090909091
DAMIMAS_A21B_0509,4,17,B1,2,1,2.0,0.11764705882352941
DAMIMAS_A21B_0509,4,17,B2,3,2,1.5,0.17647058823529413
DAMIMAS_A21B_0509,4,17,B3,9,5,1.8,0.5294117647058824
DAMIMAS_A21B_0509,4,17,B4,3,2,1.5,0.17647058823529413
DAMIMAS_A21B_0511,4,23,B1,7,3,2.3333333333333335,0.30434782608695654
DAMIMAS_A21B_0511,4,23,B2,9,5,1.8,0.391304347826087
DAMIMAS_A21B_0511,4,23,B3,6,3,2.0,0.2608695652173913
DAMIMAS_A21B_0511,4,23,B4,1,1,1.0,0.043478260869565216
DAMIMAS_A21B_0513,4,13,B2,2,1,2.0,0.15384615384615385
DAMIMAS_A21B_0513,4,13,B3,11,6,1.8333333333333333,0.8461538461538461
DAMIMAS_A21B_0514,4,22,B3,15,9,1.6666666666666667,0.6818181818181818
DAMIMAS_A21B_0514,4,22,B4,7,5,1.4,0.3181818181818182
DAMIMAS_A21B_0515,4,24,B1,4,2,2.0,0.16666666666666666
DAMIMAS_A21B_0515,4,24,B2,8,4,2.0,0.3333333333333333
DAMIMAS_A21B_0515,4,24,B3,9,5,1.8,0.375
DAMIMAS_A21B_0515,4,24,B4,3,2,1.5,0.125
DAMIMAS_A21B_0517,4,22,B1,4,2,2.0,0.18181818181818182
DAMIMAS_A21B_0517,4,22,B2,1,1,1.0,0.045454545454545456
DAMIMAS_A21B_0517,4,22,B3,10,6,1.6666666666666667,0.45454545454545453
DAMIMAS_A21B_0517,4,22,B4,7,4,1.75,0.3181818181818182
DAMIMAS_A21B_0520,4,16,B1,5,2,2.5,0.3125
DAMIMAS_A21B_0520,4,16,B2,4,2,2.0,0.25
DAMIMAS_A21B_0520,4,16,B3,4,2,2.0,0.25
DAMIMAS_A21B_0520,4,16,B4,3,2,1.5,0.1875
DAMIMAS_A21B_0522,4,16,B2,8,6,1.3333333333333333,0.5
DAMIMAS_A21B_0522,4,16,B3,5,3,1.6666666666666667,0.3125
DAMIMAS_A21B_0522,4,16,B4,3,2,1.5,0.1875
DAMIMAS_A21B_0523,4,23,B1,4,2,2.0,0.17391304347826086
DAMIMAS_A21B_0523,4,23,B2,12,8,1.5,0.5217391304347826
DAMIMAS_A21B_0523,4,23,B3,5,3,1.6666666666666667,0.21739130434782608
DAMIMAS_A21B_0523,4,23,B4,2,1,2.0,0.08695652173913043
DAMIMAS_A21B_0524,4,22,B1,4,2,2.0,0.18181818181818182
DAMIMAS_A21B_0524,4,22,B2,4,2,2.0,0.18181818181818182
DAMIMAS_A21B_0524,4,22,B3,6,3,2.0,0.2727272727272727
DAMIMAS_A21B_0524,4,22,B4,8,6,1.3333333333333333,0.36363636363636365
DAMIMAS_A21B_0526,4,21,B2,1,1,1.0,0.047619047619047616
DAMIMAS_A21B_0526,4,21,B3,19,10,1.9,0.9047619047619048
DAMIMAS_A21B_0526,4,21,B4,1,1,1.0,0.047619047619047616
DAMIMAS_A21B_0527,4,15,B2,7,4,1.75,0.4666666666666667
DAMIMAS_A21B_0527,4,15,B3,8,5,1.6,0.5333333333333333
DAMIMAS_A21B_0528,2,2,B2,2,1,2.0,1.0
DAMIMAS_A21B_0529,4,17,B3,11,7,1.5714285714285714,0.6470588235294118
DAMIMAS_A21B_0529,4,17,B4,6,3,2.0,0.35294117647058826
DAMIMAS_A21B_0531,4,27,B1,4,2,2.0,0.14814814814814814
DAMIMAS_A21B_0531,4,27,B2,9,5,1.8,0.3333333333333333
DAMIMAS_A21B_0531,4,27,B3,11,5,2.2,0.4074074074074074
DAMIMAS_A21B_0531,4,27,B4,3,2,1.5,0.1111111111111111
DAMIMAS_A21B_0532,4,20,B1,5,2,2.5,0.25
DAMIMAS_A21B_0532,4,20,B2,3,2,1.5,0.15
DAMIMAS_A21B_0532,4,20,B3,10,6,1.6666666666666667,0.5
DAMIMAS_A21B_0532,4,20,B4,2,1,2.0,0.1
DAMIMAS_A21B_0534,4,19,B1,3,1,3.0,0.15789473684210525
DAMIMAS_A21B_0534,4,19,B2,2,1,2.0,0.10526315789473684
DAMIMAS_A21B_0534,4,19,B3,8,4,2.0,0.42105263157894735
DAMIMAS_A21B_0534,4,19,B4,6,3,2.0,0.3157894736842105
DAMIMAS_A21B_0535,4,19,B1,7,3,2.3333333333333335,0.3684210526315789
DAMIMAS_A21B_0535,4,19,B2,5,3,1.6666666666666667,0.2631578947368421
DAMIMAS_A21B_0535,4,19,B3,5,3,1.6666666666666667,0.2631578947368421
DAMIMAS_A21B_0535,4,19,B4,2,1,2.0,0.10526315789473684
DAMIMAS_A21B_0538,4,24,B2,4,2,2.0,0.16666666666666666
DAMIMAS_A21B_0538,4,24,B3,11,6,1.8333333333333333,0.4583333333333333
DAMIMAS_A21B_0538,4,24,B4,9,5,1.8,0.375
DAMIMAS_A21B_0539,4,28,B1,7,4,1.75,0.25
DAMIMAS_A21B_0539,4,28,B2,6,3,2.0,0.21428571428571427
DAMIMAS_A21B_0539,4,28,B3,11,5,2.2,0.39285714285714285
DAMIMAS_A21B_0539,4,28,B4,4,3,1.3333333333333333,0.14285714285714285
DAMIMAS_A21B_0540,4,18,B1,7,3,2.3333333333333335,0.3888888888888889
DAMIMAS_A21B_0540,4,18,B3,6,3,2.0,0.3333333333333333
DAMIMAS_A21B_0540,4,18,B4,5,3,1.6666666666666667,0.2777777777777778
DAMIMAS_A21B_0542,4,25,B1,4,2,2.0,0.16
DAMIMAS_A21B_0542,4,25,B2,3,2,1.5,0.12
DAMIMAS_A21B_0542,4,25,B3,10,5,2.0,0.4
DAMIMAS_A21B_0542,4,25,B4,8,4,2.0,0.32
DAMIMAS_A21B_0543,4,10,B1,4,2,2.0,0.4
DAMIMAS_A21B_0543,4,10,B2,3,2,1.5,0.3
DAMIMAS_A21B_0543,4,10,B3,3,2,1.5,0.3
DAMIMAS_A21B_0544,4,23,B1,4,2,2.0,0.17391304347826086
DAMIMAS_A21B_0544,4,23,B2,6,3,2.0,0.2608695652173913
DAMIMAS_A21B_0544,4,23,B3,4,3,1.3333333333333333,0.17391304347826086
DAMIMAS_A21B_0544,4,23,B4,9,5,1.8,0.391304347826087
DAMIMAS_A21B_0545,4,23,B1,2,1,2.0,0.08695652173913043
DAMIMAS_A21B_0545,4,23,B3,20,9,2.2222222222222223,0.8695652173913043
DAMIMAS_A21B_0545,4,23,B4,1,1,1.0,0.043478260869565216
DAMIMAS_A21B_0548,4,20,B1,2,1,2.0,0.1
DAMIMAS_A21B_0548,4,20,B2,6,3,2.0,0.3
DAMIMAS_A21B_0548,4,20,B3,8,5,1.6,0.4
DAMIMAS_A21B_0548,4,20,B4,4,2,2.0,0.2
DAMIMAS_A21B_0549,4,10,B1,2,1,2.0,0.2
DAMIMAS_A21B_0549,4,10,B3,8,4,2.0,0.8
DAMIMAS_A21B_0552,4,18,B1,6,3,2.0,0.3333333333333333
DAMIMAS_A21B_0552,4,18,B2,7,3,2.3333333333333335,0.3888888888888889
DAMIMAS_A21B_0552,4,18,B3,4,2,2.0,0.2222222222222222
DAMIMAS_A21B_0552,4,18,B4,1,1,1.0,0.05555555555555555
DAMIMAS_A21B_0553,4,20,B1,3,1,3.0,0.15
DAMIMAS_A21B_0553,4,20,B2,4,2,2.0,0.2
DAMIMAS_A21B_0553,4,20,B3,9,5,1.8,0.45
DAMIMAS_A21B_0553,4,20,B4,4,3,1.3333333333333333,0.2
DAMIMAS_A21B_0555,4,16,B2,7,3,2.3333333333333335,0.4375
DAMIMAS_A21B_0555,4,16,B3,6,3,2.0,0.375
DAMIMAS_A21B_0555,4,16,B4,3,2,1.5,0.1875
DAMIMAS_A21B_0558,4,23,B2,11,4,2.75,0.4782608695652174
DAMIMAS_A21B_0558,4,23,B3,7,4,1.75,0.30434782608695654
DAMIMAS_A21B_0558,4,23,B4,5,3,1.6666666666666667,0.21739130434782608
DAMIMAS_A21B_0559,4,9,B4,9,8,1.125,1.0
DAMIMAS_A21B_0560,4,10,B3,10,5,2.0,1.0
DAMIMAS_A21B_0561,4,24,B1,2,1,2.0,0.08333333333333333
DAMIMAS_A21B_0561,4,24,B2,4,2,2.0,0.16666666666666666
DAMIMAS_A21B_0561,4,24,B3,14,9,1.5555555555555556,0.5833333333333334
DAMIMAS_A21B_0561,4,24,B4,4,3,1.3333333333333333,0.16666666666666666
DAMIMAS_A21B_0564,4,21,B1,6,4,1.5,0.2857142857142857
DAMIMAS_A21B_0564,4,21,B2,3,2,1.5,0.14285714285714285
DAMIMAS_A21B_0564,4,21,B3,9,6,1.5,0.42857142857142855
DAMIMAS_A21B_0564,4,21,B4,3,2,1.5,0.14285714285714285
DAMIMAS_A21B_0565,4,19,B3,14,8,1.75,0.7368421052631579
DAMIMAS_A21B_0565,4,19,B4,5,4,1.25,0.2631578947368421
DAMIMAS_A21B_0566,4,27,B2,13,6,2.1666666666666665,0.48148148148148145
DAMIMAS_A21B_0566,4,27,B3,10,5,2.0,0.37037037037037035
DAMIMAS_A21B_0566,4,27,B4,4,2,2.0,0.14814814814814814
DAMIMAS_A21B_0567,4,27,B1,4,2,2.0,0.14814814814814814
DAMIMAS_A21B_0567,4,27,B2,9,5,1.8,0.3333333333333333
DAMIMAS_A21B_0567,4,27,B3,12,6,2.0,0.4444444444444444
DAMIMAS_A21B_0567,4,27,B4,2,1,2.0,0.07407407407407407
DAMIMAS_A21B_0568,4,23,B1,4,2,2.0,0.17391304347826086
DAMIMAS_A21B_0568,4,23,B2,6,3,2.0,0.2608695652173913
DAMIMAS_A21B_0568,4,23,B3,8,5,1.6,0.34782608695652173
DAMIMAS_A21B_0568,4,23,B4,5,3,1.6666666666666667,0.21739130434782608
DAMIMAS_A21B_0569,4,24,B1,5,2,2.5,0.20833333333333334
DAMIMAS_A21B_0569,4,24,B2,4,2,2.0,0.16666666666666666
DAMIMAS_A21B_0569,4,24,B3,12,7,1.7142857142857142,0.5
DAMIMAS_A21B_0569,4,24,B4,3,2,1.5,0.125
DAMIMAS_A21B_0571,4,24,B1,6,3,2.0,0.25
DAMIMAS_A21B_0571,4,24,B2,7,6,1.1666666666666667,0.2916666666666667
DAMIMAS_A21B_0571,4,24,B3,9,5,1.8,0.375
DAMIMAS_A21B_0571,4,24,B4,2,1,2.0,0.08333333333333333
DAMIMAS_A21B_0572,4,16,B1,4,2,2.0,0.25
DAMIMAS_A21B_0572,4,16,B2,6,3,2.0,0.375
DAMIMAS_A21B_0572,4,16,B3,4,3,1.3333333333333333,0.25
DAMIMAS_A21B_0572,4,16,B4,2,1,2.0,0.125
DAMIMAS_A21B_0573,4,24,B2,6,4,1.5,0.25
DAMIMAS_A21B_0573,4,24,B3,11,6,1.8333333333333333,0.4583333333333333
DAMIMAS_A21B_0573,4,24,B4,7,5,1.4,0.2916666666666667
DAMIMAS_A21B_0574,4,13,B2,1,1,1.0,0.07692307692307693
DAMIMAS_A21B_0574,4,13,B3,8,4,2.0,0.6153846153846154
DAMIMAS_A21B_0574,4,13,B4,4,2,2.0,0.3076923076923077
DAMIMAS_A21B_0575,4,28,B1,6,3,2.0,0.21428571428571427
DAMIMAS_A21B_0575,4,28,B2,8,4,2.0,0.2857142857142857
DAMIMAS_A21B_0575,4,28,B3,11,6,1.8333333333333333,0.39285714285714285
DAMIMAS_A21B_0575,4,28,B4,3,2,1.5,0.10714285714285714
DAMIMAS_A21B_0576,4,25,B1,5,3,1.6666666666666667,0.2
DAMIMAS_A21B_0576,4,25,B2,6,4,1.5,0.24
DAMIMAS_A21B_0576,4,25,B3,12,6,2.0,0.48
DAMIMAS_A21B_0576,4,25,B4,2,1,2.0,0.08
DAMIMAS_A21B_0577,4,15,B1,6,3,2.0,0.4
DAMIMAS_A21B_0577,4,15,B3,6,4,1.5,0.4
DAMIMAS_A21B_0577,4,15,B4,3,2,1.5,0.2
DAMIMAS_A21B_0579,4,28,B1,10,5,2.0,0.35714285714285715
DAMIMAS_A21B_0579,4,28,B2,6,3,2.0,0.21428571428571427
DAMIMAS_A21B_0579,4,28,B3,10,6,1.6666666666666667,0.35714285714285715
DAMIMAS_A21B_0579,4,28,B4,2,1,2.0,0.07142857142857142
DAMIMAS_A21B_0580,4,25,B1,4,2,2.0,0.16
DAMIMAS_A21B_0580,4,25,B2,8,4,2.0,0.32
DAMIMAS_A21B_0580,4,25,B3,12,6,2.0,0.48
DAMIMAS_A21B_0580,4,25,B4,1,1,1.0,0.04
DAMIMAS_A21B_0581,4,20,B1,2,1,2.0,0.1
DAMIMAS_A21B_0581,4,20,B2,5,3,1.6666666666666667,0.25
DAMIMAS_A21B_0581,4,20,B3,9,5,1.8,0.45
DAMIMAS_A21B_0581,4,20,B4,4,2,2.0,0.2
DAMIMAS_A21B_0582,4,26,B1,4,2,2.0,0.15384615384615385
DAMIMAS_A21B_0582,4,26,B2,10,6,1.6666666666666667,0.38461538461538464
DAMIMAS_A21B_0582,4,26,B3,9,5,1.8,0.34615384615384615
DAMIMAS_A21B_0582,4,26,B4,3,2,1.5,0.11538461538461539
DAMIMAS_A21B_0583,4,6,B1,2,1,2.0,0.3333333333333333
DAMIMAS_A21B_0583,4,6,B2,4,2,2.0,0.6666666666666666
DAMIMAS_A21B_0584,4,19,B1,2,1,2.0,0.10526315789473684
DAMIMAS_A21B_0584,4,19,B2,6,3,2.0,0.3157894736842105
DAMIMAS_A21B_0584,4,19,B3,10,5,2.0,0.5263157894736842
DAMIMAS_A21B_0584,4,19,B4,1,1,1.0,0.05263157894736842
DAMIMAS_A21B_0585,4,21,B1,4,2,2.0,0.19047619047619047
DAMIMAS_A21B_0585,4,21,B2,4,2,2.0,0.19047619047619047
DAMIMAS_A21B_0585,4,21,B3,7,4,1.75,0.3333333333333333
DAMIMAS_A21B_0585,4,21,B4,6,3,2.0,0.2857142857142857
DAMIMAS_A21B_0587,4,5,B1,5,3,1.6666666666666667,1.0
DAMIMAS_A21B_0588,4,21,B1,6,4,1.5,0.2857142857142857
DAMIMAS_A21B_0588,4,21,B2,6,3,2.0,0.2857142857142857
DAMIMAS_A21B_0588,4,21,B3,6,3,2.0,0.2857142857142857
DAMIMAS_A21B_0588,4,21,B4,3,2,1.5,0.14285714285714285
DAMIMAS_A21B_0589,4,25,B1,2,1,2.0,0.08
DAMIMAS_A21B_0589,4,25,B2,4,2,2.0,0.16
DAMIMAS_A21B_0589,4,25,B3,17,10,1.7,0.68
DAMIMAS_A21B_0589,4,25,B4,2,1,2.0,0.08
DAMIMAS_A21B_0590,4,23,B1,8,4,2.0,0.34782608695652173
DAMIMAS_A21B_0590,4,23,B2,4,2,2.0,0.17391304347826086
DAMIMAS_A21B_0590,4,23,B3,6,4,1.5,0.2608695652173913
DAMIMAS_A21B_0590,4,23,B4,5,4,1.25,0.21739130434782608
DAMIMAS_A21B_0592,4,14,B1,2,1,2.0,0.14285714285714285
DAMIMAS_A21B_0592,4,14,B2,2,1,2.0,0.14285714285714285
DAMIMAS_A21B_0592,4,14,B3,10,6,1.6666666666666667,0.7142857142857143
DAMIMAS_A21B_0594,4,25,B1,7,4,1.75,0.28
DAMIMAS_A21B_0594,4,25,B2,8,5,1.6,0.32
DAMIMAS_A21B_0594,4,25,B3,6,3,2.0,0.24
DAMIMAS_A21B_0594,4,25,B4,4,3,1.3333333333333333,0.16
DAMIMAS_A21B_0596,4,23,B2,4,2,2.0,0.17391304347826086
DAMIMAS_A21B_0596,4,23,B3,14,8,1.75,0.6086956521739131
DAMIMAS_A21B_0596,4,23,B4,5,4,1.25,0.21739130434782608
DAMIMAS_A21B_0597,4,15,B3,15,8,1.875,1.0
DAMIMAS_A21B_0598,4,19,B1,2,1,2.0,0.10526315789473684
DAMIMAS_A21B_0598,4,19,B2,6,3,2.0,0.3157894736842105
DAMIMAS_A21B_0598,4,19,B3,9,5,1.8,0.47368421052631576
DAMIMAS_A21B_0598,4,19,B4,2,1,2.0,0.10526315789473684
DAMIMAS_A21B_0599,4,24,B1,6,3,2.0,0.25
DAMIMAS_A21B_0599,4,24,B2,6,4,1.5,0.25
DAMIMAS_A21B_0599,4,24,B3,10,6,1.6666666666666667,0.4166666666666667
DAMIMAS_A21B_0599,4,24,B4,2,2,1.0,0.08333333333333333
DAMIMAS_A21B_0600,4,28,B1,5,3,1.6666666666666667,0.17857142857142858
DAMIMAS_A21B_0600,4,28,B2,4,2,2.0,0.14285714285714285
DAMIMAS_A21B_0600,4,28,B3,12,7,1.7142857142857142,0.42857142857142855
DAMIMAS_A21B_0600,4,28,B4,7,4,1.75,0.25
DAMIMAS_A21B_0602,4,26,B1,7,4,1.75,0.2692307692307692
DAMIMAS_A21B_0602,4,26,B2,7,4,1.75,0.2692307692307692
DAMIMAS_A21B_0602,4,26,B3,8,5,1.6,0.3076923076923077
DAMIMAS_A21B_0602,4,26,B4,4,3,1.3333333333333333,0.15384615384615385
DAMIMAS_A21B_0603,4,18,B1,4,2,2.0,0.2222222222222222
DAMIMAS_A21B_0603,4,18,B2,7,4,1.75,0.3888888888888889
DAMIMAS_A21B_0603,4,18,B3,6,3,2.0,0.3333333333333333
DAMIMAS_A21B_0603,4,18,B4,1,1,1.0,0.05555555555555555
DAMIMAS_A21B_0604,4,12,B2,6,3,2.0,0.5
DAMIMAS_A21B_0604,4,12,B3,4,2,2.0,0.3333333333333333
DAMIMAS_A21B_0604,4,12,B4,2,1,2.0,0.16666666666666666
DAMIMAS_A21B_0605,4,21,B1,3,2,1.5,0.14285714285714285
DAMIMAS_A21B_0605,4,21,B2,4,2,2.0,0.19047619047619047
DAMIMAS_A21B_0605,4,21,B3,10,6,1.6666666666666667,0.47619047619047616
DAMIMAS_A21B_0605,4,21,B4,4,3,1.3333333333333333,0.19047619047619047
DAMIMAS_A21B_0606,4,22,B1,1,1,1.0,0.045454545454545456
DAMIMAS_A21B_0606,4,22,B2,7,5,1.4,0.3181818181818182
DAMIMAS_A21B_0606,4,22,B3,7,4,1.75,0.3181818181818182
DAMIMAS_A21B_0606,4,22,B4,7,4,1.75,0.3181818181818182
DAMIMAS_A21B_0607,4,25,B1,8,4,2.0,0.32
DAMIMAS_A21B_0607,4,25,B2,8,4,2.0,0.32
DAMIMAS_A21B_0607,4,25,B3,7,4,1.75,0.28
DAMIMAS_A21B_0607,4,25,B4,2,1,2.0,0.08
DAMIMAS_A21B_0608,4,22,B2,3,2,1.5,0.13636363636363635
DAMIMAS_A21B_0608,4,22,B3,14,8,1.75,0.6363636363636364
DAMIMAS_A21B_0608,4,22,B4,5,3,1.6666666666666667,0.22727272727272727
DAMIMAS_A21B_0610,4,20,B2,11,6,1.8333333333333333,0.55
DAMIMAS_A21B_0610,4,20,B3,6,4,1.5,0.3
DAMIMAS_A21B_0610,4,20,B4,3,2,1.5,0.15
DAMIMAS_A21B_0611,4,20,B2,11,6,1.8333333333333333,0.55
DAMIMAS_A21B_0611,4,20,B3,9,5,1.8,0.45
DAMIMAS_A21B_0613,4,10,B2,2,1,2.0,0.2
DAMIMAS_A21B_0613,4,10,B3,6,4,1.5,0.6
DAMIMAS_A21B_0613,4,10,B4,2,1,2.0,0.2
DAMIMAS_A21B_0615,4,22,B1,5,3,1.6666666666666667,0.22727272727272727
DAMIMAS_A21B_0615,4,22,B2,10,5,2.0,0.45454545454545453
DAMIMAS_A21B_0615,4,22,B3,6,3,2.0,0.2727272727272727
DAMIMAS_A21B_0615,4,22,B4,1,1,1.0,0.045454545454545456
DAMIMAS_A21B_0617,4,21,B1,5,3,1.6666666666666667,0.23809523809523808
DAMIMAS_A21B_0617,4,21,B2,5,3,1.6666666666666667,0.23809523809523808
DAMIMAS_A21B_0617,4,21,B3,9,5,1.8,0.42857142857142855
DAMIMAS_A21B_0617,4,21,B4,2,1,2.0,0.09523809523809523
DAMIMAS_A21B_0619,4,26,B1,11,6,1.8333333333333333,0.4230769230769231
DAMIMAS_A21B_0619,4,26,B2,5,4,1.25,0.19230769230769232
DAMIMAS_A21B_0619,4,26,B3,10,6,1.6666666666666667,0.38461538461538464
DAMIMAS_A21B_0620,4,25,B1,4,2,2.0,0.16
DAMIMAS_A21B_0620,4,25,B2,2,1,2.0,0.08
DAMIMAS_A21B_0620,4,25,B3,16,9,1.7777777777777777,0.64
DAMIMAS_A21B_0620,4,25,B4,3,2,1.5,0.12
DAMIMAS_A21B_0621,4,27,B1,5,3,1.6666666666666667,0.18518518518518517
DAMIMAS_A21B_0621,4,27,B2,6,3,2.0,0.2222222222222222
DAMIMAS_A21B_0621,4,27,B3,13,8,1.625,0.48148148148148145
DAMIMAS_A21B_0621,4,27,B4,3,2,1.5,0.1111111111111111
DAMIMAS_A21B_0622,4,24,B1,4,2,2.0,0.16666666666666666
DAMIMAS_A21B_0622,4,24,B2,10,6,1.6666666666666667,0.4166666666666667
DAMIMAS_A21B_0622,4,24,B3,6,3,2.0,0.25
DAMIMAS_A21B_0622,4,24,B4,4,2,2.0,0.16666666666666666
DAMIMAS_A21B_0623,4,23,B1,4,2,2.0,0.17391304347826086
DAMIMAS_A21B_0623,4,23,B2,9,5,1.8,0.391304347826087
DAMIMAS_A21B_0623,4,23,B3,10,5,2.0,0.43478260869565216
DAMIMAS_A21B_0624,4,23,B1,6,3,2.0,0.2608695652173913
DAMIMAS_A21B_0624,4,23,B2,1,1,1.0,0.043478260869565216
DAMIMAS_A21B_0624,4,23,B3,12,8,1.5,0.5217391304347826
DAMIMAS_A21B_0624,4,23,B4,4,2,2.0,0.17391304347826086
DAMIMAS_A21B_0625,4,27,B2,5,3,1.6666666666666667,0.18518518518518517
DAMIMAS_A21B_0625,4,27,B3,16,9,1.7777777777777777,0.5925925925925926
DAMIMAS_A21B_0625,4,27,B4,6,3,2.0,0.2222222222222222
DAMIMAS_A21B_0626,4,25,B1,2,1,2.0,0.08
DAMIMAS_A21B_0626,4,25,B2,8,4,2.0,0.32
DAMIMAS_A21B_0626,4,25,B3,7,4,1.75,0.28
DAMIMAS_A21B_0626,4,25,B4,8,5,1.6,0.32
DAMIMAS_A21B_0627,4,17,B1,3,2,1.5,0.17647058823529413
DAMIMAS_A21B_0627,4,17,B2,7,4,1.75,0.4117647058823529
DAMIMAS_A21B_0627,4,17,B3,7,4,1.75,0.4117647058823529
DAMIMAS_A21B_0628,4,22,B2,4,2,2.0,0.18181818181818182
DAMIMAS_A21B_0628,4,22,B3,12,7,1.7142857142857142,0.5454545454545454
DAMIMAS_A21B_0628,4,22,B4,6,3,2.0,0.2727272727272727
DAMIMAS_A21B_0629,4,18,B1,4,2,2.0,0.2222222222222222
DAMIMAS_A21B_0629,4,18,B3,12,6,2.0,0.6666666666666666
DAMIMAS_A21B_0629,4,18,B4,2,1,2.0,0.1111111111111111
DAMIMAS_A21B_0630,4,23,B1,2,1,2.0,0.08695652173913043
DAMIMAS_A21B_0630,4,23,B2,9,5,1.8,0.391304347826087
DAMIMAS_A21B_0630,4,23,B3,6,3,2.0,0.2608695652173913
DAMIMAS_A21B_0630,4,23,B4,6,3,2.0,0.2608695652173913
DAMIMAS_A21B_0631,4,10,B2,5,3,1.6666666666666667,0.5
DAMIMAS_A21B_0631,4,10,B3,5,3,1.6666666666666667,0.5
DAMIMAS_A21B_0632,4,34,B1,6,3,2.0,0.17647058823529413
DAMIMAS_A21B_0632,4,34,B2,7,4,1.75,0.20588235294117646
DAMIMAS_A21B_0632,4,34,B3,15,10,1.5,0.4411764705882353
DAMIMAS_A21B_0632,4,34,B4,6,4,1.5,0.17647058823529413
DAMIMAS_A21B_0634,4,29,B1,7,4,1.75,0.2413793103448276
DAMIMAS_A21B_0634,4,29,B2,10,5,2.0,0.3448275862068966
DAMIMAS_A21B_0634,4,29,B3,6,4,1.5,0.20689655172413793
DAMIMAS_A21B_0634,4,29,B4,6,3,2.0,0.20689655172413793
DAMIMAS_A21B_0635,4,29,B1,6,3,2.0,0.20689655172413793
DAMIMAS_A21B_0635,4,29,B2,11,7,1.5714285714285714,0.3793103448275862
DAMIMAS_A21B_0635,4,29,B3,7,5,1.4,0.2413793103448276
DAMIMAS_A21B_0635,4,29,B4,5,3,1.6666666666666667,0.1724137931034483
DAMIMAS_A21B_0637,4,8,B1,3,2,1.5,0.375
DAMIMAS_A21B_0637,4,8,B3,3,2,1.5,0.375
DAMIMAS_A21B_0637,4,8,B4,2,1,2.0,0.25
DAMIMAS_A21B_0638,4,21,B1,7,4,1.75,0.3333333333333333
DAMIMAS_A21B_0638,4,21,B2,6,3,2.0,0.2857142857142857
DAMIMAS_A21B_0638,4,21,B3,6,4,1.5,0.2857142857142857
DAMIMAS_A21B_0638,4,21,B4,2,1,2.0,0.09523809523809523
DAMIMAS_A21B_0639,4,24,B1,4,2,2.0,0.16666666666666666
DAMIMAS_A21B_0639,4,24,B2,2,1,2.0,0.08333333333333333
DAMIMAS_A21B_0639,4,24,B3,17,10,1.7,0.7083333333333334
DAMIMAS_A21B_0639,4,24,B4,1,1,1.0,0.041666666666666664
DAMIMAS_A21B_0641,4,26,B1,6,3,2.0,0.23076923076923078
DAMIMAS_A21B_0641,4,26,B2,5,3,1.6666666666666667,0.19230769230769232
DAMIMAS_A21B_0641,4,26,B3,9,5,1.8,0.34615384615384615
DAMIMAS_A21B_0641,4,26,B4,6,4,1.5,0.23076923076923078
DAMIMAS_A21B_0644,4,23,B2,3,2,1.5,0.13043478260869565
DAMIMAS_A21B_0644,4,23,B3,14,7,2.0,0.6086956521739131
DAMIMAS_A21B_0644,4,23,B4,6,3,2.0,0.2608695652173913
DAMIMAS_A21B_0645,4,13,B3,10,5,2.0,0.7692307692307693
DAMIMAS_A21B_0645,4,13,B4,3,2,1.5,0.23076923076923078
DAMIMAS_A21B_0646,4,19,B2,7,4,1.75,0.3684210526315789
DAMIMAS_A21B_0646,4,19,B3,9,5,1.8,0.47368421052631576
DAMIMAS_A21B_0646,4,19,B4,3,2,1.5,0.15789473684210525
DAMIMAS_A21B_0647,4,19,B2,7,4,1.75,0.3684210526315789
DAMIMAS_A21B_0647,4,19,B3,12,7,1.7142857142857142,0.631578947368421
DAMIMAS_A21B_0648,4,19,B3,13,8,1.625,0.6842105263157895
DAMIMAS_A21B_0648,4,19,B4,6,3,2.0,0.3157894736842105
DAMIMAS_A21B_0650,4,20,B1,4,2,2.0,0.2
DAMIMAS_A21B_0650,4,20,B2,3,2,1.5,0.15
DAMIMAS_A21B_0650,4,20,B3,9,6,1.5,0.45
DAMIMAS_A21B_0650,4,20,B4,4,3,1.3333333333333333,0.2
DAMIMAS_A21B_0653,4,20,B1,4,2,2.0,0.2
DAMIMAS_A21B_0653,4,20,B2,2,1,2.0,0.1
DAMIMAS_A21B_0653,4,20,B3,9,6,1.5,0.45
DAMIMAS_A21B_0653,4,20,B4,5,3,1.6666666666666667,0.25
DAMIMAS_A21B_0655,4,20,B1,4,2,2.0,0.2
DAMIMAS_A21B_0655,4,20,B2,2,1,2.0,0.1
DAMIMAS_A21B_0655,4,20,B3,11,7,1.5714285714285714,0.55
DAMIMAS_A21B_0655,4,20,B4,3,2,1.5,0.15
DAMIMAS_A21B_0656,4,25,B1,4,2,2.0,0.16
DAMIMAS_A21B_0656,4,25,B3,15,9,1.6666666666666667,0.6
DAMIMAS_A21B_0656,4,25,B4,6,5,1.2,0.24
DAMIMAS_A21B_0659,4,22,B1,2,1,2.0,0.09090909090909091
DAMIMAS_A21B_0659,4,22,B2,2,1,2.0,0.09090909090909091
DAMIMAS_A21B_0659,4,22,B3,15,8,1.875,0.6818181818181818
DAMIMAS_A21B_0659,4,22,B4,3,2,1.5,0.13636363636363635
DAMIMAS_A21B_0660,4,17,B2,3,2,1.5,0.17647058823529413
DAMIMAS_A21B_0660,4,17,B3,9,5,1.8,0.5294117647058824
DAMIMAS_A21B_0660,4,17,B4,5,3,1.6666666666666667,0.29411764705882354
DAMIMAS_A21B_0661,4,23,B1,2,1,2.0,0.08695652173913043
DAMIMAS_A21B_0661,4,23,B2,4,2,2.0,0.17391304347826086
DAMIMAS_A21B_0661,4,23,B3,13,8,1.625,0.5652173913043478
DAMIMAS_A21B_0661,4,23,B4,4,3,1.3333333333333333,0.17391304347826086
DAMIMAS_A21B_0664,4,28,B1,2,1,2.0,0.07142857142857142
DAMIMAS_A21B_0664,4,28,B2,4,2,2.0,0.14285714285714285
DAMIMAS_A21B_0664,4,28,B3,17,9,1.8888888888888888,0.6071428571428571
DAMIMAS_A21B_0664,4,28,B4,5,3,1.6666666666666667,0.17857142857142858
DAMIMAS_A21B_0665,4,24,B1,6,3,2.0,0.25
DAMIMAS_A21B_0665,4,24,B2,5,3,1.6666666666666667,0.20833333333333334
DAMIMAS_A21B_0665,4,24,B3,11,6,1.8333333333333333,0.4583333333333333
DAMIMAS_A21B_0665,4,24,B4,2,1,2.0,0.08333333333333333
DAMIMAS_A21B_0666,4,12,B3,7,4,1.75,0.5833333333333334
DAMIMAS_A21B_0666,4,12,B4,5,3,1.6666666666666667,0.4166666666666667
DAMIMAS_A21B_0667,4,19,B1,4,2,2.0,0.21052631578947367
DAMIMAS_A21B_0667,4,19,B2,2,1,2.0,0.10526315789473684
DAMIMAS_A21B_0667,4,19,B3,9,6,1.5,0.47368421052631576
DAMIMAS_A21B_0667,4,19,B4,4,2,2.0,0.21052631578947367
DAMIMAS_A21B_0668,4,27,B1,4,2,2.0,0.14814814814814814
DAMIMAS_A21B_0668,4,27,B2,2,1,2.0,0.07407407407407407
DAMIMAS_A21B_0668,4,27,B3,12,7,1.7142857142857142,0.4444444444444444
DAMIMAS_A21B_0668,4,27,B4,9,5,1.8,0.3333333333333333
DAMIMAS_A21B_0669,4,29,B1,5,3,1.6666666666666667,0.1724137931034483
DAMIMAS_A21B_0669,4,29,B2,2,1,2.0,0.06896551724137931
DAMIMAS_A21B_0669,4,29,B3,18,9,2.0,0.6206896551724138
DAMIMAS_A21B_0669,4,29,B4,4,3,1.3333333333333333,0.13793103448275862
DAMIMAS_A21B_0670,4,18,B1,1,1,1.0,0.05555555555555555
DAMIMAS_A21B_0670,4,18,B2,5,3,1.6666666666666667,0.2777777777777778
DAMIMAS_A21B_0670,4,18,B3,4,2,2.0,0.2222222222222222
DAMIMAS_A21B_0670,4,18,B4,8,5,1.6,0.4444444444444444
DAMIMAS_A21B_0671,4,23,B1,2,1,2.0,0.08695652173913043
DAMIMAS_A21B_0671,4,23,B2,2,1,2.0,0.08695652173913043
DAMIMAS_A21B_0671,4,23,B3,14,8,1.75,0.6086956521739131
DAMIMAS_A21B_0671,4,23,B4,5,3,1.6666666666666667,0.21739130434782608
DAMIMAS_A21B_0673,4,23,B1,4,2,2.0,0.17391304347826086
DAMIMAS_A21B_0673,4,23,B2,2,1,2.0,0.08695652173913043
DAMIMAS_A21B_0673,4,23,B3,14,7,2.0,0.6086956521739131
DAMIMAS_A21B_0673,4,23,B4,3,2,1.5,0.13043478260869565
DAMIMAS_A21B_0675,4,26,B1,2,1,2.0,0.07692307692307693
DAMIMAS_A21B_0675,4,26,B2,4,2,2.0,0.15384615384615385
DAMIMAS_A21B_0675,4,26,B3,10,5,2.0,0.38461538461538464
DAMIMAS_A21B_0675,4,26,B4,10,5,2.0,0.38461538461538464
DAMIMAS_A21B_0676,4,26,B1,2,1,2.0,0.07692307692307693
DAMIMAS_A21B_0676,4,26,B2,6,3,2.0,0.23076923076923078
DAMIMAS_A21B_0676,4,26,B3,9,6,1.5,0.34615384615384615
DAMIMAS_A21B_0676,4,26,B4,9,5,1.8,0.34615384615384615
DAMIMAS_A21B_0677,4,26,B1,4,2,2.0,0.15384615384615385
DAMIMAS_A21B_0677,4,26,B2,4,2,2.0,0.15384615384615385
DAMIMAS_A21B_0677,4,26,B3,9,5,1.8,0.34615384615384615
DAMIMAS_A21B_0677,4,26,B4,9,5,1.8,0.34615384615384615
DAMIMAS_A21B_0679,4,27,B2,8,4,2.0,0.2962962962962963
DAMIMAS_A21B_0679,4,27,B3,14,7,2.0,0.5185185185185185
DAMIMAS_A21B_0679,4,27,B4,5,3,1.6666666666666667,0.18518518518518517
DAMIMAS_A21B_0680,4,30,B2,5,3,1.6666666666666667,0.16666666666666666
DAMIMAS_A21B_0680,4,30,B3,20,11,1.8181818181818181,0.6666666666666666
DAMIMAS_A21B_0680,4,30,B4,5,3,1.6666666666666667,0.16666666666666666
DAMIMAS_A21B_0681,4,28,B1,4,2,2.0,0.14285714285714285
DAMIMAS_A21B_0681,4,28,B2,2,1,2.0,0.07142857142857142
DAMIMAS_A21B_0681,4,28,B3,17,10,1.7,0.6071428571428571
DAMIMAS_A21B_0681,4,28,B4,5,4,1.25,0.17857142857142858
DAMIMAS_A21B_0685,4,24,B1,4,2,2.0,0.16666666666666666
DAMIMAS_A21B_0685,4,24,B2,1,1,1.0,0.041666666666666664
DAMIMAS_A21B_0685,4,24,B3,11,6,1.8333333333333333,0.4583333333333333
DAMIMAS_A21B_0685,4,24,B4,8,4,2.0,0.3333333333333333
DAMIMAS_A21B_0686,4,24,B1,6,3,2.0,0.25
DAMIMAS_A21B_0686,4,24,B2,4,2,2.0,0.16666666666666666
DAMIMAS_A21B_0686,4,24,B3,10,6,1.6666666666666667,0.4166666666666667
DAMIMAS_A21B_0686,4,24,B4,4,2,2.0,0.16666666666666666
DAMIMAS_A21B_0688,4,24,B1,3,2,1.5,0.125
DAMIMAS_A21B_0688,4,24,B2,2,1,2.0,0.08333333333333333
DAMIMAS_A21B_0688,4,24,B3,14,8,1.75,0.5833333333333334
DAMIMAS_A21B_0688,4,24,B4,5,4,1.25,0.20833333333333334
DAMIMAS_A21B_0689,4,24,B2,8,4,2.0,0.3333333333333333
DAMIMAS_A21B_0689,4,24,B3,9,5,1.8,0.375
DAMIMAS_A21B_0689,4,24,B4,7,5,1.4,0.2916666666666667
DAMIMAS_A21B_0690,4,16,B1,2,1,2.0,0.125
DAMIMAS_A21B_0690,4,16,B2,2,1,2.0,0.125
DAMIMAS_A21B_0690,4,16,B3,4,2,2.0,0.25
DAMIMAS_A21B_0690,4,16,B4,8,4,2.0,0.5
DAMIMAS_A21B_0691,4,20,B2,4,2,2.0,0.2
DAMIMAS_A21B_0691,4,20,B3,12,7,1.7142857142857142,0.6
DAMIMAS_A21B_0691,4,20,B4,4,3,1.3333333333333333,0.2
DAMIMAS_A21B_0692,4,17,B1,2,1,2.0,0.11764705882352941
DAMIMAS_A21B_0692,4,17,B2,3,2,1.5,0.17647058823529413
DAMIMAS_A21B_0692,4,17,B3,10,5,2.0,0.5882352941176471
DAMIMAS_A21B_0692,4,17,B4,2,1,2.0,0.11764705882352941
DAMIMAS_A21B_0693,4,26,B1,2,1,2.0,0.07692307692307693
DAMIMAS_A21B_0693,4,26,B2,3,2,1.5,0.11538461538461539
DAMIMAS_A21B_0693,4,26,B3,16,9,1.7777777777777777,0.6153846153846154
DAMIMAS_A21B_0693,4,26,B4,5,3,1.6666666666666667,0.19230769230769232
DAMIMAS_A21B_0694,4,14,B1,3,2,1.5,0.21428571428571427
DAMIMAS_A21B_0694,4,14,B3,11,6,1.8333333333333333,0.7857142857142857
DAMIMAS_A21B_0695,4,23,B1,3,2,1.5,0.13043478260869565
DAMIMAS_A21B_0695,4,23,B2,4,2,2.0,0.17391304347826086
DAMIMAS_A21B_0695,4,23,B3,10,6,1.6666666666666667,0.43478260869565216
DAMIMAS_A21B_0695,4,23,B4,6,4,1.5,0.2608695652173913
DAMIMAS_A21B_0696,4,21,B2,2,1,2.0,0.09523809523809523
DAMIMAS_A21B_0696,4,21,B3,14,7,2.0,0.6666666666666666
DAMIMAS_A21B_0696,4,21,B4,5,3,1.6666666666666667,0.23809523809523808
DAMIMAS_A21B_0698,4,21,B1,5,3,1.6666666666666667,0.23809523809523808
DAMIMAS_A21B_0698,4,21,B3,10,5,2.0,0.47619047619047616
DAMIMAS_A21B_0698,4,21,B4,6,4,1.5,0.2857142857142857
DAMIMAS_A21B_0699,4,19,B2,3,2,1.5,0.15789473684210525
DAMIMAS_A21B_0699,4,19,B3,9,5,1.8,0.47368421052631576
DAMIMAS_A21B_0699,4,19,B4,7,5,1.4,0.3684210526315789
DAMIMAS_A21B_0700,4,20,B1,6,3,2.0,0.3
DAMIMAS_A21B_0700,4,20,B2,4,2,2.0,0.2
DAMIMAS_A21B_0700,4,20,B3,5,3,1.6666666666666667,0.25
DAMIMAS_A21B_0700,4,20,B4,5,3,1.6666666666666667,0.25
DAMIMAS_A21B_0701,4,27,B1,2,1,2.0,0.07407407407407407
DAMIMAS_A21B_0701,4,27,B2,4,2,2.0,0.14814814814814814
DAMIMAS_A21B_0701,4,27,B3,17,9,1.8888888888888888,0.6296296296296297
DAMIMAS_A21B_0701,4,27,B4,4,2,2.0,0.14814814814814814
DAMIMAS_A21B_0702,4,18,B1,2,1,2.0,0.1111111111111111
DAMIMAS_A21B_0702,4,18,B3,12,5,2.4,0.6666666666666666
DAMIMAS_A21B_0702,4,18,B4,4,2,2.0,0.2222222222222222
DAMIMAS_A21B_0705,4,26,B1,4,2,2.0,0.15384615384615385
DAMIMAS_A21B_0705,4,26,B2,4,2,2.0,0.15384615384615385
DAMIMAS_A21B_0705,4,26,B3,13,7,1.8571428571428572,0.5
DAMIMAS_A21B_0705,4,26,B4,5,3,1.6666666666666667,0.19230769230769232
DAMIMAS_A21B_0707,4,26,B2,4,2,2.0,0.15384615384615385
DAMIMAS_A21B_0707,4,26,B3,19,10,1.9,0.7307692307692307
DAMIMAS_A21B_0707,4,26,B4,3,2,1.5,0.11538461538461539
DAMIMAS_A21B_0709,4,27,B1,6,3,2.0,0.2222222222222222
DAMIMAS_A21B_0709,4,27,B2,4,2,2.0,0.14814814814814814
DAMIMAS_A21B_0709,4,27,B3,10,6,1.6666666666666667,0.37037037037037035
DAMIMAS_A21B_0709,4,27,B4,7,4,1.75,0.25925925925925924
DAMIMAS_A21B_0710,4,25,B1,6,3,2.0,0.24
DAMIMAS_A21B_0710,4,25,B2,5,2,2.5,0.2
DAMIMAS_A21B_0710,4,25,B3,10,5,2.0,0.4
DAMIMAS_A21B_0710,4,25,B4,4,2,2.0,0.16
DAMIMAS_A21B_0711,4,23,B1,4,2,2.0,0.17391304347826086
DAMIMAS_A21B_0711,4,23,B2,5,2,2.5,0.21739130434782608
DAMIMAS_A21B_0711,4,23,B3,10,6,1.6666666666666667,0.43478260869565216
DAMIMAS_A21B_0711,4,23,B4,4,2,2.0,0.17391304347826086
DAMIMAS_A21B_0714,4,26,B2,6,3,2.0,0.23076923076923078
DAMIMAS_A21B_0714,4,26,B3,10,5,2.0,0.38461538461538464
DAMIMAS_A21B_0714,4,26,B4,10,6,1.6666666666666667,0.38461538461538464
DAMIMAS_A21B_0715,4,26,B1,4,2,2.0,0.15384615384615385
DAMIMAS_A21B_0715,4,26,B2,4,2,2.0,0.15384615384615385
DAMIMAS_A21B_0715,4,26,B3,14,7,2.0,0.5384615384615384
DAMIMAS_A21B_0715,4,26,B4,4,2,2.0,0.15384615384615385
DAMIMAS_A21B_0717,4,24,B1,5,2,2.5,0.20833333333333334
DAMIMAS_A21B_0717,4,24,B2,3,2,1.5,0.125
DAMIMAS_A21B_0717,4,24,B3,11,6,1.8333333333333333,0.4583333333333333
DAMIMAS_A21B_0717,4,24,B4,5,3,1.6666666666666667,0.20833333333333334
DAMIMAS_A21B_0719,4,19,B1,4,2,2.0,0.21052631578947367
DAMIMAS_A21B_0719,4,19,B2,2,1,2.0,0.10526315789473684
DAMIMAS_A21B_0719,4,19,B3,13,8,1.625,0.6842105263157895
DAMIMAS_A21B_0720,4,25,B1,7,3,2.3333333333333335,0.28
DAMIMAS_A21B_0720,4,25,B3,16,9,1.7777777777777777,0.64
DAMIMAS_A21B_0720,4,25,B4,2,1,2.0,0.08
DAMIMAS_A21B_0721,4,28,B1,4,2,2.0,0.14285714285714285
DAMIMAS_A21B_0721,4,28,B2,3,2,1.5,0.10714285714285714
DAMIMAS_A21B_0721,4,28,B3,18,9,2.0,0.6428571428571429
DAMIMAS_A21B_0721,4,28,B4,3,2,1.5,0.10714285714285714
DAMIMAS_A21B_0722,4,21,B1,2,1,2.0,0.09523809523809523
DAMIMAS_A21B_0722,4,21,B2,4,2,2.0,0.19047619047619047
DAMIMAS_A21B_0722,4,21,B3,11,7,1.5714285714285714,0.5238095238095238
DAMIMAS_A21B_0722,4,21,B4,4,2,2.0,0.19047619047619047
DAMIMAS_A21B_0723,4,36,B1,4,2,2.0,0.1111111111111111
DAMIMAS_A21B_0723,4,36,B2,9,4,2.25,0.25
DAMIMAS_A21B_0723,4,36,B3,14,7,2.0,0.3888888888888889
DAMIMAS_A21B_0723,4,36,B4,9,4,2.25,0.25
DAMIMAS_A21B_0728,4,28,B1,4,2,2.0,0.14285714285714285
DAMIMAS_A21B_0728,4,28,B2,4,2,2.0,0.14285714285714285
DAMIMAS_A21B_0728,4,28,B3,12,6,2.0,0.42857142857142855
DAMIMAS_A21B_0728,4,28,B4,8,4,2.0,0.2857142857142857
DAMIMAS_A21B_0729,4,28,B1,7,3,2.3333333333333335,0.25
DAMIMAS_A21B_0729,4,28,B2,2,1,2.0,0.07142857142857142
DAMIMAS_A21B_0729,4,28,B3,18,9,2.0,0.6428571428571429
DAMIMAS_A21B_0729,4,28,B4,1,1,1.0,0.03571428571428571
DAMIMAS_A21B_0730,4,16,B1,4,2,2.0,0.25
DAMIMAS_A21B_0730,4,16,B2,4,2,2.0,0.25
DAMIMAS_A21B_0730,4,16,B3,6,3,2.0,0.375
DAMIMAS_A21B_0730,4,16,B4,2,1,2.0,0.125
DAMIMAS_A21B_0731,4,13,B3,13,6,2.1666666666666665,1.0
DAMIMAS_A21B_0732,4,16,B3,12,6,2.0,0.75
DAMIMAS_A21B_0732,4,16,B4,4,4,1.0,0.25
DAMIMAS_A21B_0734,4,16,B1,2,1,2.0,0.125
DAMIMAS_A21B_0734,4,16,B2,2,1,2.0,0.125
DAMIMAS_A21B_0734,4,16,B3,9,5,1.8,0.5625
DAMIMAS_A21B_0734,4,16,B4,3,2,1.5,0.1875
DAMIMAS_A21B_0735,4,17,B3,16,8,2.0,0.9411764705882353
DAMIMAS_A21B_0735,4,17,B4,1,1,1.0,0.058823529411764705
DAMIMAS_A21B_0736,4,20,B2,2,1,2.0,0.1
DAMIMAS_A21B_0736,4,20,B3,14,8,1.75,0.7
DAMIMAS_A21B_0736,4,20,B4,4,2,2.0,0.2
DAMIMAS_A21B_0738,4,17,B3,15,9,1.6666666666666667,0.8823529411764706
DAMIMAS_A21B_0738,4,17,B4,2,1,2.0,0.11764705882352941
DAMIMAS_A21B_0739,4,21,B3,14,7,2.0,0.6666666666666666
DAMIMAS_A21B_0739,4,21,B4,7,4,1.75,0.3333333333333333
DAMIMAS_A21B_0740,4,22,B1,2,1,2.0,0.09090909090909091
DAMIMAS_A21B_0740,4,22,B2,2,1,2.0,0.09090909090909091
DAMIMAS_A21B_0740,4,22,B3,12,7,1.7142857142857142,0.5454545454545454
DAMIMAS_A21B_0740,4,22,B4,6,4,1.5,0.2727272727272727
DAMIMAS_A21B_0741,4,26,B1,2,1,2.0,0.07692307692307693
DAMIMAS_A21B_0741,4,26,B2,5,2,2.5,0.19230769230769232
DAMIMAS_A21B_0741,4,26,B3,13,6,2.1666666666666665,0.5
DAMIMAS_A21B_0741,4,26,B4,6,3,2.0,0.23076923076923078
DAMIMAS_A21B_0746,4,22,B1,2,1,2.0,0.09090909090909091
DAMIMAS_A21B_0746,4,22,B2,4,2,2.0,0.18181818181818182
DAMIMAS_A21B_0746,4,22,B3,10,6,1.6666666666666667,0.45454545454545453
DAMIMAS_A21B_0746,4,22,B4,6,3,2.0,0.2727272727272727
DAMIMAS_A21B_0747,4,32,B2,7,3,2.3333333333333335,0.21875
DAMIMAS_A21B_0747,4,32,B3,16,8,2.0,0.5
DAMIMAS_A21B_0747,4,32,B4,9,4,2.25,0.28125
DAMIMAS_A21B_0750,4,12,B3,10,5,2.0,0.8333333333333334
DAMIMAS_A21B_0750,4,12,B4,2,1,2.0,0.16666666666666666
DAMIMAS_A21B_0751,4,23,B1,4,2,2.0,0.17391304347826086
DAMIMAS_A21B_0751,4,23,B2,5,2,2.5,0.21739130434782608
DAMIMAS_A21B_0751,4,23,B3,13,6,2.1666666666666665,0.5652173913043478
DAMIMAS_A21B_0751,4,23,B4,1,1,1.0,0.043478260869565216
DAMIMAS_A21B_0752,4,13,B1,3,1,3.0,0.23076923076923078
DAMIMAS_A21B_0752,4,13,B2,2,1,2.0,0.15384615384615385
DAMIMAS_A21B_0752,4,13,B3,8,4,2.0,0.6153846153846154
DAMIMAS_A21B_0753,4,17,B1,3,1,3.0,0.17647058823529413
DAMIMAS_A21B_0753,4,17,B2,2,1,2.0,0.11764705882352941
DAMIMAS_A21B_0753,4,17,B3,12,6,2.0,0.7058823529411765
DAMIMAS_A21B_0754,2,3,B1,1,1,1.0,0.3333333333333333
DAMIMAS_A21B_0754,2,3,B2,2,1,2.0,0.6666666666666666
DAMIMAS_A21B_0755,4,18,B1,3,1,3.0,0.16666666666666666
DAMIMAS_A21B_0755,4,18,B2,2,1,2.0,0.1111111111111111
DAMIMAS_A21B_0755,4,18,B3,9,5,1.8,0.5
DAMIMAS_A21B_0755,4,18,B4,4,2,2.0,0.2222222222222222
DAMIMAS_A21B_0756,4,23,B3,17,8,2.125,0.7391304347826086
DAMIMAS_A21B_0756,4,23,B4,6,4,1.5,0.2608695652173913
DAMIMAS_A21B_0757,4,22,B2,2,1,2.0,0.09090909090909091
DAMIMAS_A21B_0757,4,22,B3,20,10,2.0,0.9090909090909091
DAMIMAS_A21B_0758,4,10,B1,2,1,2.0,0.2
DAMIMAS_A21B_0758,4,10,B2,6,3,2.0,0.6
DAMIMAS_A21B_0758,4,10,B4,2,2,1.0,0.2
DAMIMAS_A21B_0761,4,23,B1,2,1,2.0,0.08695652173913043
DAMIMAS_A21B_0761,4,23,B2,4,2,2.0,0.17391304347826086
DAMIMAS_A21B_0761,4,23,B3,12,7,1.7142857142857142,0.5217391304347826
DAMIMAS_A21B_0761,4,23,B4,5,3,1.6666666666666667,0.21739130434782608
DAMIMAS_A21B_0763,3,3,B3,3,1,3.0,1.0
DAMIMAS_A21B_0764,4,12,B2,2,1,2.0,0.16666666666666666
DAMIMAS_A21B_0764,4,12,B3,7,4,1.75,0.5833333333333334
DAMIMAS_A21B_0764,4,12,B4,3,2,1.5,0.25
DAMIMAS_A21B_0765,4,18,B1,4,2,2.0,0.2222222222222222
DAMIMAS_A21B_0765,4,18,B2,2,1,2.0,0.1111111111111111
DAMIMAS_A21B_0765,4,18,B3,9,4,2.25,0.5
DAMIMAS_A21B_0765,4,18,B4,3,2,1.5,0.16666666666666666
DAMIMAS_A21B_0766,4,14,B1,2,1,2.0,0.14285714285714285
DAMIMAS_A21B_0766,4,14,B2,2,1,2.0,0.14285714285714285
DAMIMAS_A21B_0766,4,14,B3,6,3,2.0,0.42857142857142855
DAMIMAS_A21B_0766,4,14,B4,4,2,2.0,0.2857142857142857
DAMIMAS_A21B_0767,4,16,B1,3,1,3.0,0.1875
DAMIMAS_A21B_0767,4,16,B2,4,2,2.0,0.25
DAMIMAS_A21B_0767,4,16,B3,8,4,2.0,0.5
DAMIMAS_A21B_0767,4,16,B4,1,1,1.0,0.0625
DAMIMAS_A21B_0768,4,16,B1,5,2,2.5,0.3125
DAMIMAS_A21B_0768,4,16,B2,2,1,2.0,0.125
DAMIMAS_A21B_0768,4,16,B3,9,5,1.8,0.5625
DAMIMAS_A21B_0769,4,26,B2,2,1,2.0,0.07692307692307693
DAMIMAS_A21B_0769,4,26,B3,18,10,1.8,0.6923076923076923
DAMIMAS_A21B_0769,4,26,B4,6,4,1.5,0.23076923076923078
DAMIMAS_A21B_0770,4,19,B2,3,2,1.5,0.15789473684210525
DAMIMAS_A21B_0770,4,19,B3,12,7,1.7142857142857142,0.631578947368421
DAMIMAS_A21B_0770,4,19,B4,4,2,2.0,0.21052631578947367
DAMIMAS_A21B_0772,4,9,B1,5,2,2.5,0.5555555555555556
DAMIMAS_A21B_0772,4,9,B3,4,2,2.0,0.4444444444444444
DAMIMAS_A21B_0773,4,16,B1,3,1,3.0,0.1875
DAMIMAS_A21B_0773,4,16,B2,2,1,2.0,0.125
DAMIMAS_A21B_0773,4,16,B3,10,5,2.0,0.625
DAMIMAS_A21B_0773,4,16,B4,1,1,1.0,0.0625
DAMIMAS_A21B_0774,4,8,B1,1,1,1.0,0.125
DAMIMAS_A21B_0774,4,8,B2,1,1,1.0,0.125
DAMIMAS_A21B_0774,4,8,B3,6,6,1.0,0.75
DAMIMAS_A21B_0777,4,18,B1,6,2,3.0,0.3333333333333333
DAMIMAS_A21B_0777,4,18,B3,6,3,2.0,0.3333333333333333
DAMIMAS_A21B_0777,4,18,B4,6,3,2.0,0.3333333333333333
DAMIMAS_A21B_0779,4,14,B1,3,1,3.0,0.21428571428571427
DAMIMAS_A21B_0779,4,14,B2,3,1,3.0,0.21428571428571427
DAMIMAS_A21B_0779,4,14,B3,8,4,2.0,0.5714285714285714
DAMIMAS_A21B_0780,4,7,B3,1,1,1.0,0.14285714285714285
DAMIMAS_A21B_0780,4,7,B4,6,4,1.5,0.8571428571428571
DAMIMAS_A21B_0781,4,22,B2,7,4,1.75,0.3181818181818182
DAMIMAS_A21B_0781,4,22,B3,9,5,1.8,0.4090909090909091
DAMIMAS_A21B_0781,4,22,B4,6,3,2.0,0.2727272727272727
DAMIMAS_A21B_0784,4,13,B2,6,3,2.0,0.46153846153846156
DAMIMAS_A21B_0784,4,13,B3,6,4,1.5,0.46153846153846156
DAMIMAS_A21B_0784,4,13,B4,1,1,1.0,0.07692307692307693
DAMIMAS_A21B_0785,4,14,B2,4,2,2.0,0.2857142857142857
DAMIMAS_A21B_0785,4,14,B3,10,4,2.5,0.7142857142857143
DAMIMAS_A21B_0788,4,21,B2,2,1,2.0,0.09523809523809523
DAMIMAS_A21B_0788,4,21,B3,14,7,2.0,0.6666666666666666
DAMIMAS_A21B_0788,4,21,B4,5,3,1.6666666666666667,0.23809523809523808
DAMIMAS_A21B_0789,4,26,B1,4,2,2.0,0.15384615384615385
DAMIMAS_A21B_0789,4,26,B2,8,5,1.6,0.3076923076923077
DAMIMAS_A21B_0789,4,26,B3,7,4,1.75,0.2692307692307692
DAMIMAS_A21B_0789,4,26,B4,7,5,1.4,0.2692307692307692
DAMIMAS_A21B_0790,4,15,B1,4,2,2.0,0.26666666666666666
DAMIMAS_A21B_0790,4,15,B3,11,6,1.8333333333333333,0.7333333333333333
DAMIMAS_A21B_0792,4,22,B2,6,3,2.0,0.2727272727272727
DAMIMAS_A21B_0792,4,22,B3,14,7,2.0,0.6363636363636364
DAMIMAS_A21B_0792,4,22,B4,2,2,1.0,0.09090909090909091
DAMIMAS_A21B_0797,4,13,B1,2,1,2.0,0.15384615384615385
DAMIMAS_A21B_0797,4,13,B2,7,4,1.75,0.5384615384615384
DAMIMAS_A21B_0797,4,13,B3,4,2,2.0,0.3076923076923077
DAMIMAS_A21B_0798,4,14,B1,2,1,2.0,0.14285714285714285
DAMIMAS_A21B_0798,4,14,B2,5,2,2.5,0.35714285714285715
DAMIMAS_A21B_0798,4,14,B3,7,4,1.75,0.5
DAMIMAS_A21B_0799,4,15,B3,10,5,2.0,0.6666666666666666
DAMIMAS_A21B_0799,4,15,B4,5,3,1.6666666666666667,0.3333333333333333
DAMIMAS_A21B_0800,4,17,B2,5,2,2.5,0.29411764705882354
DAMIMAS_A21B_0800,4,17,B3,7,5,1.4,0.4117647058823529
DAMIMAS_A21B_0800,4,17,B4,5,3,1.6666666666666667,0.29411764705882354
DAMIMAS_A21B_0801,4,21,B1,2,1,2.0,0.09523809523809523
DAMIMAS_A21B_0801,4,21,B2,8,4,2.0,0.38095238095238093
DAMIMAS_A21B_0801,4,21,B3,4,2,2.0,0.19047619047619047
DAMIMAS_A21B_0801,4,21,B4,7,3,2.3333333333333335,0.3333333333333333
DAMIMAS_A21B_0802,4,14,B1,1,1,1.0,0.07142857142857142
DAMIMAS_A21B_0802,4,14,B2,3,2,1.5,0.21428571428571427
DAMIMAS_A21B_0802,4,14,B3,4,2,2.0,0.2857142857142857
DAMIMAS_A21B_0802,4,14,B4,6,4,1.5,0.42857142857142855
DAMIMAS_A21B_0803,4,25,B1,2,1,2.0,0.08
DAMIMAS_A21B_0803,4,25,B2,2,1,2.0,0.08
DAMIMAS_A21B_0803,4,25,B3,13,8,1.625,0.52
DAMIMAS_A21B_0803,4,25,B4,8,4,2.0,0.32
DAMIMAS_A21B_0804,4,17,B1,2,1,2.0,0.11764705882352941
DAMIMAS_A21B_0804,4,17,B2,4,2,2.0,0.23529411764705882
DAMIMAS_A21B_0804,4,17,B3,9,5,1.8,0.5294117647058824
DAMIMAS_A21B_0804,4,17,B4,2,1,2.0,0.11764705882352941
DAMIMAS_A21B_0805,4,26,B1,5,2,2.5,0.19230769230769232
DAMIMAS_A21B_0805,4,26,B2,7,4,1.75,0.2692307692307692
DAMIMAS_A21B_0805,4,26,B3,7,3,2.3333333333333335,0.2692307692307692
DAMIMAS_A21B_0805,4,26,B4,7,3,2.3333333333333335,0.2692307692307692
DAMIMAS_A21B_0806,4,14,B1,2,1,2.0,0.14285714285714285
DAMIMAS_A21B_0806,4,14,B3,10,5,2.0,0.7142857142857143
DAMIMAS_A21B_0806,4,14,B4,2,1,2.0,0.14285714285714285
DAMIMAS_A21B_0807,4,20,B2,2,1,2.0,0.1
DAMIMAS_A21B_0807,4,20,B3,2,1,2.0,0.1
DAMIMAS_A21B_0807,4,20,B4,16,10,1.6,0.8
DAMIMAS_A21B_0815,8,51,B1,5,1,5.0,0.09803921568627451
DAMIMAS_A21B_0815,8,51,B2,9,2,4.5,0.17647058823529413
DAMIMAS_A21B_0815,8,51,B3,34,9,3.7777777777777777,0.6666666666666666
DAMIMAS_A21B_0815,8,51,B4,3,2,1.5,0.058823529411764705
DAMIMAS_A21B_0816,8,45,B1,5,1,5.0,0.1111111111111111
DAMIMAS_A21B_0816,8,45,B2,13,4,3.25,0.28888888888888886
DAMIMAS_A21B_0816,8,45,B3,26,13,2.0,0.5777777777777777
DAMIMAS_A21B_0816,8,45,B4,1,1,1.0,0.022222222222222223
DAMIMAS_A21B_0818,8,40,B2,18,4,4.5,0.45
DAMIMAS_A21B_0818,8,40,B3,22,6,3.6666666666666665,0.55
DAMIMAS_A21B_0819,8,44,B2,9,2,4.5,0.20454545454545456
DAMIMAS_A21B_0819,8,44,B3,32,11,2.909090909090909,0.7272727272727273
DAMIMAS_A21B_0819,8,44,B4,3,3,1.0,0.06818181818181818
DAMIMAS_A21B_0820,8,47,B2,12,2,6.0,0.2553191489361702
DAMIMAS_A21B_0820,8,47,B3,35,8,4.375,0.7446808510638298
DAMIMAS_A21B_0823,8,57,B1,8,2,4.0,0.14035087719298245
DAMIMAS_A21B_0823,8,57,B2,5,1,5.0,0.08771929824561403
DAMIMAS_A21B_0823,8,57,B3,37,9,4.111111111111111,0.6491228070175439
DAMIMAS_A21B_0823,8,57,B4,7,2,3.5,0.12280701754385964
DAMIMAS_A21B_0827,8,45,B1,5,1,5.0,0.1111111111111111
DAMIMAS_A21B_0827,8,45,B2,4,1,4.0,0.08888888888888889
DAMIMAS_A21B_0827,8,45,B3,31,8,3.875,0.6888888888888889
DAMIMAS_A21B_0827,8,45,B4,5,5,1.0,0.1111111111111111
DAMIMAS_A21B_0828,8,49,B1,5,2,2.5,0.10204081632653061
DAMIMAS_A21B_0828,8,49,B2,22,6,3.6666666666666665,0.4489795918367347
DAMIMAS_A21B_0828,8,49,B3,22,8,2.75,0.4489795918367347
DAMIMAS_A21B_0830,8,34,B1,13,3,4.333333333333333,0.38235294117647056
DAMIMAS_A21B_0830,8,34,B2,7,2,3.5,0.20588235294117646
DAMIMAS_A21B_0830,8,34,B3,14,6,2.3333333333333335,0.4117647058823529
DAMIMAS_A21B_0831,8,52,B1,4,1,4.0,0.07692307692307693
DAMIMAS_A21B_0831,8,52,B2,9,2,4.5,0.17307692307692307
DAMIMAS_A21B_0831,8,52,B3,30,7,4.285714285714286,0.5769230769230769
DAMIMAS_A21B_0831,8,52,B4,9,3,3.0,0.17307692307692307
DAMIMAS_A21B_0832,8,37,B2,16,4,4.0,0.43243243243243246
DAMIMAS_A21B_0832,8,37,B3,18,5,3.6,0.4864864864864865
DAMIMAS_A21B_0832,8,37,B4,3,1,3.0,0.08108108108108109
DAMIMAS_A21B_0833,8,22,B1,9,2,4.5,0.4090909090909091
DAMIMAS_A21B_0833,8,22,B2,2,1,2.0,0.09090909090909091
DAMIMAS_A21B_0833,8,22,B3,11,4,2.75,0.5
DAMIMAS_A21B_0834,8,46,B1,3,1,3.0,0.06521739130434782
DAMIMAS_A21B_0834,8,46,B2,19,6,3.1666666666666665,0.41304347826086957
DAMIMAS_A21B_0834,8,46,B3,15,5,3.0,0.32608695652173914
DAMIMAS_A21B_0834,8,46,B4,9,3,3.0,0.1956521739130435
DAMIMAS_A21B_0835,8,43,B3,37,15,2.466666666666667,0.8604651162790697
DAMIMAS_A21B_0835,8,43,B4,6,4,1.5,0.13953488372093023
DAMIMAS_A21B_0836,8,36,B1,10,3,3.3333333333333335,0.2777777777777778
DAMIMAS_A21B_0836,8,36,B2,9,2,4.5,0.25
DAMIMAS_A21B_0836,8,36,B3,17,4,4.25,0.4722222222222222
DAMIMAS_A21B_0837,8,35,B1,9,2,4.5,0.2571428571428571
DAMIMAS_A21B_0837,8,35,B2,2,1,2.0,0.05714285714285714
DAMIMAS_A21B_0837,8,35,B3,23,9,2.5555555555555554,0.6571428571428571
DAMIMAS_A21B_0837,8,35,B4,1,1,1.0,0.02857142857142857
DAMIMAS_A21B_0838,8,38,B2,3,1,3.0,0.07894736842105263
DAMIMAS_A21B_0838,8,38,B3,14,4,3.5,0.3684210526315789
DAMIMAS_A21B_0838,8,38,B4,21,7,3.0,0.5526315789473685
DAMIMAS_A21B_0840,8,45,B1,8,2,4.0,0.17777777777777778
DAMIMAS_A21B_0840,8,45,B2,22,7,3.142857142857143,0.4888888888888889
DAMIMAS_A21B_0840,8,45,B3,15,6,2.5,0.3333333333333333
DAMIMAS_A21B_0841,8,22,B1,8,3,2.6666666666666665,0.36363636363636365
DAMIMAS_A21B_0841,8,22,B3,10,4,2.5,0.45454545454545453
DAMIMAS_A21B_0841,8,22,B4,4,2,2.0,0.18181818181818182
DAMIMAS_A21B_0842,8,46,B1,8,2,4.0,0.17391304347826086
DAMIMAS_A21B_0842,8,46,B2,8,3,2.6666666666666665,0.17391304347826086
DAMIMAS_A21B_0842,8,46,B3,22,7,3.142857142857143,0.4782608695652174
DAMIMAS_A21B_0842,8,46,B4,8,2,4.0,0.17391304347826086
DAMIMAS_A21B_0846,8,26,B2,15,4,3.75,0.5769230769230769
DAMIMAS_A21B_0846,8,26,B3,11,3,3.6666666666666665,0.4230769230769231
DAMIMAS_A21B_0849,8,19,B1,5,1,5.0,0.2631578947368421
DAMIMAS_A21B_0849,8,19,B2,4,1,4.0,0.21052631578947367
DAMIMAS_A21B_0849,8,19,B3,9,4,2.25,0.47368421052631576
DAMIMAS_A21B_0849,8,19,B4,1,1,1.0,0.05263157894736842
DAMIMAS_A21B_0850,8,43,B1,5,1,5.0,0.11627906976744186
DAMIMAS_A21B_0850,8,43,B2,9,2,4.5,0.20930232558139536
DAMIMAS_A21B_0850,8,43,B3,22,6,3.6666666666666665,0.5116279069767442
DAMIMAS_A21B_0850,8,43,B4,7,4,1.75,0.16279069767441862
DAMIMAS_A21B_0852,8,14,B1,4,2,2.0,0.2857142857142857
DAMIMAS_A21B_0852,8,14,B2,10,3,3.3333333333333335,0.7142857142857143
LONSUM_A21A_0001,4,12,B3,12,5,2.4,1.0
LONSUM_A21A_0004,4,19,B2,8,4,2.0,0.42105263157894735
LONSUM_A21A_0004,4,19,B3,11,6,1.8333333333333333,0.5789473684210527
LONSUM_A21A_0005,4,11,B3,9,5,1.8,0.8181818181818182
LONSUM_A21A_0005,4,11,B4,2,2,1.0,0.18181818181818182
LONSUM_A21A_0006,4,12,B1,2,1,2.0,0.16666666666666666
LONSUM_A21A_0006,4,12,B2,4,2,2.0,0.3333333333333333
LONSUM_A21A_0006,4,12,B3,3,2,1.5,0.25
LONSUM_A21A_0006,4,12,B4,3,2,1.5,0.25
LONSUM_A21A_0009,4,13,B1,2,1,2.0,0.15384615384615385
LONSUM_A21A_0009,4,13,B2,2,1,2.0,0.15384615384615385
LONSUM_A21A_0009,4,13,B3,5,3,1.6666666666666667,0.38461538461538464
LONSUM_A21A_0009,4,13,B4,4,3,1.3333333333333333,0.3076923076923077
LONSUM_A21A_0010,4,16,B2,7,4,1.75,0.4375
LONSUM_A21A_0010,4,16,B3,7,3,2.3333333333333335,0.4375
LONSUM_A21A_0010,4,16,B4,2,1,2.0,0.125
LONSUM_A21A_0011,4,20,B2,2,1,2.0,0.1
LONSUM_A21A_0011,4,20,B3,17,10,1.7,0.85
LONSUM_A21A_0011,4,20,B4,1,1,1.0,0.05
LONSUM_A21A_0012,4,11,B2,5,2,2.5,0.45454545454545453
LONSUM_A21A_0012,4,11,B3,4,2,2.0,0.36363636363636365
LONSUM_A21A_0012,4,11,B4,2,1,2.0,0.18181818181818182
LONSUM_A21A_0013,4,6,B3,6,3,2.0,1.0
LONSUM_A21A_0014,4,9,B3,8,4,2.0,0.8888888888888888
LONSUM_A21A_0014,4,9,B4,1,1,1.0,0.1111111111111111
LONSUM_A21A_0015,4,17,B3,13,6,2.1666666666666665,0.7647058823529411
LONSUM_A21A_0015,4,17,B4,4,3,1.3333333333333333,0.23529411764705882
LONSUM_A21A_0017,4,5,B3,5,2,2.5,1.0
LONSUM_A21A_0019,4,17,B2,2,1,2.0,0.11764705882352941
LONSUM_A21A_0019,4,17,B3,13,7,1.8571428571428572,0.7647058823529411
LONSUM_A21A_0019,4,17,B4,2,1,2.0,0.11764705882352941
LONSUM_A21A_0020,4,8,B2,3,1,3.0,0.375
LONSUM_A21A_0020,4,8,B3,5,3,1.6666666666666667,0.625
LONSUM_A21A_0022,3,8,B2,6,3,2.0,0.75
LONSUM_A21A_0022,3,8,B3,2,2,1.0,0.25
LONSUM_A21A_0023,4,16,B3,16,8,2.0,1.0
LONSUM_A21A_0024,4,5,B3,4,1,4.0,0.8
LONSUM_A21A_0024,4,5,B4,1,1,1.0,0.2
LONSUM_A21A_0025,4,12,B3,9,4,2.25,0.75
LONSUM_A21A_0025,4,12,B4,3,1,3.0,0.25
LONSUM_A21A_0027,4,21,B3,11,5,2.2,0.5238095238095238
LONSUM_A21A_0027,4,21,B4,10,4,2.5,0.47619047619047616
LONSUM_A21A_0029,4,16,B2,4,2,2.0,0.25
LONSUM_A21A_0029,4,16,B3,9,6,1.5,0.5625
LONSUM_A21A_0029,4,16,B4,3,2,1.5,0.1875
LONSUM_A21A_0030,3,3,B2,3,1,3.0,1.0
LONSUM_A21A_0031,4,16,B2,3,1,3.0,0.1875
LONSUM_A21A_0031,4,16,B3,13,6,2.1666666666666665,0.8125
LONSUM_A21A_0032,2,2,B3,2,1,2.0,1.0
LONSUM_A21A_0033,4,10,B3,8,3,2.6666666666666665,0.8
LONSUM_A21A_0033,4,10,B4,2,1,2.0,0.2
LONSUM_A21A_0034,4,17,B1,1,1,1.0,0.058823529411764705
LONSUM_A21A_0034,4,17,B2,2,1,2.0,0.11764705882352941
LONSUM_A21A_0034,4,17,B3,10,5,2.0,0.5882352941176471
LONSUM_A21A_0034,4,17,B4,4,2,2.0,0.23529411764705882
LONSUM_A21A_0035,4,16,B3,14,6,2.3333333333333335,0.875
LONSUM_A21A_0035,4,16,B4,2,1,2.0,0.125
LONSUM_A21A_0036,4,15,B2,3,1,3.0,0.2
LONSUM_A21A_0036,4,15,B3,12,6,2.0,0.8
LONSUM_A21A_0037,4,5,B4,5,2,2.5,1.0
LONSUM_A21A_0039,4,12,B3,12,7,1.7142857142857142,1.0
LONSUM_A21A_0040,4,10,B3,10,4,2.5,1.0
LONSUM_A21A_0041,4,6,B3,6,3,2.0,1.0
LONSUM_A21A_0042,3,5,B3,3,1,3.0,0.6
LONSUM_A21A_0042,3,5,B4,2,1,2.0,0.4
LONSUM_A21A_0043,4,9,B3,7,4,1.75,0.7777777777777778
LONSUM_A21A_0043,4,9,B4,2,1,2.0,0.2222222222222222
LONSUM_A21A_0044,4,16,B2,2,1,2.0,0.125
LONSUM_A21A_0044,4,16,B3,14,8,1.75,0.875
LONSUM_A21A_0045,4,12,B1,3,1,3.0,0.25
LONSUM_A21A_0045,4,12,B2,3,1,3.0,0.25
LONSUM_A21A_0045,4,12,B3,6,4,1.5,0.5
LONSUM_A21A_0047,4,14,B3,10,5,2.0,0.7142857142857143
LONSUM_A21A_0047,4,14,B4,4,3,1.3333333333333333,0.2857142857142857
LONSUM_A21A_0048,4,15,B2,6,2,3.0,0.4
LONSUM_A21A_0048,4,15,B3,9,4,2.25,0.6
LONSUM_A21A_0050,4,19,B2,8,4,2.0,0.42105263157894735
LONSUM_A21A_0050,4,19,B3,7,3,2.3333333333333335,0.3684210526315789
LONSUM_A21A_0050,4,19,B4,4,2,2.0,0.21052631578947367
LONSUM_A21A_0052,4,8,B3,8,4,2.0,1.0
LONSUM_A21A_0056,4,13,B3,13,7,1.8571428571428572,1.0
LONSUM_A21A_0057,2,3,B3,2,2,1.0,0.6666666666666666
LONSUM_A21A_0057,2,3,B4,1,1,1.0,0.3333333333333333
LONSUM_A21A_0058,4,18,B2,6,3,2.0,0.3333333333333333
LONSUM_A21A_0058,4,18,B3,7,4,1.75,0.3888888888888889
LONSUM_A21A_0058,4,18,B4,5,4,1.25,0.2777777777777778
LONSUM_A21A_0059,4,18,B3,14,9,1.5555555555555556,0.7777777777777778
LONSUM_A21A_0059,4,18,B4,4,2,2.0,0.2222222222222222
LONSUM_A21A_0060,4,12,B2,3,1,3.0,0.25
LONSUM_A21A_0060,4,12,B3,9,4,2.25,0.75
LONSUM_A21A_0063,4,20,B2,2,1,2.0,0.1
LONSUM_A21A_0063,4,20,B3,13,6,2.1666666666666665,0.65
LONSUM_A21A_0063,4,20,B4,5,4,1.25,0.25
LONSUM_A21A_0064,4,7,B1,2,1,2.0,0.2857142857142857
LONSUM_A21A_0064,4,7,B3,5,4,1.25,0.7142857142857143
LONSUM_A21A_0065,4,13,B3,10,5,2.0,0.7692307692307693
LONSUM_A21A_0065,4,13,B4,3,3,1.0,0.23076923076923078
LONSUM_A21A_0066,4,13,B2,2,2,1.0,0.15384615384615385
LONSUM_A21A_0066,4,13,B3,7,3,2.3333333333333335,0.5384615384615384
LONSUM_A21A_0066,4,13,B4,4,3,1.3333333333333333,0.3076923076923077
LONSUM_A21A_0068,4,17,B2,4,2,2.0,0.23529411764705882
LONSUM_A21A_0068,4,17,B3,13,7,1.8571428571428572,0.7647058823529411
LONSUM_A21A_0069,3,5,B3,1,1,1.0,0.2
LONSUM_A21A_0069,3,5,B4,4,3,1.3333333333333333,0.8
LONSUM_A21A_0070,4,12,B2,5,3,1.6666666666666667,0.4166666666666667
LONSUM_A21A_0070,4,12,B3,5,3,1.6666666666666667,0.4166666666666667
LONSUM_A21A_0070,4,12,B4,2,1,2.0,0.16666666666666666
LONSUM_A21A_0071,4,8,B2,1,1,1.0,0.125
LONSUM_A21A_0071,4,8,B3,7,3,2.3333333333333335,0.875
LONSUM_A21A_0072,1,1,B3,1,1,1.0,1.0
LONSUM_A21A_0073,1,2,B3,1,1,1.0,0.5
LONSUM_A21A_0073,1,2,B4,1,1,1.0,0.5
LONSUM_A21A_0074,4,9,B3,7,3,2.3333333333333335,0.7777777777777778
LONSUM_A21A_0074,4,9,B4,2,1,2.0,0.2222222222222222
LONSUM_A21A_0075,4,11,B3,10,6,1.6666666666666667,0.9090909090909091
LONSUM_A21A_0075,4,11,B4,1,1,1.0,0.09090909090909091
LONSUM_A21A_0077,4,7,B3,3,2,1.5,0.42857142857142855
LONSUM_A21A_0077,4,7,B4,4,3,1.3333333333333333,0.5714285714285714
LONSUM_A21A_0079,4,8,B3,8,5,1.6,1.0
LONSUM_A21A_0080,3,5,B3,5,3,1.6666666666666667,1.0
LONSUM_A21A_0081,4,7,B3,5,2,2.5,0.7142857142857143
LONSUM_A21A_0081,4,7,B4,2,2,1.0,0.2857142857142857
LONSUM_A21A_0082,4,6,B3,5,2,2.5,0.8333333333333334
LONSUM_A21A_0082,4,6,B4,1,1,1.0,0.16666666666666666
LONSUM_A21A_0083,4,16,B3,16,9,1.7777777777777777,1.0
LONSUM_A21A_0085,2,2,B3,1,1,1.0,0.5
LONSUM_A21A_0085,2,2,B4,1,1,1.0,0.5
LONSUM_A21A_0088,4,18,B2,7,4,1.75,0.3888888888888889
LONSUM_A21A_0088,4,18,B3,11,7,1.5714285714285714,0.6111111111111112
LONSUM_A21A_0090,4,10,B3,7,3,2.3333333333333335,0.7
LONSUM_A21A_0090,4,10,B4,3,2,1.5,0.3
LONSUM_A21A_0092,4,12,B3,12,8,1.5,1.0
LONSUM_A21A_0095,4,12,B3,10,5,2.0,0.8333333333333334
LONSUM_A21A_0095,4,12,B4,2,2,1.0,0.16666666666666666
LONSUM_A21A_0096,3,8,B3,8,6,1.3333333333333333,1.0
LONSUM_A21A_0098,4,9,B2,4,2,2.0,0.4444444444444444
LONSUM_A21A_0098,4,9,B3,3,1,3.0,0.3333333333333333
LONSUM_A21A_0098,4,9,B4,2,1,2.0,0.2222222222222222
