tree_id,bunch_id,bunch_class,n_sides_total,n_sides_bunch,max_dist_allowed,max_normal,max_possible,valid_home,appearance_sides,offending_sides,reason,link_chain,severity
DAMIMAS_A21B_0001,5,B2,4,3,1,2,3,sisi_2,"sisi_1,sisi_2,sisi_3",,valid_but_n_sides_3_exceeds_normal_2,"lnk-1,lnk-2",warn
DAMIMAS_A21B_0001,6,B3,4,3,1,2,3,sisi_3,"sisi_2,sisi_3,sisi_4",,valid_but_n_sides_3_exceeds_normal_2,"lnk-3,lnk-4",warn
DAMIMAS_A21B_0002,2,B4,4,3,1,2,3,sisi_2,"sisi_1,sisi_2,sisi_3",,valid_but_n_sides_3_exceeds_normal_2,"lnk-3,lnk-4",warn
DAMIMAS_A21B_0002,5,B3,4,3,1,2,3,sisi_2,"sisi_1,sisi_2,sisi_3",,valid_but_n_sides_3_exceeds_normal_2,"lnk-1,lnk-2",warn
DAMIMAS_A21B_0002,8,B4,4,3,1,2,3,sisi_3,"sisi_2,sisi_3,sisi_4",,valid_but_n_sides_3_exceeds_normal_2,"lnk-6,lnk-7",warn
DAMIMAS_A21B_0002,9,B1,4,3,1,2,3,sisi_3,"sisi_2,sisi_3,sisi_4",,valid_but_n_sides_3_exceeds_normal_2,"lnk-8,lnk-9",warn
DAMIMAS_A21B_0003,5,B3,4,3,1,2,3,sisi_4,"sisi_1,sisi_3,sisi_4",,valid_but_n_sides_3_exceeds_normal_2,"lnk-7,lnk-8",warn
DAMIMAS_A21B_0003,6,B2,4,3,1,2,3,sisi_3,"sisi_2,sisi_3,sisi_4",,valid_but_n_sides_3_exceeds_normal_2,"lnk-4,lnk-5",warn
DAMIMAS_A21B_0005,3,B3,4,3,1,2,3,sisi_2,"sisi_1,sisi_2,sisi_3",,valid_but_n_sides_3_exceeds_normal_2,"lnk-0,lnk-1",warn
DAMIMAS_A21B_0005,5,B2,4,3,1,2,3,sisi_3,"sisi_2,sisi_3,sisi_4",,valid_but_n_sides_3_exceeds_normal_2,"lnk-2,lnk-3",warn
DAMIMAS_A21B_0006,2,B4,4,3,1,2,3,sisi_2,"sisi_1,sisi_2,sisi_3",,valid_but_n_sides_3_exceeds_normal_2,"lnk-0,lnk-1",warn
DAMIMAS_A21B_0006,3,B3,4,3,1,2,3,sisi_2,"sisi_1,sisi_2,sisi_3",,valid_but_n_sides_3_exceeds_normal_2,"lnk-2,lnk-3",warn
DAMIMAS_A21B_0009,4,B3,4,3,1,2,3,sisi_3,"sisi_2,sisi_3,sisi_4",,valid_but_n_sides_3_exceeds_normal_2,"lnk-2,lnk-3",warn
DAMIMAS_A21B_0010,1,B2,4,3,1,2,3,sisi_2,"sisi_1,sisi_2,sisi_3",,valid_but_n_sides_3_exceeds_normal_2,"lnk-0,lnk-1",warn
DAMIMAS_A21B_0010,7,B3,4,3,1,2,3,sisi_3,"sisi_2,sisi_3,sisi_4",,valid_but_n_sides_3_exceeds_normal_2,"lnk-5,lnk-6",warn
DAMIMAS_A21B_0011,2,B3,4,3,1,2,3,sisi_1,"sisi_1,sisi_2,sisi_4",,valid_but_n_sides_3_exceeds_normal_2,"lnk-0,lnk-1",warn
DAMIMAS_A21B_0011,4,B3,4,3,1,2,3,sisi_3,"sisi_2,sisi_3,sisi_4",,valid_but_n_sides_3_exceeds_normal_2,"lnk-4,lnk-5",warn
DAMIMAS_A21B_0012,1,B1,4,3,1,2,3,sisi_4,"sisi_1,sisi_3,sisi_4",,valid_but_n_sides_3_exceeds_normal_2,"lnk-2,lnk-3",warn
DAMIMAS_A21B_0012,4,B4,4,3,1,2,3,sisi_4,"sisi_1,sisi_3,sisi_4",,valid_but_n_sides_3_exceeds_normal_2,"lnk-4,lnk-5",warn
DAMIMAS_A21B_0015,1,B1,4,3,1,2,3,sisi_2,"sisi_1,sisi_2,sisi_3",,valid_but_n_sides_3_exceeds_normal_2,"lnk-0,lnk-1",warn
DAMIMAS_A21B_0017,5,B4,4,3,1,2,3,sisi_4,"sisi_1,sisi_3,sisi_4",,valid_but_n_sides_3_exceeds_normal_2,"lnk-4,lnk-5",warn
DAMIMAS_A21B_0018,2,B3,4,3,1,2,3,sisi_2,"sisi_1,sisi_2,sisi_3",,valid_but_n_sides_3_exceeds_normal_2,"lnk-1,lnk-2",warn
DAMIMAS_A21B_0024,2,B1,4,3,1,2,3,sisi_4,"sisi_1,sisi_3,sisi_4",,valid_but_n_sides_3_exceeds_normal_2,"lnk-5,lnk-6",warn
DAMIMAS_A21B_0024,5,B3,4,3,1,2,3,sisi_1,"sisi_1,sisi_2,sisi_4",,valid_but_n_sides_3_exceeds_normal_2,"lnk-0,lnk-1",warn
DAMIMAS_A21B_0025,1,B1,4,3,1,2,3,sisi_2,"sisi_1,sisi_2,sisi_3",,valid_but_n_sides_3_exceeds_normal_2,"lnk-1,lnk-2",warn
DAMIMAS_A21B_0027,1,B1,4,3,1,2,3,sisi_1,"sisi_1,sisi_2,sisi_4",,valid_but_n_sides_3_exceeds_normal_2,"lnk-0,lnk-1",warn
DAMIMAS_A21B_0028,8,B3,4,3,1,2,3,sisi_3,"sisi_2,sisi_3,sisi_4",,valid_but_n_sides_3_exceeds_normal_2,"lnk-5,lnk-6",warn
DAMIMAS_A21B_0029,5,B2,4,3,1,2,3,sisi_2,"sisi_1,sisi_2,sisi_3",,valid_but_n_sides_3_exceeds_normal_2,"lnk-0,lnk-1",warn
DAMIMAS_A21B_0029,7,B2,4,3,1,2,3,sisi_3,"sisi_2,sisi_3,sisi_4",,valid_but_n_sides_3_exceeds_normal_2,"lnk-7,lnk-8",warn
DAMIMAS_A21B_0029,8,B4,4,3,1,2,3,sisi_3,"sisi_2,sisi_3,sisi_4",,valid_but_n_sides_3_exceeds_normal_2,"lnk-5,lnk-6",warn
DAMIMAS_A21B_0030,2,B3,4,3,1,2,3,sisi_4,"sisi_1,sisi_3,sisi_4",,valid_but_n_sides_3_exceeds_normal_2,"lnk-3,lnk-4",warn
DAMIMAS_A21B_0031,2,B3,4,3,1,2,3,sisi_2,"sisi_1,sisi_2,sisi_3",,valid_but_n_sides_3_exceeds_normal_2,"lnk-1,lnk-2",warn
DAMIMAS_A21B_0037,8,B3,4,3,1,2,3,sisi_3,"sisi_2,sisi_3,sisi_4",,valid_but_n_sides_3_exceeds_normal_2,"lnk-3,lnk-4",warn
DAMIMAS_A21B_0038,4,B3,4,3,1,2,3,sisi_1,"sisi_1,sisi_2,sisi_4",,valid_but_n_sides_3_exceeds_normal_2,"lnk-1,lnk-2",warn
DAMIMAS_A21B_0041,2,B4,4,3,1,2,3,sisi_4,"sisi_1,sisi_3,sisi_4",,valid_but_n_sides_3_exceeds_normal_2,"lnk-6,lnk-7",warn
DAMIMAS_A21B_0042,1,B1,4,3,1,2,3,sisi_4,"sisi_1,sisi_3,sisi_4",,valid_but_n_sides_3_exceeds_normal_2,"lnk-3,lnk-4",warn
DAMIMAS_A21B_0043,2,B3,4,3,1,2,3,sisi_1,"sisi_1,sisi_2,sisi_4",,valid_but_n_sides_3_exceeds_normal_2,"lnk-0,lnk-1",warn
DAMIMAS_A21B_0043,3,B2,4,3,1,2,3,sisi_2,"sisi_1,sisi_2,sisi_3",,valid_but_n_sides_3_exceeds_normal_2,"lnk-3,lnk-4",warn
DAMIMAS_A21B_0043,5,B3,4,3,1,2,3,sisi_4,"sisi_1,sisi_3,sisi_4",,valid_but_n_sides_3_exceeds_normal_2,"lnk-8,lnk-9",warn
DAMIMAS_A21B_0046,2,B3,4,3,1,2,3,sisi_4,"sisi_1,sisi_3,sisi_4",,valid_but_n_sides_3_exceeds_normal_2,"lnk-5,lnk-6",warn
DAMIMAS_A21B_0046,6,B4,4,3,1,2,3,sisi_3,"sisi_2,sisi_3,sisi_4",,valid_but_n_sides_3_exceeds_normal_2,"lnk-3,lnk-4",warn
DAMIMAS_A21B_0047,1,B2,4,3,1,2,3,sisi_4,"sisi_1,sisi_3,sisi_4",,valid_but_n_sides_3_exceeds_normal_2,"lnk-4,lnk-5",warn
DAMIMAS_A21B_0048,1,B3,4,3,1,2,3,sisi_1,"sisi_1,sisi_2,sisi_4",,valid_but_n_sides_3_exceeds_normal_2,"lnk-0,lnk-1",warn
DAMIMAS_A21B_0048,6,B3,4,3,1,2,3,sisi_3,"sisi_2,sisi_3,sisi_4",,valid_but_n_sides_3_exceeds_normal_2,"lnk-4,lnk-5",warn
DAMIMAS_A21B_0049,2,B3,4,3,1,2,3,sisi_2,"sisi_1,sisi_2,sisi_3",,valid_but_n_sides_3_exceeds_normal_2,"lnk-1,lnk-2",warn
DAMIMAS_A21B_0050,6,B3,4,3,1,2,3,sisi_3,"sisi_2,sisi_3,sisi_4",,valid_but_n_sides_3_exceeds_normal_2,"lnk-3,lnk-4",warn
DAMIMAS_A21B_0052,8,B1,4,3,1,2,3,sisi_3,"sisi_2,sisi_3,sisi_4",,valid_but_n_sides_3_exceeds_normal_2,"lnk-3,lnk-4",warn
DAMIMAS_A21B_0054,3,B2,4,3,1,2,3,sisi_4,"sisi_1,sisi_3,sisi_4",,valid_but_n_sides_3_exceeds_normal_2,"lnk-3,lnk-4",warn
DAMIMAS_A21B_0054,4,B3,4,3,1,2,3,sisi_4,"sisi_1,sisi_3,sisi_4",,valid_but_n_sides_3_exceeds_normal_2,"lnk-5,lnk-6",warn
DAMIMAS_A21B_0058,1,B1,4,3,1,2,3,sisi_4,"sisi_1,sisi_3,sisi_4",,valid_but_n_sides_3_exceeds_normal_2,"lnk-7,lnk-8",warn
DAMIMAS_A21B_0058,2,B3,4,3,1,2,3,sisi_1,"sisi_1,sisi_2,sisi_4",,valid_but_n_sides_3_exceeds_normal_2,"lnk-0,lnk-1",warn
DAMIMAS_A21B_0059,1,B1,4,3,1,2,3,sisi_1,"sisi_1,sisi_2,sisi_4",,valid_but_n_sides_3_exceeds_normal_2,"lnk-0,lnk-1",warn
DAMIMAS_A21B_0059,2,B3,4,3,1,2,3,sisi_2,"sisi_1,sisi_2,sisi_3",,valid_but_n_sides_3_exceeds_normal_2,"lnk-2,lnk-3",warn
DAMIMAS_A21B_0060,1,B3,4,3,1,2,3,sisi_2,"sisi_1,sisi_2,sisi_3",,valid_but_n_sides_3_exceeds_normal_2,"lnk-4,lnk-5",warn
DAMIMAS_A21B_0060,2,B3,4,3,1,2,3,sisi_1,"sisi_1,sisi_2,sisi_4",,valid_but_n_sides_3_exceeds_normal_2,"lnk-2,lnk-3",warn
DAMIMAS_A21B_0060,3,B3,4,3,1,2,3,sisi_1,"sisi_1,sisi_2,sisi_4",,valid_but_n_sides_3_exceeds_normal_2,"lnk-0,lnk-1",warn
DAMIMAS_A21B_0061,5,B3,4,3,1,2,3,sisi_4,"sisi_1,sisi_3,sisi_4",,valid_but_n_sides_3_exceeds_normal_2,"lnk-5,lnk-6",warn
DAMIMAS_A21B_0062,1,B2,4,3,1,2,3,sisi_4,"sisi_1,sisi_3,sisi_4",,valid_but_n_sides_3_exceeds_normal_2,"lnk-5,lnk-6",warn
DAMIMAS_A21B_0062,3,B3,4,3,1,2,3,sisi_2,"sisi_1,sisi_2,sisi_3",,valid_but_n_sides_3_exceeds_normal_2,"lnk-0,lnk-1",warn
DAMIMAS_A21B_0062,5,B2,4,3,1,2,3,sisi_3,"sisi_2,sisi_3,sisi_4",,valid_but_n_sides_3_exceeds_normal_2,"lnk-2,lnk-3",warn
DAMIMAS_A21B_0064,4,B2,4,3,1,2,3,sisi_3,"sisi_2,sisi_3,sisi_4",,valid_but_n_sides_3_exceeds_normal_2,"lnk-3,lnk-4",warn
DAMIMAS_A21B_0065,1,B1,4,3,1,2,3,sisi_1,"sisi_1,sisi_2,sisi_4",,valid_but_n_sides_3_exceeds_normal_2,"lnk-0,lnk-1",warn
DAMIMAS_A21B_0067,3,B1,4,3,1,2,3,sisi_2,"sisi_1,sisi_2,sisi_3",,valid_but_n_sides_3_exceeds_normal_2,"lnk-4,lnk-5",warn
DAMIMAS_A21B_0067,6,B4,4,3,1,2,3,sisi_1,"sisi_1,sisi_2,sisi_4",,valid_but_n_sides_3_exceeds_normal_2,"lnk-1,lnk-2",warn
DAMIMAS_A21B_0068,3,B3,4,3,1,2,3,sisi_4,"sisi_1,sisi_3,sisi_4",,valid_but_n_sides_3_exceeds_normal_2,"lnk-5,lnk-6",warn
DAMIMAS_A21B_0069,1,B1,4,3,1,2,3,sisi_1,"sisi_1,sisi_2,sisi_4",,valid_but_n_sides_3_exceeds_normal_2,"lnk-0,lnk-1",warn
DAMIMAS_A21B_0070,1,B3,4,3,1,2,3,sisi_2,"sisi_1,sisi_2,sisi_3",,valid_but_n_sides_3_exceeds_normal_2,"lnk-0,lnk-1",warn
DAMIMAS_A21B_0070,6,B3,4,3,1,2,3,sisi_3,"sisi_2,sisi_3,sisi_4",,valid_but_n_sides_3_exceeds_normal_2,"lnk-3,lnk-4",warn
DAMIMAS_A21B_0071,3,B3,4,3,1,2,3,sisi_1,"sisi_1,sisi_2,sisi_4",,valid_but_n_sides_3_exceeds_normal_2,"lnk-1,lnk-2",warn
DAMIMAS_A21B_0071,7,B2,4,3,1,2,3,sisi_3,"sisi_2,sisi_3,sisi_4",,valid_but_n_sides_3_exceeds_normal_2,"lnk-6,lnk-7",warn
DAMIMAS_A21B_0075,1,B1,4,3,1,2,3,sisi_1,"sisi_1,sisi_2,sisi_4",,valid_but_n_sides_3_exceeds_normal_2,"lnk-0,lnk-1",warn
DAMIMAS_A21B_0076,1,B1,4,3,1,2,3,sisi_4,"sisi_1,sisi_3,sisi_4",,valid_but_n_sides_3_exceeds_normal_2,"lnk-5,lnk-6",warn
DAMIMAS_A21B_0077,2,B1,4,3,1,2,3,sisi_4,"sisi_1,sisi_3,sisi_4",,valid_but_n_sides_3_exceeds_normal_2,"lnk-5,lnk-6",warn
DAMIMAS_A21B_0078,5,B2,4,3,1,2,3,sisi_2,"sisi_1,sisi_2,sisi_3",,valid_but_n_sides_3_exceeds_normal_2,"lnk-0,lnk-1",warn
DAMIMAS_A21B_0079,1,B2,4,3,1,2,3,sisi_2,"sisi_1,sisi_2,sisi_3",,valid_but_n_sides_3_exceeds_normal_2,"lnk-0,lnk-1",warn
DAMIMAS_A21B_0079,6,B3,4,3,1,2,3,sisi_2,"sisi_1,sisi_2,sisi_3",,valid_but_n_sides_3_exceeds_normal_2,"lnk-4,lnk-5",warn
DAMIMAS_A21B_0079,9,B3,4,3,1,2,3,sisi_3,"sisi_2,sisi_3,sisi_4",,valid_but_n_sides_3_exceeds_normal_2,"lnk-6,lnk-7",warn
DAMIMAS_A21B_0081,7,B2,4,3,1,2,3,sisi_3,"sisi_2,sisi_3,sisi_4",,valid_but_n_sides_3_exceeds_normal_2,"lnk-3,lnk-4",warn
DAMIMAS_A21B_0081,9,B3,4,3,1,2,3,sisi_3,"sisi_2,sisi_3,sisi_4",,valid_but_n_sides_3_exceeds_normal_2,"lnk-5,lnk-6",warn
DAMIMAS_A21B_0084,3,B3,4,3,1,2,3,sisi_2,"sisi_1,sisi_2,sisi_3",,valid_but_n_sides_3_exceeds_normal_2,"lnk-1,lnk-2",warn
DAMIMAS_A21B_0085,1,B2,4,3,1,2,3,sisi_1,"sisi_1,sisi_2,sisi_4",,valid_but_n_sides_3_exceeds_normal_2,"lnk-0,lnk-1",warn
DAMIMAS_A21B_0085,8,B2,4,3,1,2,3,sisi_3,"sisi_2,sisi_3,sisi_4",,valid_but_n_sides_3_exceeds_normal_2,"lnk-6,lnk-7",warn
DAMIMAS_A21B_0086,7,B3,4,3,1,2,3,sisi_3,"sisi_2,sisi_3,sisi_4",,valid_but_n_sides_3_exceeds_normal_2,"lnk-4,lnk-5",warn
DAMIMAS_A21B_0089,8,B4,4,3,1,2,3,sisi_3,"sisi_2,sisi_3,sisi_4",,valid_but_n_sides_3_exceeds_normal_2,"lnk-4,lnk-5",warn
DAMIMAS_A21B_0090,2,B2,4,3,1,2,3,sisi_4,"sisi_1,sisi_3,sisi_4",,valid_but_n_sides_3_exceeds_normal_2,"lnk-4,lnk-5",warn
DAMIMAS_A21B_0090,3,B3,4,3,1,2,3,sisi_2,"sisi_1,sisi_2,sisi_3",,valid_but_n_sides_3_exceeds_normal_2,"lnk-1,lnk-2",warn
DAMIMAS_A21B_0097,2,B3,4,3,1,2,3,sisi_2,"sisi_1,sisi_2,sisi_3",,valid_but_n_sides_3_exceeds_normal_2,"lnk-1,lnk-2",warn
DAMIMAS_A21B_0099,1,B1,4,3,1,2,3,sisi_1,"sisi_1,sisi_2,sisi_4",,valid_but_n_sides_3_exceeds_normal_2,"lnk-0,lnk-1",warn
DAMIMAS_A21B_0099,5,B2,4,3,1,2,3,sisi_4,"sisi_1,sisi_3,sisi_4",,valid_but_n_sides_3_exceeds_normal_2,"lnk-8,lnk-9",warn
DAMIMAS_A21B_0101,1,B2,4,3,1,2,3,sisi_1,"sisi_1,sisi_2,sisi_4",,valid_but_n_sides_3_exceeds_normal_2,"lnk-0,lnk-1",warn
DAMIMAS_A21B_0102,4,B3,4,3,1,2,3,sisi_4,"sisi_1,sisi_3,sisi_4",,valid_but_n_sides_3_exceeds_normal_2,"lnk-7,lnk-8",warn
DAMIMAS_A21B_0102,6,B3,4,3,1,2,3,sisi_3,"sisi_2,sisi_3,sisi_4",,valid_but_n_sides_3_exceeds_normal_2,"lnk-4,lnk-5",warn
DAMIMAS_A21B_0103,6,B3,4,3,1,2,3,sisi_1,"sisi_1,sisi_2,sisi_4",,valid_but_n_sides_3_exceeds_normal_2,"lnk-0,lnk-1",warn
DAMIMAS_A21B_0104,3,B2,4,3,1,2,3,sisi_2,"sisi_1,sisi_2,sisi_3",,valid_but_n_sides_3_exceeds_normal_2,"lnk-1,lnk-2",warn
DAMIMAS_A21B_0108,6,B1,4,3,1,2,3,sisi_3,"sisi_2,sisi_3,sisi_4",,valid_but_n_sides_3_exceeds_normal_2,"lnk-0,lnk-1",warn
DAMIMAS_A21B_0109,1,B2,4,3,1,2,3,sisi_1,"sisi_1,sisi_2,sisi_4",,valid_but_n_sides_3_exceeds_normal_2,"lnk-0,lnk-1",warn
DAMIMAS_A21B_0110,1,B4,4,3,1,2,3,sisi_2,"sisi_1,sisi_2,sisi_3",,valid_but_n_sides_3_exceeds_normal_2,"lnk-0,lnk-1",warn
DAMIMAS_A21B_0112,2,B3,4,3,1,2,3,sisi_1,"sisi_1,sisi_2,sisi_4",,valid_but_n_sides_3_exceeds_normal_2,"lnk-1,lnk-2",warn
DAMIMAS_A21B_0114,1,B3,4,3,1,2,3,sisi_1,"sisi_1,sisi_2,sisi_4",,valid_but_n_sides_3_exceeds_normal_2,"lnk-0,lnk-1",warn
DAMIMAS_A21B_0116,5,B3,4,3,1,2,3,sisi_2,"sisi_1,sisi_2,sisi_3",,valid_but_n_sides_3_exceeds_normal_2,"lnk-4,lnk-5",warn
DAMIMAS_A21B_0116,9,B3,4,3,1,2,3,sisi_3,"sisi_2,sisi_3,sisi_4",,valid_but_n_sides_3_exceeds_normal_2,"lnk-8,lnk-9",warn
DAMIMAS_A21B_0118,5,B1,4,3,1,2,3,sisi_3,"sisi_2,sisi_3,sisi_4",,valid_but_n_sides_3_exceeds_normal_2,"lnk-2,lnk-3",warn
DAMIMAS_A21B_0119,2,B2,4,3,1,2,3,sisi_4,"sisi_1,sisi_3,sisi_4",,valid_but_n_sides_3_exceeds_normal_2,"lnk-3,lnk-4",warn
DAMIMAS_A21B_0119,4,B3,4,3,1,2,3,sisi_1,"sisi_1,sisi_2,sisi_4",,valid_but_n_sides_3_exceeds_normal_2,"lnk-6,lnk-7",warn
DAMIMAS_A21B_0119,6,B1,4,3,1,2,3,sisi_3,"sisi_2,sisi_3,sisi_4",,valid_but_n_sides_3_exceeds_normal_2,"lnk-0,lnk-1",warn
DAMIMAS_A21B_0120,1,B1,4,3,1,2,3,sisi_1,"sisi_1,sisi_2,sisi_4",,valid_but_n_sides_3_exceeds_normal_2,"lnk-0,lnk-5",warn
DAMIMAS_A21B_0121,2,B3,4,3,1,2,3,sisi_4,"sisi_1,sisi_3,sisi_4",,valid_but_n_sides_3_exceeds_normal_2,"lnk-8,lnk-9",warn
DAMIMAS_A21B_0121,4,B3,4,3,1,2,3,sisi_1,"sisi_1,sisi_2,sisi_4",,valid_but_n_sides_3_exceeds_normal_2,"lnk-2,lnk-3",warn
DAMIMAS_A21B_0123,1,B2,4,3,1,2,3,sisi_1,"sisi_1,sisi_2,sisi_4",,valid_but_n_sides_3_exceeds_normal_2,"lnk-0,lnk-6",warn
DAMIMAS_A21B_0123,2,B2,4,3,1,2,3,sisi_2,"sisi_1,sisi_2,sisi_3",,valid_but_n_sides_3_exceeds_normal_2,"lnk-2,lnk-3",warn
DAMIMAS_A21B_0124,2,B3,4,3,1,2,3,sisi_1,"sisi_1,sisi_2,sisi_4",,valid_but_n_sides_3_exceeds_normal_2,"lnk-0,lnk-11",warn
DAMIMAS_A21B_0124,6,B3,4,3,1,2,3,sisi_3,"sisi_2,sisi_3,sisi_4",,valid_but_n_sides_3_exceeds_normal_2,"lnk-5,lnk-7",warn
DAMIMAS_A21B_0125,2,B2,4,3,1,2,3,sisi_4,"sisi_1,sisi_3,sisi_4",,valid_but_n_sides_3_exceeds_normal_2,"lnk-10,lnk-6",warn
DAMIMAS_A21B_0125,3,B3,4,3,1,2,3,sisi_1,"sisi_1,sisi_2,sisi_4",,valid_but_n_sides_3_exceeds_normal_2,"lnk-1,lnk-12",warn
DAMIMAS_A21B_0126,5,B3,4,3,1,2,3,sisi_2,"sisi_1,sisi_2,sisi_3",,valid_but_n_sides_3_exceeds_normal_2,"lnk-2,lnk-4",warn
DAMIMAS_A21B_0126,6,B1,4,3,1,2,3,sisi_3,"sisi_2,sisi_3,sisi_4",,valid_but_n_sides_3_exceeds_normal_2,"lnk-3,lnk-6",warn
DAMIMAS_A21B_0127,4,B3,4,3,1,2,3,sisi_2,"sisi_1,sisi_2,sisi_3",,valid_but_n_sides_3_exceeds_normal_2,"lnk-2,lnk-7",warn
DAMIMAS_A21B_0128,3,B3,4,3,1,2,3,sisi_2,"sisi_1,sisi_2,sisi_3",,valid_but_n_sides_3_exceeds_normal_2,"lnk-2,lnk-3",warn
DAMIMAS_A21B_0128,6,B3,4,3,1,2,3,sisi_3,"sisi_2,sisi_3,sisi_4",,valid_but_n_sides_3_exceeds_normal_2,"lnk-4,lnk-7",warn
DAMIMAS_A21B_0131,2,B3,4,3,1,2,3,sisi_4,"sisi_1,sisi_3,sisi_4",,valid_but_n_sides_3_exceeds_normal_2,"lnk-10,lnk-9",warn
DAMIMAS_A21B_0132,4,B1,4,3,1,2,3,sisi_4,"sisi_1,sisi_3,sisi_4",,valid_but_n_sides_3_exceeds_normal_2,"lnk-4,lnk-6",warn
DAMIMAS_A21B_0133,2,B3,4,3,1,2,3,sisi_2,"sisi_1,sisi_2,sisi_3",,valid_but_n_sides_3_exceeds_normal_2,"lnk-1,lnk-4",warn
DAMIMAS_A21B_0133,4,B3,4,3,1,2,3,sisi_4,"sisi_1,sisi_3,sisi_4",,valid_but_n_sides_3_exceeds_normal_2,"lnk-10,lnk-9",warn
DAMIMAS_A21B_0133,8,B3,4,3,1,2,3,sisi_3,"sisi_2,sisi_3,sisi_4",,valid_but_n_sides_3_exceeds_normal_2,"lnk-6,lnk-7",warn
DAMIMAS_A21B_0134,1,B3,4,3,1,2,3,sisi_4,"sisi_1,sisi_3,sisi_4",,valid_but_n_sides_3_exceeds_normal_2,"lnk-6,lnk-8",warn
DAMIMAS_A21B_0134,3,B2,4,3,1,2,3,sisi_2,"sisi_1,sisi_2,sisi_3",,valid_but_n_sides_3_exceeds_normal_2,"lnk-1,lnk-2",warn
DAMIMAS_A21B_0134,4,B3,4,3,1,2,3,sisi_4,"sisi_1,sisi_3,sisi_4",,valid_but_n_sides_3_exceeds_normal_2,"lnk-5,lnk-7",warn
DAMIMAS_A21B_0135,2,B2,4,3,1,2,3,sisi_2,"sisi_1,sisi_2,sisi_3",,valid_but_n_sides_3_exceeds_normal_2,"lnk-2,lnk-3",warn
DAMIMAS_A21B_0135,7,B2,4,3,1,2,3,sisi_3,"sisi_2,sisi_3,sisi_4",,valid_but_n_sides_3_exceeds_normal_2,"lnk-5,lnk-6",warn
DAMIMAS_A21B_0136,2,B3,4,3,1,2,3,sisi_2,"sisi_1,sisi_2,sisi_3",,valid_but_n_sides_3_exceeds_normal_2,"lnk-2,lnk-6",warn
DAMIMAS_A21B_0136,7,B4,4,3,1,2,3,sisi_3,"sisi_2,sisi_3,sisi_4",,valid_but_n_sides_3_exceeds_normal_2,"lnk-5,lnk-7",warn
DAMIMAS_A21B_0137,8,B3,4,3,1,2,3,sisi_3,"sisi_2,sisi_3,sisi_4",,valid_but_n_sides_3_exceeds_normal_2,"lnk-4,lnk-5",warn
DAMIMAS_A21B_0138,1,B2,4,3,1,2,3,sisi_4,"sisi_1,sisi_3,sisi_4",,valid_but_n_sides_3_exceeds_normal_2,"lnk-5,lnk-7",warn
DAMIMAS_A21B_0138,3,B3,4,3,1,2,3,sisi_4,"sisi_1,sisi_3,sisi_4",,valid_but_n_sides_3_exceeds_normal_2,"lnk-6,lnk-8",warn
DAMIMAS_A21B_0138,5,B3,4,3,1,2,3,sisi_3,"sisi_2,sisi_3,sisi_4",,valid_but_n_sides_3_exceeds_normal_2,"lnk-3,lnk-4",warn
DAMIMAS_A21B_0139,1,B3,4,3,1,2,3,sisi_2,"sisi_1,sisi_2,sisi_3",,valid_but_n_sides_3_exceeds_normal_2,"lnk-1,lnk-3",warn
DAMIMAS_A21B_0139,4,B4,4,3,1,2,3,sisi_2,"sisi_1,sisi_2,sisi_3",,valid_but_n_sides_3_exceeds_normal_2,"lnk-2,lnk-4",warn
DAMIMAS_A21B_0139,5,B3,4,3,1,2,3,sisi_4,"sisi_1,sisi_3,sisi_4",,valid_but_n_sides_3_exceeds_normal_2,"lnk-10,lnk-8",warn
DAMIMAS_A21B_0139,6,B3,4,3,1,2,3,sisi_4,"sisi_1,sisi_3,sisi_4",,valid_but_n_sides_3_exceeds_normal_2,"lnk-7,lnk-9",warn
DAMIMAS_A21B_0139,8,B2,4,3,1,2,3,sisi_3,"sisi_2,sisi_3,sisi_4",,valid_but_n_sides_3_exceeds_normal_2,"lnk-5,lnk-6",warn
DAMIMAS_A21B_0140,5,B4,4,3,1,2,3,sisi_1,"sisi_1,sisi_2,sisi_4",,valid_but_n_sides_3_exceeds_normal_2,"lnk-0,lnk-13",warn
DAMIMAS_A21B_0141,2,B3,4,3,1,2,3,sisi_2,"sisi_1,sisi_2,sisi_3",,valid_but_n_sides_3_exceeds_normal_2,"lnk-1,lnk-3",warn
DAMIMAS_A21B_0141,6,B3,4,3,1,2,3,sisi_4,"sisi_1,sisi_3,sisi_4",,valid_but_n_sides_3_exceeds_normal_2,"lnk-12,lnk-9",warn
DAMIMAS_A21B_0141,8,B3,4,3,1,2,3,sisi_3,"sisi_2,sisi_3,sisi_4",,valid_but_n_sides_3_exceeds_normal_2,"lnk-6,lnk-7",warn
DAMIMAS_A21B_0141,9,B4,4,3,1,2,3,sisi_3,"sisi_2,sisi_3,sisi_4",,valid_but_n_sides_3_exceeds_normal_2,"lnk-5,lnk-8",warn
DAMIMAS_A21B_0142,2,B3,4,3,1,2,3,sisi_4,"sisi_1,sisi_3,sisi_4",,valid_but_n_sides_3_exceeds_normal_2,"lnk-2,lnk-3",warn
DAMIMAS_A21B_0143,3,B3,4,3,1,2,3,sisi_4,"sisi_1,sisi_3,sisi_4",,valid_but_n_sides_3_exceeds_normal_2,"lnk-10,lnk-7",warn
DAMIMAS_A21B_0143,4,B3,4,3,1,2,3,sisi_2,"sisi_1,sisi_2,sisi_3",,valid_but_n_sides_3_exceeds_normal_2,"lnk-1,lnk-4",warn
DAMIMAS_A21B_0143,6,B3,4,3,1,2,3,sisi_3,"sisi_2,sisi_3,sisi_4",,valid_but_n_sides_3_exceeds_normal_2,"lnk-3,lnk-9",warn
DAMIMAS_A21B_0144,7,B3,4,3,1,2,3,sisi_3,"sisi_2,sisi_3,sisi_4",,valid_but_n_sides_3_exceeds_normal_2,"lnk-5,lnk-6",warn
DAMIMAS_A21B_0144,8,B4,4,3,1,2,3,sisi_3,"sisi_2,sisi_3,sisi_4",,valid_but_n_sides_3_exceeds_normal_2,"lnk-4,lnk-7",warn
DAMIMAS_A21B_0146,7,B2,4,3,1,2,3,sisi_3,"sisi_2,sisi_3,sisi_4",,valid_but_n_sides_3_exceeds_normal_2,"lnk-8,lnk-9",warn
DAMIMAS_A21B_0147,2,B3,4,3,1,2,3,sisi_1,"sisi_1,sisi_2,sisi_4",,valid_but_n_sides_3_exceeds_normal_2,"lnk-0,lnk-13",warn
DAMIMAS_A21B_0147,4,B3,4,3,1,2,3,sisi_2,"sisi_1,sisi_2,sisi_3",,valid_but_n_sides_3_exceeds_normal_2,"lnk-3,lnk-4",warn
DAMIMAS_A21B_0149,1,B2,4,3,1,2,3,sisi_2,"sisi_1,sisi_2,sisi_3",,valid_but_n_sides_3_exceeds_normal_2,"lnk-1,lnk-4",warn
DAMIMAS_A21B_0149,9,B3,4,3,1,2,3,sisi_3,"sisi_2,sisi_3,sisi_4",,valid_but_n_sides_3_exceeds_normal_2,"lnk-6,lnk-7",warn
DAMIMAS_A21B_0150,5,B2,4,3,1,2,3,sisi_2,"sisi_1,sisi_2,sisi_3",,valid_but_n_sides_3_exceeds_normal_2,"lnk-0,lnk-1",warn
DAMIMAS_A21B_0151,3,B3,4,3,1,2,3,sisi_2,"sisi_1,sisi_2,sisi_3",,valid_but_n_sides_3_exceeds_normal_2,"lnk-6,lnk-8",warn
DAMIMAS_A21B_0151,6,B3,4,3,1,2,3,sisi_2,"sisi_1,sisi_2,sisi_3",,valid_but_n_sides_3_exceeds_normal_2,"lnk-22,lnk-9",warn
DAMIMAS_A21B_0151,7,B3,4,3,1,2,3,sisi_3,"sisi_2,sisi_3,sisi_4",,valid_but_n_sides_3_exceeds_normal_2,"lnk-10,lnk-14",warn
DAMIMAS_A21B_0152,3,B2,4,3,1,2,3,sisi_2,"sisi_1,sisi_2,sisi_3",,valid_but_n_sides_3_exceeds_normal_2,"lnk-1,lnk-3",warn
DAMIMAS_A21B_0152,6,B3,4,3,1,2,3,sisi_2,"sisi_1,sisi_2,sisi_3",,valid_but_n_sides_3_exceeds_normal_2,"lnk-0,lnk-5",warn
DAMIMAS_A21B_0152,7,B3,4,3,1,2,3,sisi_3,"sisi_2,sisi_3,sisi_4",,valid_but_n_sides_3_exceeds_normal_2,"lnk-13,lnk-2",warn
DAMIMAS_A21B_0152,8,B3,4,3,1,2,3,sisi_3,"sisi_2,sisi_3,sisi_4",,valid_but_n_sides_3_exceeds_normal_2,"lnk-12,lnk-4",warn
DAMIMAS_A21B_0152,9,B4,4,3,1,2,3,sisi_3,"sisi_2,sisi_3,sisi_4",,valid_but_n_sides_3_exceeds_normal_2,"lnk-11,lnk-7",warn
DAMIMAS_A21B_0153,2,B3,4,3,1,2,3,sisi_2,"sisi_1,sisi_2,sisi_3",,valid_but_n_sides_3_exceeds_normal_2,"lnk-2,lnk-3",warn
DAMIMAS_A21B_0153,6,B3,4,3,1,2,3,sisi_3,"sisi_2,sisi_3,sisi_4",,valid_but_n_sides_3_exceeds_normal_2,"lnk-4,lnk-5",warn
DAMIMAS_A21B_0154,4,B4,4,3,1,2,3,sisi_1,"sisi_1,sisi_2,sisi_4",,valid_but_n_sides_3_exceeds_normal_2,"lnk-13,lnk-2",warn
DAMIMAS_A21B_0155,9,B2,4,3,1,2,3,sisi_3,"sisi_2,sisi_3,sisi_4",,valid_but_n_sides_3_exceeds_normal_2,"lnk-6,lnk-7",warn
DAMIMAS_A21B_0156,3,B3,4,3,1,2,3,sisi_2,"sisi_1,sisi_2,sisi_3",,valid_but_n_sides_3_exceeds_normal_2,"lnk-0,lnk-3",warn
DAMIMAS_A21B_0156,6,B2,4,3,1,2,3,sisi_3,"sisi_2,sisi_3,sisi_4",,valid_but_n_sides_3_exceeds_normal_2,"lnk-2,lnk-7",warn
DAMIMAS_A21B_0156,8,B4,4,3,1,2,3,sisi_3,"sisi_2,sisi_3,sisi_4",,valid_but_n_sides_3_exceeds_normal_2,"lnk-4,lnk-6",warn
DAMIMAS_A21B_0157,1,B2,4,3,1,2,3,sisi_2,"sisi_1,sisi_2,sisi_3",,valid_but_n_sides_3_exceeds_normal_2,"lnk-0,lnk-3",warn
DAMIMAS_A21B_0160,2,B3,4,3,1,2,3,sisi_4,"sisi_1,sisi_3,sisi_4",,valid_but_n_sides_3_exceeds_normal_2,"lnk-4,lnk-8",warn
DAMIMAS_A21B_0160,5,B2,4,3,1,2,3,sisi_3,"sisi_2,sisi_3,sisi_4",,valid_but_n_sides_3_exceeds_normal_2,"lnk-0,lnk-1",warn
DAMIMAS_A21B_0161,2,B3,4,3,1,2,3,sisi_2,"sisi_1,sisi_2,sisi_3",,valid_but_n_sides_3_exceeds_normal_2,"lnk-2,lnk-3",warn
DAMIMAS_A21B_0161,8,B3,4,3,1,2,3,sisi_3,"sisi_2,sisi_3,sisi_4",,valid_but_n_sides_3_exceeds_normal_2,"lnk-12,lnk-5",warn
DAMIMAS_A21B_0162,1,B3,4,3,1,2,3,sisi_1,"sisi_1,sisi_2,sisi_4",,valid_but_n_sides_3_exceeds_normal_2,"lnk-0,lnk-9",warn
DAMIMAS_A21B_0162,3,B3,4,3,1,2,3,sisi_2,"sisi_1,sisi_2,sisi_3",,valid_but_n_sides_3_exceeds_normal_2,"lnk-1,lnk-2",warn
DAMIMAS_A21B_0162,5,B3,4,3,1,2,3,sisi_4,"sisi_1,sisi_3,sisi_4",,valid_but_n_sides_3_exceeds_normal_2,"lnk-5,lnk-7",warn
DAMIMAS_A21B_0162,6,B3,4,3,1,2,3,sisi_3,"sisi_2,sisi_3,sisi_4",,valid_but_n_sides_3_exceeds_normal_2,"lnk-4,lnk-6",warn
DAMIMAS_A21B_0163,3,B3,4,3,1,2,3,sisi_2,"sisi_1,sisi_2,sisi_3",,valid_but_n_sides_3_exceeds_normal_2,"lnk-2,lnk-8",warn
DAMIMAS_A21B_0163,10,B1,4,3,1,2,3,sisi_3,"sisi_2,sisi_3,sisi_4",,valid_but_n_sides_3_exceeds_normal_2,"lnk-3,lnk-9",warn
DAMIMAS_A21B_0165,1,B2,4,3,1,2,3,sisi_2,"sisi_1,sisi_2,sisi_3",,valid_but_n_sides_3_exceeds_normal_2,"lnk-11,lnk-2",warn
DAMIMAS_A21B_0165,2,B3,4,3,1,2,3,sisi_2,"sisi_1,sisi_2,sisi_3",,valid_but_n_sides_3_exceeds_normal_2,"lnk-10,lnk-4",warn
DAMIMAS_A21B_0165,4,B4,4,3,1,2,3,sisi_1,"sisi_1,sisi_2,sisi_4",,valid_but_n_sides_3_exceeds_normal_2,"lnk-14,lnk-9",warn
DAMIMAS_A21B_0165,7,B3,4,3,1,2,3,sisi_3,"sisi_2,sisi_3,sisi_4",,valid_but_n_sides_3_exceeds_normal_2,"lnk-5,lnk-7",warn
DAMIMAS_A21B_0166,4,B2,4,3,1,2,3,sisi_2,"sisi_1,sisi_2,sisi_3",,valid_but_n_sides_3_exceeds_normal_2,"lnk-0,lnk-2",warn
DAMIMAS_A21B_0167,6,B2,4,3,1,2,3,sisi_4,"sisi_1,sisi_3,sisi_4",,valid_but_n_sides_3_exceeds_normal_2,"lnk-7,lnk-8",warn
DAMIMAS_A21B_0168,3,B2,4,3,1,2,3,sisi_2,"sisi_1,sisi_2,sisi_3",,valid_but_n_sides_3_exceeds_normal_2,"lnk-1,lnk-5",warn
DAMIMAS_A21B_0168,7,B3,4,3,1,2,3,sisi_3,"sisi_2,sisi_3,sisi_4",,valid_but_n_sides_3_exceeds_normal_2,"lnk-6,lnk-9",warn
DAMIMAS_A21B_0170,4,B4,4,3,1,2,3,sisi_2,"sisi_1,sisi_2,sisi_3",,valid_but_n_sides_3_exceeds_normal_2,"lnk-2,lnk-4",warn
DAMIMAS_A21B_0170,8,B4,4,3,1,2,3,sisi_3,"sisi_2,sisi_3,sisi_4",,valid_but_n_sides_3_exceeds_normal_2,"lnk-6,lnk-8",warn
DAMIMAS_A21B_0173,7,B3,4,3,1,2,3,sisi_2,"sisi_1,sisi_2,sisi_3",,valid_but_n_sides_3_exceeds_normal_2,"lnk-0,lnk-6",warn
DAMIMAS_A21B_0173,8,B2,4,3,1,2,3,sisi_3,"sisi_2,sisi_3,sisi_4",,valid_but_n_sides_3_exceeds_normal_2,"lnk-3,lnk-7",warn
DAMIMAS_A21B_0173,10,B3,4,3,1,2,3,sisi_3,"sisi_2,sisi_3,sisi_4",,valid_but_n_sides_3_exceeds_normal_2,"lnk-5,lnk-8",warn
DAMIMAS_A21B_0175,1,B2,4,3,1,2,3,sisi_1,"sisi_1,sisi_2,sisi_4",,valid_but_n_sides_3_exceeds_normal_2,"lnk-14,lnk-7",warn
DAMIMAS_A21B_0175,2,B3,4,3,1,2,3,sisi_2,"sisi_1,sisi_2,sisi_3",,valid_but_n_sides_3_exceeds_normal_2,"lnk-8,lnk-9",warn
DAMIMAS_A21B_0175,4,B3,4,3,1,2,3,sisi_1,"sisi_1,sisi_2,sisi_4",,valid_but_n_sides_3_exceeds_normal_2,"lnk-16,lnk-5",warn
DAMIMAS_A21B_0175,5,B3,4,3,1,2,3,sisi_1,"sisi_1,sisi_2,sisi_4",,valid_but_n_sides_3_exceeds_normal_2,"lnk-17,lnk-6",warn
DAMIMAS_A21B_0176,1,B1,4,3,1,2,3,sisi_1,"sisi_1,sisi_2,sisi_4",,valid_but_n_sides_3_exceeds_normal_2,"lnk-0,lnk-6",warn
DAMIMAS_A21B_0178,3,B3,4,3,1,2,3,sisi_2,"sisi_1,sisi_2,sisi_3",,valid_but_n_sides_3_exceeds_normal_2,"lnk-0,lnk-2",warn
DAMIMAS_A21B_0178,4,B4,4,3,1,2,3,sisi_2,"sisi_1,sisi_2,sisi_3",,valid_but_n_sides_3_exceeds_normal_2,"lnk-1,lnk-3",warn
DAMIMAS_A21B_0178,8,B2,4,3,1,2,3,sisi_3,"sisi_2,sisi_3,sisi_4",,valid_but_n_sides_3_exceeds_normal_2,"lnk-4,lnk-6",warn
DAMIMAS_A21B_0179,1,B2,4,3,1,2,3,sisi_4,"sisi_1,sisi_3,sisi_4",,valid_but_n_sides_3_exceeds_normal_2,"lnk-11,lnk-8",warn
DAMIMAS_A21B_0180,6,B4,4,3,1,2,3,sisi_2,"sisi_1,sisi_2,sisi_3",,valid_but_n_sides_3_exceeds_normal_2,"lnk-3,lnk-4",warn
DAMIMAS_A21B_0180,8,B3,4,3,1,2,3,sisi_3,"sisi_2,sisi_3,sisi_4",,valid_but_n_sides_3_exceeds_normal_2,"lnk-5,lnk-7",warn
DAMIMAS_A21B_0182,3,B2,4,3,1,2,3,sisi_4,"sisi_1,sisi_3,sisi_4",,valid_but_n_sides_3_exceeds_normal_2,"lnk-5,lnk-7",warn
DAMIMAS_A21B_0183,3,B3,4,3,1,2,3,sisi_4,"sisi_1,sisi_3,sisi_4",,valid_but_n_sides_3_exceeds_normal_2,"lnk-11,lnk-12",warn
DAMIMAS_A21B_0184,3,B3,4,3,1,2,3,sisi_2,"sisi_1,sisi_2,sisi_3",,valid_but_n_sides_3_exceeds_normal_2,"lnk-1,lnk-2",warn
DAMIMAS_A21B_0185,6,B2,4,3,1,2,3,sisi_4,"sisi_1,sisi_3,sisi_4",,valid_but_n_sides_3_exceeds_normal_2,"lnk-11,lnk-8",warn
DAMIMAS_A21B_0186,2,B3,4,3,1,2,3,sisi_2,"sisi_1,sisi_2,sisi_3",,valid_but_n_sides_3_exceeds_normal_2,"lnk-1,lnk-6",warn
DAMIMAS_A21B_0186,3,B3,4,3,1,2,3,sisi_1,"sisi_1,sisi_2,sisi_4",,valid_but_n_sides_3_exceeds_normal_2,"lnk-3,lnk-8",warn
DAMIMAS_A21B_0186,4,B2,4,3,1,2,3,sisi_2,"sisi_1,sisi_2,sisi_3",,valid_but_n_sides_3_exceeds_normal_2,"lnk-0,lnk-4",warn
DAMIMAS_A21B_0188,3,B3,4,3,1,2,3,sisi_2,"sisi_1,sisi_2,sisi_3",,valid_but_n_sides_3_exceeds_normal_2,"lnk-0,lnk-1",warn
DAMIMAS_A21B_0189,2,B2,4,3,1,2,3,sisi_2,"sisi_1,sisi_2,sisi_3",,valid_but_n_sides_3_exceeds_normal_2,"lnk-0,lnk-2",warn
DAMIMAS_A21B_0193,2,B3,4,3,1,2,3,sisi_4,"sisi_1,sisi_3,sisi_4",,valid_but_n_sides_3_exceeds_normal_2,"lnk-13,lnk-15",warn
DAMIMAS_A21B_0195,1,B2,4,3,1,2,3,sisi_4,"sisi_1,sisi_3,sisi_4",,valid_but_n_sides_3_exceeds_normal_2,"lnk-10,lnk-9",warn
DAMIMAS_A21B_0195,2,B1,4,3,1,2,3,sisi_2,"sisi_1,sisi_2,sisi_3",,valid_but_n_sides_3_exceeds_normal_2,"lnk-1,lnk-2",warn
DAMIMAS_A21B_0195,4,B3,4,3,1,2,3,sisi_1,"sisi_1,sisi_2,sisi_4",,valid_but_n_sides_3_exceeds_normal_2,"lnk-0,lnk-12",warn
DAMIMAS_A21B_0195,5,B2,4,3,1,2,3,sisi_3,"sisi_2,sisi_3,sisi_4",,valid_but_n_sides_3_exceeds_normal_2,"lnk-4,lnk-6",warn
DAMIMAS_A21B_0196,1,B3,4,3,1,2,3,sisi_1,"sisi_1,sisi_2,sisi_4",,valid_but_n_sides_3_exceeds_normal_2,"lnk-13,lnk-8",warn
DAMIMAS_A21B_0198,1,B3,4,3,1,2,3,sisi_2,"sisi_1,sisi_2,sisi_3",,valid_but_n_sides_3_exceeds_normal_2,"lnk-2,lnk-3",warn
DAMIMAS_A21B_0199,2,B3,4,3,1,2,3,sisi_2,"sisi_1,sisi_2,sisi_3",,valid_but_n_sides_3_exceeds_normal_2,"lnk-10,lnk-4",warn
DAMIMAS_A21B_0199,5,B1,4,3,1,2,3,sisi_3,"sisi_2,sisi_3,sisi_4",,valid_but_n_sides_3_exceeds_normal_2,"lnk-11,lnk-8",warn
DAMIMAS_A21B_0200,1,B2,4,3,1,2,3,sisi_4,"sisi_1,sisi_3,sisi_4",,valid_but_n_sides_3_exceeds_normal_2,"lnk-2,lnk-3",warn
DAMIMAS_A21B_0201,1,B1,4,3,1,2,3,sisi_2,"sisi_1,sisi_2,sisi_3",,valid_but_n_sides_3_exceeds_normal_2,"lnk-0,lnk-1",warn
DAMIMAS_A21B_0201,2,B3,4,3,1,2,3,sisi_4,"sisi_1,sisi_3,sisi_4",,valid_but_n_sides_3_exceeds_normal_2,"lnk-8,lnk-9",warn
DAMIMAS_A21B_0201,7,B3,4,3,1,2,3,sisi_3,"sisi_2,sisi_3,sisi_4",,valid_but_n_sides_3_exceeds_normal_2,"lnk-5,lnk-6",warn
DAMIMAS_A21B_0203,1,B3,4,3,1,2,3,sisi_2,"sisi_1,sisi_2,sisi_3",,valid_but_n_sides_3_exceeds_normal_2,"lnk-0,lnk-2",warn
DAMIMAS_A21B_0203,4,B3,4,3,1,2,3,sisi_3,"sisi_2,sisi_3,sisi_4",,valid_but_n_sides_3_exceeds_normal_2,"lnk-1,lnk-3",warn
DAMIMAS_A21B_0204,4,B3,4,3,1,2,3,sisi_4,"sisi_1,sisi_3,sisi_4",,valid_but_n_sides_3_exceeds_normal_2,"lnk-11,lnk-12",warn
DAMIMAS_A21B_0205,4,B3,4,3,1,2,3,sisi_2,"sisi_1,sisi_2,sisi_3",,valid_but_n_sides_3_exceeds_normal_2,"lnk-1,lnk-2",warn
DAMIMAS_A21B_0206,5,B3,4,3,1,2,3,sisi_4,"sisi_1,sisi_3,sisi_4",,valid_but_n_sides_3_exceeds_normal_2,"lnk-16,lnk-17",warn
DAMIMAS_A21B_0206,6,B2,4,3,1,2,3,sisi_3,"sisi_2,sisi_3,sisi_4",,valid_but_n_sides_3_exceeds_normal_2,"lnk-7,lnk-9",warn
DAMIMAS_A21B_0207,6,B1,4,3,1,2,3,sisi_3,"sisi_2,sisi_3,sisi_4",,valid_but_n_sides_3_exceeds_normal_2,"lnk-10,lnk-2",warn
DAMIMAS_A21B_0207,7,B3,4,3,1,2,3,sisi_3,"sisi_2,sisi_3,sisi_4",,valid_but_n_sides_3_exceeds_normal_2,"lnk-11,lnk-3",warn
DAMIMAS_A21B_0208,5,B3,4,3,1,2,3,sisi_4,"sisi_1,sisi_3,sisi_4",,valid_but_n_sides_3_exceeds_normal_2,"lnk-11,lnk-8",warn
DAMIMAS_A21B_0208,8,B3,4,3,1,2,3,sisi_3,"sisi_2,sisi_3,sisi_4",,valid_but_n_sides_3_exceeds_normal_2,"lnk-5,lnk-6",warn
DAMIMAS_A21B_0209,1,B2,4,3,1,2,3,sisi_2,"sisi_1,sisi_2,sisi_3",,valid_but_n_sides_3_exceeds_normal_2,"lnk-0,lnk-2",warn
DAMIMAS_A21B_0211,1,B2,4,3,1,2,3,sisi_4,"sisi_1,sisi_3,sisi_4",,valid_but_n_sides_3_exceeds_normal_2,"lnk-10,lnk-13",warn
DAMIMAS_A21B_0212,5,B4,4,3,1,2,3,sisi_2,"sisi_1,sisi_2,sisi_3",,valid_but_n_sides_3_exceeds_normal_2,"lnk-1,lnk-3",warn
DAMIMAS_A21B_0213,2,B4,4,3,1,2,3,sisi_2,"sisi_1,sisi_2,sisi_3",,valid_but_n_sides_3_exceeds_normal_2,"lnk-0,lnk-1",warn
DAMIMAS_A21B_0214,9,B3,4,3,1,2,3,sisi_3,"sisi_2,sisi_3,sisi_4",,valid_but_n_sides_3_exceeds_normal_2,"lnk-3,lnk-5",warn
DAMIMAS_A21B_0215,7,B3,4,3,1,2,3,sisi_3,"sisi_2,sisi_3,sisi_4",,valid_but_n_sides_3_exceeds_normal_2,"lnk-5,lnk-8",warn
DAMIMAS_A21B_0215,8,B1,4,3,1,2,3,sisi_3,"sisi_2,sisi_3,sisi_4",,valid_but_n_sides_3_exceeds_normal_2,"lnk-3,lnk-7",warn
DAMIMAS_A21B_0216,8,B1,4,3,1,2,3,sisi_3,"sisi_2,sisi_3,sisi_4",,valid_but_n_sides_3_exceeds_normal_2,"lnk-3,lnk-6",warn
DAMIMAS_A21B_0217,5,B2,4,3,1,2,3,sisi_4,"sisi_1,sisi_3,sisi_4",,valid_but_n_sides_3_exceeds_normal_2,"lnk-7,lnk-8",warn
DAMIMAS_A21B_0218,7,B4,4,3,1,2,3,sisi_3,"sisi_2,sisi_3,sisi_4",,valid_but_n_sides_3_exceeds_normal_2,"lnk-4,lnk-5",warn
DAMIMAS_A21B_0224,1,B1,4,3,1,2,3,sisi_1,"sisi_1,sisi_2,sisi_4",,valid_but_n_sides_3_exceeds_normal_2,"lnk-5,lnk-8",warn
DAMIMAS_A21B_0224,2,B2,4,3,1,2,3,sisi_2,"sisi_1,sisi_2,sisi_3",,valid_but_n_sides_3_exceeds_normal_2,"lnk-13,lnk-14",warn
DAMIMAS_A21B_0235,8,B3,4,3,1,2,3,sisi_3,"sisi_2,sisi_3,sisi_4",,valid_but_n_sides_3_exceeds_normal_2,"lnk-3,lnk-7",warn
DAMIMAS_A21B_0236,3,B3,4,3,1,2,3,sisi_4,"sisi_1,sisi_3,sisi_4",,valid_but_n_sides_3_exceeds_normal_2,"lnk-39,lnk-41",warn
DAMIMAS_A21B_0236,7,B2,4,3,1,2,3,sisi_3,"sisi_2,sisi_3,sisi_4",,valid_but_n_sides_3_exceeds_normal_2,"lnk-3,lnk-37",warn
DAMIMAS_A21B_0236,10,B3,4,3,1,2,3,sisi_3,"sisi_2,sisi_3,sisi_4",,valid_but_n_sides_3_exceeds_normal_2,"lnk-36,lnk-5",warn
DAMIMAS_A21B_0237,1,B2,4,3,1,2,3,sisi_1,"sisi_1,sisi_2,sisi_4",,valid_but_n_sides_3_exceeds_normal_2,"lnk-0,lnk-12",warn
DAMIMAS_A21B_0237,2,B1,4,3,1,2,3,sisi_2,"sisi_1,sisi_2,sisi_3",,valid_but_n_sides_3_exceeds_normal_2,"lnk-1,lnk-3",warn
DAMIMAS_A21B_0237,3,B3,4,3,1,2,3,sisi_2,"sisi_1,sisi_2,sisi_3",,valid_but_n_sides_3_exceeds_normal_2,"lnk-2,lnk-5",warn
DAMIMAS_A21B_0237,5,B3,4,3,1,2,3,sisi_4,"sisi_1,sisi_3,sisi_4",,valid_but_n_sides_3_exceeds_normal_2,"lnk-11,lnk-9",warn
DAMIMAS_A21B_0237,6,B2,4,3,1,2,3,sisi_3,"sisi_2,sisi_3,sisi_4",,valid_but_n_sides_3_exceeds_normal_2,"lnk-7,lnk-8",warn
DAMIMAS_A21B_0239,6,B2,4,3,1,2,3,sisi_3,"sisi_2,sisi_3,sisi_4",,valid_but_n_sides_3_exceeds_normal_2,"lnk-2,lnk-5",warn
DAMIMAS_A21B_0240,1,B2,4,3,1,2,3,sisi_2,"sisi_1,sisi_2,sisi_3",,valid_but_n_sides_3_exceeds_normal_2,"lnk-1,lnk-2",warn
DAMIMAS_A21B_0241,5,B3,4,3,1,2,3,sisi_3,"sisi_2,sisi_3,sisi_4",,valid_but_n_sides_3_exceeds_normal_2,"lnk-4,lnk-6",warn
DAMIMAS_A21B_0243,1,B2,4,3,1,2,3,sisi_1,"sisi_1,sisi_2,sisi_4",,valid_but_n_sides_3_exceeds_normal_2,"lnk-2,lnk-4",warn
DAMIMAS_A21B_0243,2,B2,4,3,1,2,3,sisi_4,"sisi_1,sisi_3,sisi_4",,valid_but_n_sides_3_exceeds_normal_2,"lnk-0,lnk-12",warn
DAMIMAS_A21B_0243,4,B2,4,3,1,2,3,sisi_1,"sisi_1,sisi_2,sisi_4",,valid_but_n_sides_3_exceeds_normal_2,"lnk-3,lnk-5",warn
DAMIMAS_A21B_0243,5,B2,4,3,1,2,3,sisi_2,"sisi_1,sisi_2,sisi_3",,valid_but_n_sides_3_exceeds_normal_2,"lnk-6,lnk-7",warn
DAMIMAS_A21B_0243,6,B1,4,3,1,2,3,sisi_3,"sisi_2,sisi_3,sisi_4",,valid_but_n_sides_3_exceeds_normal_2,"lnk-10,lnk-9",warn
DAMIMAS_A21B_0244,2,B4,4,3,1,2,3,sisi_2,"sisi_1,sisi_2,sisi_3",,valid_but_n_sides_3_exceeds_normal_2,"lnk-2,lnk-3",warn
DAMIMAS_A21B_0244,3,B4,4,3,1,2,3,sisi_1,"sisi_1,sisi_2,sisi_4",,valid_but_n_sides_3_exceeds_normal_2,"lnk-5,lnk-6",warn
DAMIMAS_A21B_0245,1,B4,4,3,1,2,3,sisi_2,"sisi_1,sisi_2,sisi_3",,valid_but_n_sides_3_exceeds_normal_2,"lnk-0,lnk-1",warn
DAMIMAS_A21B_0247,4,B3,4,3,1,2,3,sisi_1,"sisi_1,sisi_2,sisi_4",,valid_but_n_sides_3_exceeds_normal_2,"lnk-1,lnk-2",warn
DAMIMAS_A21B_0247,5,B3,4,3,1,2,3,sisi_4,"sisi_1,sisi_3,sisi_4",,valid_but_n_sides_3_exceeds_normal_2,"lnk-6,lnk-7",warn
DAMIMAS_A21B_0247,7,B2,4,3,1,2,3,sisi_3,"sisi_2,sisi_3,sisi_4",,valid_but_n_sides_3_exceeds_normal_2,"lnk-3,lnk-4",warn
DAMIMAS_A21B_0249,5,B3,4,3,1,2,3,sisi_2,"sisi_1,sisi_2,sisi_3",,valid_but_n_sides_3_exceeds_normal_2,"lnk-2,lnk-3",warn
DAMIMAS_A21B_0254,6,B2,4,3,1,2,3,sisi_4,"sisi_1,sisi_3,sisi_4",,valid_but_n_sides_3_exceeds_normal_2,"lnk-1,lnk-2",warn
DAMIMAS_A21B_0261,2,B1,4,3,1,2,3,sisi_2,"sisi_1,sisi_2,sisi_3",,valid_but_n_sides_3_exceeds_normal_2,"lnk-0,lnk-1",warn
DAMIMAS_A21B_0263,8,B2,4,3,1,2,3,sisi_3,"sisi_2,sisi_3,sisi_4",,valid_but_n_sides_3_exceeds_normal_2,"lnk-4,lnk-5",warn
DAMIMAS_A21B_0267,1,B1,4,3,1,2,3,sisi_1,"sisi_1,sisi_2,sisi_4",,valid_but_n_sides_3_exceeds_normal_2,"lnk-0,lnk-1",warn
DAMIMAS_A21B_0267,5,B2,4,3,1,2,3,sisi_2,"sisi_1,sisi_2,sisi_3",,valid_but_n_sides_3_exceeds_normal_2,"lnk-2,lnk-3",warn
DAMIMAS_A21B_0268,9,B1,4,3,1,2,3,sisi_3,"sisi_2,sisi_3,sisi_4",,valid_but_n_sides_3_exceeds_normal_2,"lnk-1,lnk-2",warn
DAMIMAS_A21B_0268,10,B4,4,3,1,2,3,sisi_3,"sisi_2,sisi_3,sisi_4",,valid_but_n_sides_3_exceeds_normal_2,"lnk-3,lnk-4",warn
DAMIMAS_A21B_0269,2,B3,4,3,1,2,3,sisi_1,"sisi_1,sisi_2,sisi_4",,valid_but_n_sides_3_exceeds_normal_2,"lnk-0,lnk-1",warn
DAMIMAS_A21B_0270,1,B3,4,3,1,2,3,sisi_4,"sisi_1,sisi_3,sisi_4",,valid_but_n_sides_3_exceeds_normal_2,"lnk-4,lnk-5",warn
DAMIMAS_A21B_0271,10,B3,4,3,1,2,3,sisi_3,"sisi_2,sisi_3,sisi_4",,valid_but_n_sides_3_exceeds_normal_2,"lnk-3,lnk-4",warn
DAMIMAS_A21B_0271,11,B2,4,3,1,2,3,sisi_3,"sisi_2,sisi_3,sisi_4",,valid_but_n_sides_3_exceeds_normal_2,"lnk-5,lnk-6",warn
DAMIMAS_A21B_0272,6,B2,4,3,1,2,3,sisi_3,"sisi_2,sisi_3,sisi_4",,valid_but_n_sides_3_exceeds_normal_2,"lnk-3,lnk-4",warn
DAMIMAS_A21B_0273,1,B3,4,3,1,2,3,sisi_4,"sisi_1,sisi_3,sisi_4",,valid_but_n_sides_3_exceeds_normal_2,"lnk-7,lnk-8",warn
DAMIMAS_A21B_0273,3,B3,4,3,1,2,3,sisi_4,"sisi_1,sisi_3,sisi_4",,valid_but_n_sides_3_exceeds_normal_2,"lnk-5,lnk-6",warn
DAMIMAS_A21B_0273,6,B3,4,3,1,2,3,sisi_3,"sisi_2,sisi_3,sisi_4",,valid_but_n_sides_3_exceeds_normal_2,"lnk-2,lnk-3",warn
DAMIMAS_A21B_0276,3,B1,4,3,1,2,3,sisi_4,"sisi_1,sisi_3,sisi_4",,valid_but_n_sides_3_exceeds_normal_2,"lnk-3,lnk-4",warn
DAMIMAS_A21B_0277,1,B1,4,3,1,2,3,sisi_1,"sisi_1,sisi_2,sisi_4",,valid_but_n_sides_3_exceeds_normal_2,"lnk-0,lnk-1",warn
DAMIMAS_A21B_0277,7,B3,4,3,1,2,3,sisi_3,"sisi_2,sisi_3,sisi_4",,valid_but_n_sides_3_exceeds_normal_2,"lnk-5,lnk-6",warn
DAMIMAS_A21B_0278,1,B1,4,3,1,2,3,sisi_2,"sisi_1,sisi_2,sisi_3",,valid_but_n_sides_3_exceeds_normal_2,"lnk-0,lnk-1",warn
DAMIMAS_A21B_0280,9,B1,4,3,1,2,3,sisi_3,"sisi_2,sisi_3,sisi_4",,valid_but_n_sides_3_exceeds_normal_2,"lnk-3,lnk-4",warn
DAMIMAS_A21B_0283,7,B3,4,3,1,2,3,sisi_3,"sisi_2,sisi_3,sisi_4",,valid_but_n_sides_3_exceeds_normal_2,"lnk-3,lnk-4",warn
DAMIMAS_A21B_0284,4,B4,4,3,1,2,3,sisi_4,"sisi_1,sisi_3,sisi_4",,valid_but_n_sides_3_exceeds_normal_2,"lnk-6,lnk-7",warn
DAMIMAS_A21B_0284,5,B3,4,3,1,2,3,sisi_4,"sisi_1,sisi_3,sisi_4",,valid_but_n_sides_3_exceeds_normal_2,"lnk-4,lnk-5",warn
DAMIMAS_A21B_0284,6,B2,4,3,1,2,3,sisi_3,"sisi_2,sisi_3,sisi_4",,valid_but_n_sides_3_exceeds_normal_2,"lnk-2,lnk-3",warn
DAMIMAS_A21B_0285,1,B1,4,3,1,2,3,sisi_4,"sisi_1,sisi_3,sisi_4",,valid_but_n_sides_3_exceeds_normal_2,"lnk-1,lnk-2",warn
DAMIMAS_A21B_0285,5,B3,4,3,1,2,3,sisi_4,"sisi_1,sisi_3,sisi_4",,valid_but_n_sides_3_exceeds_normal_2,"lnk-12,lnk-13",warn
DAMIMAS_A21B_0285,13,B4,4,3,1,2,3,sisi_3,"sisi_2,sisi_3,sisi_4",,valid_but_n_sides_3_exceeds_normal_2,"lnk-10,lnk-9",warn
DAMIMAS_A21B_0285,15,B2,4,3,1,2,3,sisi_3,"sisi_2,sisi_3,sisi_4",,valid_but_n_sides_3_exceeds_normal_2,"lnk-7,lnk-8",warn
DAMIMAS_A21B_0286,5,B1,4,3,1,2,3,sisi_3,"sisi_2,sisi_3,sisi_4",,valid_but_n_sides_3_exceeds_normal_2,"lnk-1,lnk-2",warn
DAMIMAS_A21B_0286,8,B4,4,3,1,2,3,sisi_3,"sisi_2,sisi_3,sisi_4",,valid_but_n_sides_3_exceeds_normal_2,"lnk-5,lnk-6",warn
DAMIMAS_A21B_0287,3,B2,4,3,1,2,3,sisi_2,"sisi_1,sisi_2,sisi_3",,valid_but_n_sides_3_exceeds_normal_2,"lnk-7,lnk-8",warn
DAMIMAS_A21B_0287,4,B1,4,3,1,2,3,sisi_3,"sisi_2,sisi_3,sisi_4",,valid_but_n_sides_3_exceeds_normal_2,"lnk-1,lnk-2",warn
DAMIMAS_A21B_0287,5,B2,4,3,1,2,3,sisi_3,"sisi_2,sisi_3,sisi_4",,valid_but_n_sides_3_exceeds_normal_2,"lnk-4,lnk-5",warn
DAMIMAS_A21B_0290,1,B3,4,3,1,2,3,sisi_1,"sisi_1,sisi_2,sisi_4",,valid_but_n_sides_3_exceeds_normal_2,"lnk-0,lnk-1",warn
DAMIMAS_A21B_0292,1,B3,4,3,1,2,3,sisi_2,"sisi_1,sisi_2,sisi_3",,valid_but_n_sides_3_exceeds_normal_2,"lnk-0,lnk-1",warn
DAMIMAS_A21B_0295,10,B3,4,3,1,2,3,sisi_3,"sisi_2,sisi_3,sisi_4",,valid_but_n_sides_3_exceeds_normal_2,"lnk-1,lnk-2",warn
DAMIMAS_A21B_0296,1,B2,4,3,1,2,3,sisi_2,"sisi_1,sisi_2,sisi_3",,valid_but_n_sides_3_exceeds_normal_2,"lnk-3,lnk-4",warn
DAMIMAS_A21B_0296,3,B2,4,3,1,2,3,sisi_1,"sisi_1,sisi_2,sisi_4",,valid_but_n_sides_3_exceeds_normal_2,"lnk-1,lnk-2",warn
DAMIMAS_A21B_0297,5,B3,4,3,1,2,3,sisi_3,"sisi_2,sisi_3,sisi_4",,valid_but_n_sides_3_exceeds_normal_2,"lnk-3,lnk-4",warn
DAMIMAS_A21B_0298,1,B1,4,3,1,2,3,sisi_2,"sisi_1,sisi_2,sisi_3",,valid_but_n_sides_3_exceeds_normal_2,"lnk-0,lnk-1",warn
DAMIMAS_A21B_0299,1,B1,4,3,1,2,3,sisi_1,"sisi_1,sisi_2,sisi_4",,valid_but_n_sides_3_exceeds_normal_2,"lnk-0,lnk-1",warn
DAMIMAS_A21B_0300,2,B3,4,3,1,2,3,sisi_2,"sisi_1,sisi_2,sisi_3",,valid_but_n_sides_3_exceeds_normal_2,"lnk-1,lnk-2",warn
DAMIMAS_A21B_0302,4,B1,4,3,1,2,3,sisi_3,"sisi_2,sisi_3,sisi_4",,valid_but_n_sides_3_exceeds_normal_2,"lnk-2,lnk-3",warn
DAMIMAS_A21B_0303,2,B3,4,3,1,2,3,sisi_4,"sisi_1,sisi_3,sisi_4",,valid_but_n_sides_3_exceeds_normal_2,"lnk-7,lnk-8",warn
DAMIMAS_A21B_0303,6,B3,4,3,1,2,3,sisi_4,"sisi_1,sisi_3,sisi_4",,valid_but_n_sides_3_exceeds_normal_2,"lnk-10,lnk-9",warn
DAMIMAS_A21B_0303,7,B3,4,3,1,2,3,sisi_4,"sisi_1,sisi_3,sisi_4",,valid_but_n_sides_3_exceeds_normal_2,"lnk-5,lnk-6",warn
DAMIMAS_A21B_0303,9,B3,4,3,1,2,3,sisi_3,"sisi_2,sisi_3,sisi_4",,valid_but_n_sides_3_exceeds_normal_2,"lnk-3,lnk-4",warn
DAMIMAS_A21B_0304,6,B3,4,3,1,2,3,sisi_3,"sisi_2,sisi_3,sisi_4",,valid_but_n_sides_3_exceeds_normal_2,"lnk-3,lnk-4",warn
DAMIMAS_A21B_0306,2,B3,4,3,1,2,3,sisi_2,"sisi_1,sisi_2,sisi_3",,valid_but_n_sides_3_exceeds_normal_2,"lnk-0,lnk-1",warn
DAMIMAS_A21B_0307,1,B1,4,3,1,2,3,sisi_2,"sisi_1,sisi_2,sisi_3",,valid_but_n_sides_3_exceeds_normal_2,"lnk-0,lnk-1",warn
DAMIMAS_A21B_0310,1,B1,4,3,1,2,3,sisi_2,"sisi_1,sisi_2,sisi_3",,valid_but_n_sides_3_exceeds_normal_2,"lnk-0,lnk-1",warn
DAMIMAS_A21B_0311,1,B3,4,3,1,2,3,sisi_4,"sisi_1,sisi_3,sisi_4",,valid_but_n_sides_3_exceeds_normal_2,"lnk-4,lnk-5",warn
DAMIMAS_A21B_0311,3,B3,4,3,1,2,3,sisi_3,"sisi_2,sisi_3,sisi_4",,valid_but_n_sides_3_exceeds_normal_2,"lnk-1,lnk-2",warn
DAMIMAS_A21B_0312,1,B4,4,3,1,2,3,sisi_2,"sisi_1,sisi_2,sisi_3",,valid_but_n_sides_3_exceeds_normal_2,"lnk-1,lnk-2",warn
DAMIMAS_A21B_0313,6,B3,4,3,1,2,3,sisi_4,"sisi_1,sisi_3,sisi_4",,valid_but_n_sides_3_exceeds_normal_2,"lnk-7,lnk-8",warn
DAMIMAS_A21B_0313,7,B1,4,3,1,2,3,sisi_3,"sisi_2,sisi_3,sisi_4",,valid_but_n_sides_3_exceeds_normal_2,"lnk-2,lnk-3",warn
DAMIMAS_A21B_0314,1,B2,4,3,1,2,3,sisi_2,"sisi_1,sisi_2,sisi_3",,valid_but_n_sides_3_exceeds_normal_2,"lnk-0,lnk-1",warn
DAMIMAS_A21B_0314,8,B3,4,3,1,2,3,sisi_3,"sisi_2,sisi_3,sisi_4",,valid_but_n_sides_3_exceeds_normal_2,"lnk-5,lnk-6",warn
DAMIMAS_A21B_0316,7,B3,4,3,1,2,3,sisi_3,"sisi_2,sisi_3,sisi_4",,valid_but_n_sides_3_exceeds_normal_2,"lnk-3,lnk-4",warn
DAMIMAS_A21B_0316,8,B4,4,3,1,2,3,sisi_3,"sisi_2,sisi_3,sisi_4",,valid_but_n_sides_3_exceeds_normal_2,"lnk-5,lnk-6",warn
DAMIMAS_A21B_0317,1,B2,4,3,1,2,3,sisi_1,"sisi_1,sisi_2,sisi_4",,valid_but_n_sides_3_exceeds_normal_2,"lnk-0,lnk-1",warn
DAMIMAS_A21B_0319,3,B3,4,3,1,2,3,sisi_2,"sisi_1,sisi_2,sisi_3",,valid_but_n_sides_3_exceeds_normal_2,"lnk-0,lnk-1",warn
DAMIMAS_A21B_0319,4,B2,4,3,1,2,3,sisi_3,"sisi_2,sisi_3,sisi_4",,valid_but_n_sides_3_exceeds_normal_2,"lnk-2,lnk-3",warn
DAMIMAS_A21B_0319,5,B3,4,3,1,2,3,sisi_3,"sisi_2,sisi_3,sisi_4",,valid_but_n_sides_3_exceeds_normal_2,"lnk-4,lnk-5",warn
DAMIMAS_A21B_0321,6,B3,4,3,1,2,3,sisi_2,"sisi_1,sisi_2,sisi_3",,valid_but_n_sides_3_exceeds_normal_2,"lnk-6,lnk-7",warn
DAMIMAS_A21B_0321,7,B3,4,3,1,2,3,sisi_1,"sisi_1,sisi_2,sisi_4",,valid_but_n_sides_3_exceeds_normal_2,"lnk-4,lnk-5",warn
DAMIMAS_A21B_0324,1,B3,4,3,1,2,3,sisi_1,"sisi_1,sisi_2,sisi_4",,valid_but_n_sides_3_exceeds_normal_2,"lnk-6,lnk-7",warn
DAMIMAS_A21B_0324,2,B3,4,3,1,2,3,sisi_1,"sisi_1,sisi_2,sisi_4",,valid_but_n_sides_3_exceeds_normal_2,"lnk-4,lnk-5",warn
DAMIMAS_A21B_0324,4,B3,4,3,1,2,3,sisi_3,"sisi_2,sisi_3,sisi_4",,valid_but_n_sides_3_exceeds_normal_2,"lnk-1,lnk-2",warn
DAMIMAS_A21B_0325,6,B3,4,3,1,2,3,sisi_3,"sisi_2,sisi_3,sisi_4",,valid_but_n_sides_3_exceeds_normal_2,"lnk-6,lnk-7",warn
DAMIMAS_A21B_0327,5,B1,4,3,1,2,3,sisi_3,"sisi_2,sisi_3,sisi_4",,valid_but_n_sides_3_exceeds_normal_2,"lnk-1,lnk-2",warn
DAMIMAS_A21B_0328,5,B3,4,3,1,2,3,sisi_3,"sisi_2,sisi_3,sisi_4",,valid_but_n_sides_3_exceeds_normal_2,"lnk-3,lnk-4",warn
DAMIMAS_A21B_0330,1,B1,4,3,1,2,3,sisi_4,"sisi_1,sisi_3,sisi_4",,valid_but_n_sides_3_exceeds_normal_2,"lnk-4,lnk-5",warn
DAMIMAS_A21B_0330,3,B3,4,3,1,2,3,sisi_4,"sisi_1,sisi_3,sisi_4",,valid_but_n_sides_3_exceeds_normal_2,"lnk-6,lnk-7",warn
DAMIMAS_A21B_0331,1,B3,4,3,1,2,3,sisi_4,"sisi_1,sisi_3,sisi_4",,valid_but_n_sides_3_exceeds_normal_2,"lnk-3,lnk-4",warn
DAMIMAS_A21B_0331,2,B3,4,3,1,2,3,sisi_4,"sisi_1,sisi_3,sisi_4",,valid_but_n_sides_3_exceeds_normal_2,"lnk-5,lnk-6",warn
DAMIMAS_A21B_0335,1,B1,4,3,1,2,3,sisi_2,"sisi_1,sisi_2,sisi_3",,valid_but_n_sides_3_exceeds_normal_2,"lnk-12,lnk-3",warn
DAMIMAS_A21B_0335,2,B2,4,3,1,2,3,sisi_1,"sisi_1,sisi_2,sisi_4",,valid_but_n_sides_3_exceeds_normal_2,"lnk-17,lnk-4",warn
DAMIMAS_A21B_0336,6,B3,4,3,1,2,3,sisi_2,"sisi_1,sisi_2,sisi_3",,valid_but_n_sides_3_exceeds_normal_2,"lnk-14,lnk-16",warn
DAMIMAS_A21B_0337,1,B3,4,3,1,2,3,sisi_2,"sisi_1,sisi_2,sisi_3",,valid_but_n_sides_3_exceeds_normal_2,"lnk-0,lnk-1",warn
DAMIMAS_A21B_0337,2,B3,4,3,1,2,3,sisi_1,"sisi_1,sisi_2,sisi_4",,valid_but_n_sides_3_exceeds_normal_2,"lnk-2,lnk-3",warn
DAMIMAS_A21B_0339,1,B1,4,3,1,2,3,sisi_2,"sisi_1,sisi_2,sisi_3",,valid_but_n_sides_3_exceeds_normal_2,"lnk-0,lnk-1",warn
DAMIMAS_A21B_0340,2,B2,4,3,1,2,3,sisi_3,"sisi_2,sisi_3,sisi_4",,valid_but_n_sides_3_exceeds_normal_2,"lnk-1,lnk-2",warn
DAMIMAS_A21B_0341,2,B3,4,3,1,2,3,sisi_4,"sisi_1,sisi_3,sisi_4",,valid_but_n_sides_3_exceeds_normal_2,"lnk-10,lnk-11",warn
DAMIMAS_A21B_0341,3,B3,4,3,1,2,3,sisi_1,"sisi_1,sisi_2,sisi_4",,valid_but_n_sides_3_exceeds_normal_2,"lnk-0,lnk-2",warn
DAMIMAS_A21B_0341,4,B3,4,3,1,2,3,sisi_2,"sisi_1,sisi_2,sisi_3",,valid_but_n_sides_3_exceeds_normal_2,"lnk-3,lnk-4",warn
DAMIMAS_A21B_0341,7,B3,4,3,1,2,3,sisi_3,"sisi_2,sisi_3,sisi_4",,valid_but_n_sides_3_exceeds_normal_2,"lnk-5,lnk-6",warn
DAMIMAS_A21B_0341,8,B3,4,3,1,2,3,sisi_3,"sisi_2,sisi_3,sisi_4",,valid_but_n_sides_3_exceeds_normal_2,"lnk-7,lnk-8",warn
DAMIMAS_A21B_0342,3,B3,4,3,1,2,3,sisi_2,"sisi_1,sisi_2,sisi_3",,valid_but_n_sides_3_exceeds_normal_2,"lnk-8,lnk-9",warn
DAMIMAS_A21B_0342,5,B3,4,3,1,2,3,sisi_2,"sisi_1,sisi_2,sisi_3",,valid_but_n_sides_3_exceeds_normal_2,"lnk-5,lnk-6",warn
DAMIMAS_A21B_0342,6,B4,4,3,1,2,3,sisi_2,"sisi_1,sisi_2,sisi_3",,valid_but_n_sides_3_exceeds_normal_2,"lnk-3,lnk-4",warn
DAMIMAS_A21B_0342,7,B2,4,3,1,2,3,sisi_2,"sisi_1,sisi_2,sisi_3",,valid_but_n_sides_3_exceeds_normal_2,"lnk-0,lnk-1",warn
DAMIMAS_A21B_0343,1,B2,4,3,1,2,3,sisi_1,"sisi_1,sisi_2,sisi_4",,valid_but_n_sides_3_exceeds_normal_2,"lnk-0,lnk-1",warn
DAMIMAS_A21B_0343,2,B2,4,3,1,2,3,sisi_2,"sisi_1,sisi_2,sisi_3",,valid_but_n_sides_3_exceeds_normal_2,"lnk-3,lnk-4",warn
DAMIMAS_A21B_0343,4,B3,4,3,1,2,3,sisi_4,"sisi_1,sisi_3,sisi_4",,valid_but_n_sides_3_exceeds_normal_2,"lnk-10,lnk-9",warn
DAMIMAS_A21B_0343,6,B2,4,3,1,2,3,sisi_3,"sisi_2,sisi_3,sisi_4",,valid_but_n_sides_3_exceeds_normal_2,"lnk-5,lnk-6",warn
DAMIMAS_A21B_0344,7,B3,4,3,1,2,3,sisi_4,"sisi_1,sisi_3,sisi_4",,valid_but_n_sides_3_exceeds_normal_2,"lnk-5,lnk-6",warn
DAMIMAS_A21B_0344,9,B3,4,3,1,2,3,sisi_3,"sisi_2,sisi_3,sisi_4",,valid_but_n_sides_3_exceeds_normal_2,"lnk-3,lnk-4",warn
DAMIMAS_A21B_0345,2,B3,4,3,1,2,3,sisi_2,"sisi_1,sisi_2,sisi_3",,valid_but_n_sides_3_exceeds_normal_2,"lnk-0,lnk-1",warn
DAMIMAS_A21B_0345,4,B3,4,3,1,2,3,sisi_3,"sisi_2,sisi_3,sisi_4",,valid_but_n_sides_3_exceeds_normal_2,"lnk-2,lnk-3",warn
DAMIMAS_A21B_0345,5,B4,4,3,1,2,3,sisi_3,"sisi_2,sisi_3,sisi_4",,valid_but_n_sides_3_exceeds_normal_2,"lnk-4,lnk-5",warn
DAMIMAS_A21B_0346,1,B1,4,3,1,2,3,sisi_1,"sisi_1,sisi_2,sisi_4",,valid_but_n_sides_3_exceeds_normal_2,"lnk-0,lnk-1",warn
DAMIMAS_A21B_0346,3,B4,4,3,1,2,3,sisi_2,"sisi_1,sisi_2,sisi_3",,valid_but_n_sides_3_exceeds_normal_2,"lnk-4,lnk-5",warn
DAMIMAS_A21B_0346,6,B3,4,3,1,2,3,sisi_4,"sisi_1,sisi_3,sisi_4",,valid_but_n_sides_3_exceeds_normal_2,"lnk-10,lnk-9",warn
DAMIMAS_A21B_0347,1,B1,4,3,1,2,3,sisi_2,"sisi_1,sisi_2,sisi_3",,valid_but_n_sides_3_exceeds_normal_2,"lnk-0,lnk-1",warn
DAMIMAS_A21B_0347,3,B3,4,3,1,2,3,sisi_1,"sisi_1,sisi_2,sisi_4",,valid_but_n_sides_3_exceeds_normal_2,"lnk-3,lnk-4",warn
DAMIMAS_A21B_0348,5,B1,4,3,1,2,3,sisi_4,"sisi_1,sisi_3,sisi_4",,valid_but_n_sides_3_exceeds_normal_2,"lnk-5,lnk-6",warn
DAMIMAS_A21B_0350,1,B1,4,3,1,2,3,sisi_1,"sisi_1,sisi_2,sisi_4",,valid_but_n_sides_3_exceeds_normal_2,"lnk-0,lnk-1",warn
DAMIMAS_A21B_0352,2,B3,4,3,1,2,3,sisi_2,"sisi_1,sisi_2,sisi_3",,valid_but_n_sides_3_exceeds_normal_2,"lnk-3,lnk-4",warn
DAMIMAS_A21B_0352,3,B4,4,3,1,2,3,sisi_2,"sisi_1,sisi_2,sisi_3",,valid_but_n_sides_3_exceeds_normal_2,"lnk-8,lnk-9",warn
DAMIMAS_A21B_0352,4,B3,4,3,1,2,3,sisi_2,"sisi_1,sisi_2,sisi_3",,valid_but_n_sides_3_exceeds_normal_2,"lnk-5,lnk-6",warn
DAMIMAS_A21B_0353,5,B3,4,3,1,2,3,sisi_4,"sisi_1,sisi_3,sisi_4",,valid_but_n_sides_3_exceeds_normal_2,"lnk-7,lnk-8",warn
DAMIMAS_A21B_0353,6,B1,4,3,1,2,3,sisi_3,"sisi_2,sisi_3,sisi_4",,valid_but_n_sides_3_exceeds_normal_2,"lnk-1,lnk-2",warn
DAMIMAS_A21B_0353,9,B3,4,3,1,2,3,sisi_3,"sisi_2,sisi_3,sisi_4",,valid_but_n_sides_3_exceeds_normal_2,"lnk-4,lnk-5",warn
DAMIMAS_A21B_0354,2,B3,4,3,1,2,3,sisi_2,"sisi_1,sisi_2,sisi_3",,valid_but_n_sides_3_exceeds_normal_2,"lnk-0,lnk-1",warn
DAMIMAS_A21B_0354,3,B3,4,3,1,2,3,sisi_2,"sisi_1,sisi_2,sisi_3",,valid_but_n_sides_3_exceeds_normal_2,"lnk-4,lnk-5",warn
DAMIMAS_A21B_0354,9,B3,4,3,1,2,3,sisi_2,"sisi_1,sisi_2,sisi_3",,valid_but_n_sides_3_exceeds_normal_2,"lnk-2,lnk-3",warn
DAMIMAS_A21B_0355,8,B1,4,3,1,2,3,sisi_3,"sisi_2,sisi_3,sisi_4",,valid_but_n_sides_3_exceeds_normal_2,"lnk-3,lnk-4",warn
DAMIMAS_A21B_0356,1,B2,4,3,1,2,3,sisi_1,"sisi_1,sisi_2,sisi_4",,valid_but_n_sides_3_exceeds_normal_2,"lnk-0,lnk-1",warn
DAMIMAS_A21B_0356,2,B2,4,3,1,2,3,sisi_4,"sisi_1,sisi_3,sisi_4",,valid_but_n_sides_3_exceeds_normal_2,"lnk-6,lnk-7",warn
DAMIMAS_A21B_0357,4,B3,4,3,1,2,3,sisi_4,"sisi_1,sisi_3,sisi_4",,valid_but_n_sides_3_exceeds_normal_2,"lnk-7,lnk-8",warn
DAMIMAS_A21B_0357,8,B3,4,3,1,2,3,sisi_3,"sisi_2,sisi_3,sisi_4",,valid_but_n_sides_3_exceeds_normal_2,"lnk-2,lnk-3",warn
DAMIMAS_A21B_0358,1,B3,4,3,1,2,3,sisi_2,"sisi_1,sisi_2,sisi_3",,valid_but_n_sides_3_exceeds_normal_2,"lnk-5,lnk-6",warn
DAMIMAS_A21B_0358,2,B3,4,3,1,2,3,sisi_2,"sisi_1,sisi_2,sisi_3",,valid_but_n_sides_3_exceeds_normal_2,"lnk-1,lnk-2",warn
DAMIMAS_A21B_0359,7,B3,4,3,1,2,3,sisi_3,"sisi_2,sisi_3,sisi_4",,valid_but_n_sides_3_exceeds_normal_2,"lnk-13,lnk-17",warn
DAMIMAS_A21B_0360,5,B3,4,3,1,2,3,sisi_4,"sisi_1,sisi_3,sisi_4",,valid_but_n_sides_3_exceeds_normal_2,"lnk-11,lnk-12",warn
DAMIMAS_A21B_0360,6,B4,4,3,1,2,3,sisi_4,"sisi_1,sisi_3,sisi_4",,valid_but_n_sides_3_exceeds_normal_2,"lnk-13,lnk-14",warn
DAMIMAS_A21B_0360,7,B1,4,3,1,2,3,sisi_3,"sisi_2,sisi_3,sisi_4",,valid_but_n_sides_3_exceeds_normal_2,"lnk-6,lnk-7",warn
DAMIMAS_A21B_0360,10,B3,4,3,1,2,3,sisi_3,"sisi_2,sisi_3,sisi_4",,valid_but_n_sides_3_exceeds_normal_2,"lnk-8,lnk-9",warn
DAMIMAS_A21B_0361,1,B1,4,3,1,2,3,sisi_1,"sisi_1,sisi_2,sisi_4",,valid_but_n_sides_3_exceeds_normal_2,"lnk-3,lnk-5",warn
DAMIMAS_A21B_0361,2,B3,4,3,1,2,3,sisi_2,"sisi_1,sisi_2,sisi_3",,valid_but_n_sides_3_exceeds_normal_2,"lnk-6,lnk-7",warn
DAMIMAS_A21B_0361,4,B3,4,3,1,2,3,sisi_1,"sisi_1,sisi_2,sisi_4",,valid_but_n_sides_3_exceeds_normal_2,"lnk-0,lnk-2",warn
DAMIMAS_A21B_0362,3,B3,4,3,1,2,3,sisi_2,"sisi_1,sisi_2,sisi_3",,valid_but_n_sides_3_exceeds_normal_2,"lnk-19,lnk-24",warn
DAMIMAS_A21B_0362,5,B3,4,3,1,2,3,sisi_4,"sisi_1,sisi_3,sisi_4",,valid_but_n_sides_3_exceeds_normal_2,"lnk-26,lnk-33",warn
DAMIMAS_A21B_0362,6,B3,4,3,1,2,3,sisi_3,"sisi_2,sisi_3,sisi_4",,valid_but_n_sides_3_exceeds_normal_2,"lnk-21,lnk-29",warn
DAMIMAS_A21B_0362,9,B3,4,3,1,2,3,sisi_3,"sisi_2,sisi_3,sisi_4",,valid_but_n_sides_3_exceeds_normal_2,"lnk-22,lnk-28",warn
DAMIMAS_A21B_0362,10,B3,4,3,1,2,3,sisi_3,"sisi_2,sisi_3,sisi_4",,valid_but_n_sides_3_exceeds_normal_2,"lnk-23,lnk-30",warn
DAMIMAS_A21B_0363,4,B2,4,3,1,2,3,sisi_2,"sisi_1,sisi_2,sisi_3",,valid_but_n_sides_3_exceeds_normal_2,"lnk-1,lnk-2",warn
DAMIMAS_A21B_0364,6,B3,4,3,1,2,3,sisi_4,"sisi_1,sisi_3,sisi_4",,valid_but_n_sides_3_exceeds_normal_2,"lnk-10,lnk-11",warn
DAMIMAS_A21B_0364,8,B1,4,3,1,2,3,sisi_3,"sisi_2,sisi_3,sisi_4",,valid_but_n_sides_3_exceeds_normal_2,"lnk-3,lnk-4",warn
DAMIMAS_A21B_0364,11,B3,4,3,1,2,3,sisi_3,"sisi_2,sisi_3,sisi_4",,valid_but_n_sides_3_exceeds_normal_2,"lnk-6,lnk-7",warn
DAMIMAS_A21B_0366,3,B3,4,3,1,2,3,sisi_2,"sisi_1,sisi_2,sisi_3",,valid_but_n_sides_3_exceeds_normal_2,"lnk-1,lnk-2",warn
DAMIMAS_A21B_0366,4,B3,4,3,1,2,3,sisi_4,"sisi_1,sisi_3,sisi_4",,valid_but_n_sides_3_exceeds_normal_2,"lnk-5,lnk-6",warn
DAMIMAS_A21B_0367,3,B2,4,3,1,2,3,sisi_1,"sisi_1,sisi_2,sisi_4",,valid_but_n_sides_3_exceeds_normal_2,"lnk-1,lnk-2",warn
DAMIMAS_A21B_0368,1,B1,4,3,1,2,3,sisi_1,"sisi_1,sisi_2,sisi_4",,valid_but_n_sides_3_exceeds_normal_2,"lnk-0,lnk-1",warn
DAMIMAS_A21B_0368,2,B3,4,3,1,2,3,sisi_1,"sisi_1,sisi_2,sisi_4",,valid_but_n_sides_3_exceeds_normal_2,"lnk-2,lnk-3",warn
DAMIMAS_A21B_0369,2,B3,4,3,1,2,3,sisi_2,"sisi_1,sisi_2,sisi_3",,valid_but_n_sides_3_exceeds_normal_2,"lnk-2,lnk-3",warn
DAMIMAS_A21B_0369,3,B3,4,3,1,2,3,sisi_2,"sisi_1,sisi_2,sisi_3",,valid_but_n_sides_3_exceeds_normal_2,"lnk-0,lnk-1",warn
DAMIMAS_A21B_0370,1,B1,4,3,1,2,3,sisi_2,"sisi_1,sisi_2,sisi_3",,valid_but_n_sides_3_exceeds_normal_2,"lnk-0,lnk-1",warn
DAMIMAS_A21B_0370,3,B3,4,3,1,2,3,sisi_1,"sisi_1,sisi_2,sisi_4",,valid_but_n_sides_3_exceeds_normal_2,"lnk-2,lnk-3",warn
DAMIMAS_A21B_0371,6,B3,4,3,1,2,3,sisi_3,"sisi_2,sisi_3,sisi_4",,valid_but_n_sides_3_exceeds_normal_2,"lnk-3,lnk-4",warn
DAMIMAS_A21B_0373,1,B1,4,3,1,2,3,sisi_1,"sisi_1,sisi_2,sisi_4",,valid_but_n_sides_3_exceeds_normal_2,"lnk-0,lnk-1",warn
DAMIMAS_A21B_0377,2,B3,4,3,1,2,3,sisi_1,"sisi_1,sisi_2,sisi_4",,valid_but_n_sides_3_exceeds_normal_2,"lnk-1,lnk-2",warn
DAMIMAS_A21B_0377,6,B3,4,3,1,2,3,sisi_3,"sisi_2,sisi_3,sisi_4",,valid_but_n_sides_3_exceeds_normal_2,"lnk-4,lnk-5",warn
DAMIMAS_A21B_0379,4,B3,4,3,1,2,3,sisi_3,"sisi_2,sisi_3,sisi_4",,valid_but_n_sides_3_exceeds_normal_2,"lnk-4,lnk-5",warn
DAMIMAS_A21B_0380,4,B3,4,3,1,2,3,sisi_1,"sisi_1,sisi_2,sisi_4",,valid_but_n_sides_3_exceeds_normal_2,"lnk-1,lnk-2",warn
DAMIMAS_A21B_0380,5,B4,4,3,1,2,3,sisi_2,"sisi_1,sisi_2,sisi_3",,valid_but_n_sides_3_exceeds_normal_2,"lnk-5,lnk-6",warn
DAMIMAS_A21B_0384,7,B1,4,3,1,2,3,sisi_2,"sisi_1,sisi_2,sisi_3",,valid_but_n_sides_3_exceeds_normal_2,"lnk-1,lnk-2",warn
DAMIMAS_A21B_0384,9,B4,4,3,1,2,3,sisi_3,"sisi_2,sisi_3,sisi_4",,valid_but_n_sides_3_exceeds_normal_2,"lnk-5,lnk-6",warn
DAMIMAS_A21B_0388,1,B1,4,3,1,2,3,sisi_4,"sisi_1,sisi_3,sisi_4",,valid_but_n_sides_3_exceeds_normal_2,"lnk-10,lnk-9",warn
DAMIMAS_A21B_0388,2,B3,4,3,1,2,3,sisi_2,"sisi_1,sisi_2,sisi_3",,valid_but_n_sides_3_exceeds_normal_2,"lnk-3,lnk-4",warn
DAMIMAS_A21B_0388,3,B3,4,3,1,2,3,sisi_2,"sisi_1,sisi_2,sisi_3",,valid_but_n_sides_3_exceeds_normal_2,"lnk-0,lnk-1",warn
DAMIMAS_A21B_0388,5,B3,4,3,1,2,3,sisi_2,"sisi_1,sisi_2,sisi_3",,valid_but_n_sides_3_exceeds_normal_2,"lnk-7,lnk-8",warn
DAMIMAS_A21B_0390,2,B3,4,3,1,2,3,sisi_2,"sisi_1,sisi_2,sisi_3",,valid_but_n_sides_3_exceeds_normal_2,"lnk-3,lnk-4",warn
DAMIMAS_A21B_0391,1,B1,4,3,1,2,3,sisi_4,"sisi_1,sisi_3,sisi_4",,valid_but_n_sides_3_exceeds_normal_2,"lnk-2,lnk-3",warn
DAMIMAS_A21B_0394,1,B3,4,3,1,2,3,sisi_1,"sisi_1,sisi_2,sisi_4",,valid_but_n_sides_3_exceeds_normal_2,"lnk-0,lnk-1",warn
DAMIMAS_A21B_0394,6,B3,4,3,1,2,3,sisi_2,"sisi_1,sisi_2,sisi_3",,valid_but_n_sides_3_exceeds_normal_2,"lnk-3,lnk-4",warn
DAMIMAS_A21B_0398,11,B1,4,3,1,2,3,sisi_3,"sisi_2,sisi_3,sisi_4",,valid_but_n_sides_3_exceeds_normal_2,"lnk-2,lnk-3",warn
DAMIMAS_A21B_0399,1,B1,4,3,1,2,3,sisi_4,"sisi_1,sisi_3,sisi_4",,valid_but_n_sides_3_exceeds_normal_2,"lnk-2,lnk-3",warn
DAMIMAS_A21B_0400,3,B2,4,3,1,2,3,sisi_2,"sisi_1,sisi_2,sisi_3",,valid_but_n_sides_3_exceeds_normal_2,"lnk-0,lnk-1",warn
DAMIMAS_A21B_0402,8,B3,4,3,1,2,3,sisi_3,"sisi_2,sisi_3,sisi_4",,valid_but_n_sides_3_exceeds_normal_2,"lnk-2,lnk-3",warn
DAMIMAS_A21B_0404,7,B1,4,3,1,2,3,sisi_3,"sisi_2,sisi_3,sisi_4",,valid_but_n_sides_3_exceeds_normal_2,"lnk-1,lnk-2",warn
DAMIMAS_A21B_0406,5,B3,4,3,1,2,3,sisi_3,"sisi_2,sisi_3,sisi_4",,valid_but_n_sides_3_exceeds_normal_2,"lnk-2,lnk-3",warn
DAMIMAS_A21B_0408,1,B1,4,3,1,2,3,sisi_1,"sisi_1,sisi_2,sisi_4",,valid_but_n_sides_3_exceeds_normal_2,"lnk-0,lnk-1",warn
DAMIMAS_A21B_0408,4,B3,4,3,1,2,3,sisi_2,"sisi_1,sisi_2,sisi_3",,valid_but_n_sides_3_exceeds_normal_2,"lnk-4,lnk-5",warn
DAMIMAS_A21B_0410,3,B3,4,3,1,2,3,sisi_2,"sisi_1,sisi_2,sisi_3",,valid_but_n_sides_3_exceeds_normal_2,"lnk-2,lnk-3",warn
DAMIMAS_A21B_0410,10,B1,4,3,1,2,3,sisi_3,"sisi_2,sisi_3,sisi_4",,valid_but_n_sides_3_exceeds_normal_2,"lnk-4,lnk-5",warn
DAMIMAS_A21B_0411,2,B1,4,3,1,2,3,sisi_1,"sisi_1,sisi_2,sisi_4",,valid_but_n_sides_3_exceeds_normal_2,"lnk-0,lnk-1",warn
DAMIMAS_A21B_0412,2,B3,4,3,1,2,3,sisi_4,"sisi_1,sisi_3,sisi_4",,valid_but_n_sides_3_exceeds_normal_2,"lnk-5,lnk-6",warn
DAMIMAS_A21B_0412,7,B2,4,3,1,2,3,sisi_3,"sisi_2,sisi_3,sisi_4",,valid_but_n_sides_3_exceeds_normal_2,"lnk-3,lnk-4",warn
DAMIMAS_A21B_0413,5,B3,4,3,1,2,3,sisi_2,"sisi_1,sisi_2,sisi_3",,valid_but_n_sides_3_exceeds_normal_2,"lnk-1,lnk-2",warn
DAMIMAS_A21B_0413,7,B2,4,3,1,2,3,sisi_3,"sisi_2,sisi_3,sisi_4",,valid_but_n_sides_3_exceeds_normal_2,"lnk-3,lnk-4",warn
DAMIMAS_A21B_0413,9,B3,4,3,1,2,3,sisi_3,"sisi_2,sisi_3,sisi_4",,valid_but_n_sides_3_exceeds_normal_2,"lnk-5,lnk-6",warn
DAMIMAS_A21B_0414,1,B3,4,3,1,2,3,sisi_1,"sisi_1,sisi_2,sisi_4",,valid_but_n_sides_3_exceeds_normal_2,"lnk-0,lnk-1",warn
DAMIMAS_A21B_0414,2,B3,4,3,1,2,3,sisi_1,"sisi_1,sisi_2,sisi_4",,valid_but_n_sides_3_exceeds_normal_2,"lnk-2,lnk-3",warn
DAMIMAS_A21B_0414,4,B3,4,3,1,2,3,sisi_3,"sisi_2,sisi_3,sisi_4",,valid_but_n_sides_3_exceeds_normal_2,"lnk-4,lnk-5",warn
DAMIMAS_A21B_0414,5,B3,4,3,1,2,3,sisi_3,"sisi_2,sisi_3,sisi_4",,valid_but_n_sides_3_exceeds_normal_2,"lnk-6,lnk-7",warn
DAMIMAS_A21B_0415,8,B3,4,3,1,2,3,sisi_3,"sisi_2,sisi_3,sisi_4",,valid_but_n_sides_3_exceeds_normal_2,"lnk-5,lnk-6",warn
DAMIMAS_A21B_0415,9,B3,4,3,1,2,3,sisi_3,"sisi_2,sisi_3,sisi_4",,valid_but_n_sides_3_exceeds_normal_2,"lnk-1,lnk-2",warn
DAMIMAS_A21B_0415,10,B2,4,3,1,2,3,sisi_3,"sisi_2,sisi_3,sisi_4",,valid_but_n_sides_3_exceeds_normal_2,"lnk-3,lnk-4",warn
DAMIMAS_A21B_0416,4,B2,4,3,1,2,3,sisi_2,"sisi_1,sisi_2,sisi_3",,valid_but_n_sides_3_exceeds_normal_2,"lnk-1,lnk-2",warn
DAMIMAS_A21B_0418,11,B3,4,3,1,2,3,sisi_3,"sisi_2,sisi_3,sisi_4",,valid_but_n_sides_3_exceeds_normal_2,"lnk-4,lnk-5",warn
DAMIMAS_A21B_0427,9,B3,4,3,1,2,3,sisi_3,"sisi_2,sisi_3,sisi_4",,valid_but_n_sides_3_exceeds_normal_2,"lnk-3,lnk-4",warn
DAMIMAS_A21B_0427,10,B2,4,3,1,2,3,sisi_3,"sisi_2,sisi_3,sisi_4",,valid_but_n_sides_3_exceeds_normal_2,"lnk-1,lnk-2",warn
DAMIMAS_A21B_0432,4,B2,4,3,1,2,3,sisi_3,"sisi_2,sisi_3,sisi_4",,valid_but_n_sides_3_exceeds_normal_2,"lnk-1,lnk-2",warn
DAMIMAS_A21B_0432,6,B3,4,3,1,2,3,sisi_3,"sisi_2,sisi_3,sisi_4",,valid_but_n_sides_3_exceeds_normal_2,"lnk-4,lnk-5",warn
DAMIMAS_A21B_0434,2,B2,4,3,1,2,3,sisi_4,"sisi_1,sisi_3,sisi_4",,valid_but_n_sides_3_exceeds_normal_2,"lnk-5,lnk-6",warn
DAMIMAS_A21B_0434,3,B3,4,3,1,2,3,sisi_4,"sisi_1,sisi_3,sisi_4",,valid_but_n_sides_3_exceeds_normal_2,"lnk-8,lnk-9",warn
DAMIMAS_A21B_0435,1,B1,4,3,1,2,3,sisi_1,"sisi_1,sisi_2,sisi_4",,valid_but_n_sides_3_exceeds_normal_2,"lnk-0,lnk-1",warn
DAMIMAS_A21B_0436,8,B1,4,3,1,2,3,sisi_3,"sisi_2,sisi_3,sisi_4",,valid_but_n_sides_3_exceeds_normal_2,"lnk-2,lnk-3",warn
DAMIMAS_A21B_0445,4,B1,4,3,1,2,3,sisi_2,"sisi_1,sisi_2,sisi_3",,valid_but_n_sides_3_exceeds_normal_2,"lnk-1,lnk-2",warn
DAMIMAS_A21B_0446,3,B1,4,3,1,2,3,sisi_2,"sisi_1,sisi_2,sisi_3",,valid_but_n_sides_3_exceeds_normal_2,"lnk-2,lnk-3",warn
DAMIMAS_A21B_0450,8,B1,4,3,1,2,3,sisi_3,"sisi_2,sisi_3,sisi_4",,valid_but_n_sides_3_exceeds_normal_2,"lnk-4,lnk-5",warn
DAMIMAS_A21B_0451,6,B2,4,3,1,2,3,sisi_2,"sisi_1,sisi_2,sisi_3",,valid_but_n_sides_3_exceeds_normal_2,"lnk-0,lnk-1",warn
DAMIMAS_A21B_0453,7,B4,4,3,1,2,3,sisi_3,"sisi_2,sisi_3,sisi_4",,valid_but_n_sides_3_exceeds_normal_2,"lnk-6,lnk-7",warn
DAMIMAS_A21B_0454,4,B2,4,3,1,2,3,sisi_2,"sisi_1,sisi_2,sisi_3",,valid_but_n_sides_3_exceeds_normal_2,"lnk-0,lnk-1",warn
DAMIMAS_A21B_0459,1,B1,4,3,1,2,3,sisi_1,"sisi_1,sisi_2,sisi_4",,valid_but_n_sides_3_exceeds_normal_2,"lnk-0,lnk-1",warn
DAMIMAS_A21B_0459,4,B2,4,3,1,2,3,sisi_2,"sisi_1,sisi_2,sisi_3",,valid_but_n_sides_3_exceeds_normal_2,"lnk-2,lnk-3",warn
DAMIMAS_A21B_0460,10,B3,4,3,1,2,3,sisi_3,"sisi_2,sisi_3,sisi_4",,valid_but_n_sides_3_exceeds_normal_2,"lnk-5,lnk-6",warn
DAMIMAS_A21B_0462,1,B3,4,3,1,2,3,sisi_1,"sisi_1,sisi_2,sisi_4",,valid_but_n_sides_3_exceeds_normal_2,"lnk-1,lnk-2",warn
DAMIMAS_A21B_0463,8,B1,4,3,1,2,3,sisi_3,"sisi_2,sisi_3,sisi_4",,valid_but_n_sides_3_exceeds_normal_2,"lnk-5,lnk-6",warn
DAMIMAS_A21B_0465,2,B1,4,3,1,2,3,sisi_4,"sisi_1,sisi_3,sisi_4",,valid_but_n_sides_3_exceeds_normal_2,"lnk-1,lnk-2",warn
DAMIMAS_A21B_0465,5,B2,4,3,1,2,3,sisi_3,"sisi_2,sisi_3,sisi_4",,valid_but_n_sides_3_exceeds_normal_2,"lnk-4,lnk-5",warn
DAMIMAS_A21B_0470,5,B3,4,3,1,2,3,sisi_4,"sisi_1,sisi_3,sisi_4",,valid_but_n_sides_3_exceeds_normal_2,"lnk-4,lnk-5",warn
DAMIMAS_A21B_0470,7,B1,4,3,1,2,3,sisi_3,"sisi_2,sisi_3,sisi_4",,valid_but_n_sides_3_exceeds_normal_2,"lnk-6,lnk-7",warn
DAMIMAS_A21B_0473,1,B1,4,3,1,2,3,sisi_4,"sisi_1,sisi_3,sisi_4",,valid_but_n_sides_3_exceeds_normal_2,"lnk-1,lnk-2",warn
DAMIMAS_A21B_0474,5,B3,4,3,1,2,3,sisi_2,"sisi_1,sisi_2,sisi_3",,valid_but_n_sides_3_exceeds_normal_2,"lnk-3,lnk-4",warn
DAMIMAS_A21B_0478,2,B1,4,3,1,2,3,sisi_2,"sisi_1,sisi_2,sisi_3",,valid_but_n_sides_3_exceeds_normal_2,"lnk-0,lnk-1",warn
DAMIMAS_A21B_0479,3,B2,4,3,1,2,3,sisi_4,"sisi_1,sisi_3,sisi_4",,valid_but_n_sides_3_exceeds_normal_2,"lnk-6,lnk-7",warn
DAMIMAS_A21B_0479,6,B3,4,3,1,2,3,sisi_2,"sisi_1,sisi_2,sisi_3",,valid_but_n_sides_3_exceeds_normal_2,"lnk-1,lnk-2",warn
DAMIMAS_A21B_0480,3,B3,4,3,1,2,3,sisi_4,"sisi_1,sisi_3,sisi_4",,valid_but_n_sides_3_exceeds_normal_2,"lnk-3,lnk-4",warn
DAMIMAS_A21B_0481,2,B3,4,3,1,2,3,sisi_2,"sisi_1,sisi_2,sisi_3",,valid_but_n_sides_3_exceeds_normal_2,"lnk-1,lnk-2",warn
DAMIMAS_A21B_0483,10,B2,4,3,1,2,3,sisi_3,"sisi_2,sisi_3,sisi_4",,valid_but_n_sides_3_exceeds_normal_2,"lnk-5,lnk-6",warn
DAMIMAS_A21B_0484,1,B2,4,3,1,2,3,sisi_1,"sisi_1,sisi_2,sisi_4",,valid_but_n_sides_3_exceeds_normal_2,"lnk-0,lnk-1",warn
DAMIMAS_A21B_0485,3,B3,4,3,1,2,3,sisi_1,"sisi_1,sisi_2,sisi_4",,valid_but_n_sides_3_exceeds_normal_2,"lnk-1,lnk-2",warn
DAMIMAS_A21B_0485,6,B2,4,3,1,2,3,sisi_3,"sisi_2,sisi_3,sisi_4",,valid_but_n_sides_3_exceeds_normal_2,"lnk-4,lnk-5",warn
DAMIMAS_A21B_0486,1,B3,4,3,1,2,3,sisi_4,"sisi_1,sisi_3,sisi_4",,valid_but_n_sides_3_exceeds_normal_2,"lnk-6,lnk-7",warn
DAMIMAS_A21B_0486,3,B4,4,3,1,2,3,sisi_4,"sisi_1,sisi_3,sisi_4",,valid_but_n_sides_3_exceeds_normal_2,"lnk-4,lnk-5",warn
DAMIMAS_A21B_0486,4,B2,4,3,1,2,3,sisi_4,"sisi_1,sisi_3,sisi_4",,valid_but_n_sides_3_exceeds_normal_2,"lnk-8,lnk-9",warn
DAMIMAS_A21B_0486,5,B1,4,3,1,2,3,sisi_2,"sisi_1,sisi_2,sisi_3",,valid_but_n_sides_3_exceeds_normal_2,"lnk-0,lnk-1",warn
DAMIMAS_A21B_0487,5,B2,4,3,1,2,3,sisi_2,"sisi_1,sisi_2,sisi_3",,valid_but_n_sides_3_exceeds_normal_2,"lnk-0,lnk-1",warn
DAMIMAS_A21B_0487,7,B3,4,3,1,2,3,sisi_3,"sisi_2,sisi_3,sisi_4",,valid_but_n_sides_3_exceeds_normal_2,"lnk-7,lnk-8",warn
DAMIMAS_A21B_0488,3,B2,4,3,1,2,3,sisi_4,"sisi_1,sisi_3,sisi_4",,valid_but_n_sides_3_exceeds_normal_2,"lnk-3,lnk-4",warn
DAMIMAS_A21B_0489,8,B3,4,3,1,2,3,sisi_3,"sisi_2,sisi_3,sisi_4",,valid_but_n_sides_3_exceeds_normal_2,"lnk-6,lnk-7",warn
DAMIMAS_A21B_0490,7,B1,4,3,1,2,3,sisi_3,"sisi_2,sisi_3,sisi_4",,valid_but_n_sides_3_exceeds_normal_2,"lnk-7,lnk-8",warn
DAMIMAS_A21B_0493,6,B2,4,3,1,2,3,sisi_3,"sisi_2,sisi_3,sisi_4",,valid_but_n_sides_3_exceeds_normal_2,"lnk-6,lnk-7",warn
DAMIMAS_A21B_0498,3,B4,4,3,1,2,3,sisi_1,"sisi_1,sisi_2,sisi_4",,valid_but_n_sides_3_exceeds_normal_2,"lnk-3,lnk-4",warn
DAMIMAS_A21B_0499,4,B1,4,3,1,2,3,sisi_2,"sisi_1,sisi_2,sisi_3",,valid_but_n_sides_3_exceeds_normal_2,"lnk-0,lnk-1",warn
DAMIMAS_A21B_0501,1,B2,4,3,1,2,3,sisi_2,"sisi_1,sisi_2,sisi_3",,valid_but_n_sides_3_exceeds_normal_2,"lnk-0,lnk-1",warn
DAMIMAS_A21B_0501,7,B4,4,3,1,2,3,sisi_4,"sisi_1,sisi_3,sisi_4",,valid_but_n_sides_3_exceeds_normal_2,"lnk-7,lnk-8",warn
DAMIMAS_A21B_0502,1,B2,4,3,1,2,3,sisi_1,"sisi_1,sisi_2,sisi_4",,valid_but_n_sides_3_exceeds_normal_2,"lnk-0,lnk-1",warn
DAMIMAS_A21B_0502,7,B4,4,3,1,2,3,sisi_1,"sisi_1,sisi_2,sisi_4",,valid_but_n_sides_3_exceeds_normal_2,"lnk-4,lnk-5",warn
DAMIMAS_A21B_0503,2,B2,4,3,1,2,3,sisi_1,"sisi_1,sisi_2,sisi_4",,valid_but_n_sides_3_exceeds_normal_2,"lnk-1,lnk-2",warn
DAMIMAS_A21B_0503,10,B2,4,3,1,2,3,sisi_3,"sisi_2,sisi_3,sisi_4",,valid_but_n_sides_3_exceeds_normal_2,"lnk-8,lnk-9",warn
DAMIMAS_A21B_0504,5,B3,4,3,1,2,3,sisi_2,"sisi_1,sisi_2,sisi_3",,valid_but_n_sides_3_exceeds_normal_2,"lnk-0,lnk-1",warn
DAMIMAS_A21B_0506,5,B1,4,3,1,2,3,sisi_2,"sisi_1,sisi_2,sisi_3",,valid_but_n_sides_3_exceeds_normal_2,"lnk-0,lnk-1",warn
DAMIMAS_A21B_0510,1,B2,4,3,1,2,3,sisi_1,"sisi_1,sisi_2,sisi_4",,valid_but_n_sides_3_exceeds_normal_2,"lnk-1,lnk-2",warn
DAMIMAS_A21B_0511,1,B1,4,3,1,2,3,sisi_4,"sisi_1,sisi_3,sisi_4",,valid_but_n_sides_3_exceeds_normal_2,"lnk-2,lnk-3",warn
DAMIMAS_A21B_0511,3,B3,4,3,1,2,3,sisi_4,"sisi_1,sisi_3,sisi_4",,valid_but_n_sides_3_exceeds_normal_2,"lnk-5,lnk-6",warn
DAMIMAS_A21B_0512,1,B1,4,3,1,2,3,sisi_4,"sisi_1,sisi_3,sisi_4",,valid_but_n_sides_3_exceeds_normal_2,"lnk-4,lnk-5",warn
DAMIMAS_A21B_0518,3,B4,4,3,1,2,3,sisi_1,"sisi_1,sisi_2,sisi_4",,valid_but_n_sides_3_exceeds_normal_2,"lnk-3,lnk-4",warn
DAMIMAS_A21B_0520,2,B2,4,3,1,2,3,sisi_1,"sisi_1,sisi_2,sisi_4",,valid_but_n_sides_3_exceeds_normal_2,"lnk-1,lnk-2",warn
DAMIMAS_A21B_0520,3,B1,4,3,1,2,3,sisi_4,"sisi_1,sisi_3,sisi_4",,valid_but_n_sides_3_exceeds_normal_2,"lnk-3,lnk-4",warn
DAMIMAS_A21B_0521,2,B4,4,3,1,2,3,sisi_2,"sisi_1,sisi_2,sisi_3",,valid_but_n_sides_3_exceeds_normal_2,"lnk-0,lnk-1",warn
DAMIMAS_A21B_0531,4,B3,4,3,1,2,3,sisi_2,"sisi_1,sisi_2,sisi_3",,valid_but_n_sides_3_exceeds_normal_2,"lnk-2,lnk-3",warn
DAMIMAS_A21B_0532,4,B1,4,3,1,2,3,sisi_2,"sisi_1,sisi_2,sisi_3",,valid_but_n_sides_3_exceeds_normal_2,"lnk-0,lnk-1",warn
DAMIMAS_A21B_0534,1,B1,4,3,1,2,3,sisi_1,"sisi_1,sisi_2,sisi_4",,valid_but_n_sides_3_exceeds_normal_2,"lnk-0,lnk-1",warn
DAMIMAS_A21B_0534,7,B3,4,3,1,2,3,sisi_3,"sisi_2,sisi_3,sisi_4",,valid_but_n_sides_3_exceeds_normal_2,"lnk-7,lnk-8",warn
DAMIMAS_A21B_0535,5,B1,4,3,1,2,3,sisi_2,"sisi_1,sisi_2,sisi_3",,valid_but_n_sides_3_exceeds_normal_2,"lnk-0,lnk-1",warn
DAMIMAS_A21B_0537,5,B1,4,3,1,2,3,sisi_4,"sisi_1,sisi_3,sisi_4",,valid_but_n_sides_3_exceeds_normal_2,"lnk-2,lnk-3",warn
DAMIMAS_A21B_0537,7,B3,4,3,1,2,3,sisi_3,"sisi_2,sisi_3,sisi_4",,valid_but_n_sides_3_exceeds_normal_2,"lnk-5,lnk-6",warn
DAMIMAS_A21B_0539,3,B3,4,3,1,2,3,sisi_4,"sisi_1,sisi_3,sisi_4",,valid_but_n_sides_3_exceeds_normal_2,"lnk-4,lnk-5",warn
DAMIMAS_A21B_0540,1,B1,4,3,1,2,3,sisi_2,"sisi_1,sisi_2,sisi_3",,valid_but_n_sides_3_exceeds_normal_2,"lnk-0,lnk-1",warn
DAMIMAS_A21B_0542,5,B4,4,3,1,2,3,sisi_2,"sisi_1,sisi_2,sisi_3",,valid_but_n_sides_3_exceeds_normal_2,"lnk-0,lnk-1",warn
DAMIMAS_A21B_0545,2,B3,4,3,1,2,3,sisi_2,"sisi_1,sisi_2,sisi_3",,valid_but_n_sides_3_exceeds_normal_2,"lnk-0,lnk-1",warn
DAMIMAS_A21B_0545,6,B3,4,3,1,2,3,sisi_3,"sisi_2,sisi_3,sisi_4",,valid_but_n_sides_3_exceeds_normal_2,"lnk-5,lnk-6",warn
DAMIMAS_A21B_0547,7,B2,4,3,1,2,3,sisi_2,"sisi_1,sisi_2,sisi_3",,valid_but_n_sides_3_exceeds_normal_2,"lnk-1,lnk-2",warn
DAMIMAS_A21B_0550,6,B2,4,3,1,2,3,sisi_4,"sisi_1,sisi_3,sisi_4",,valid_but_n_sides_3_exceeds_normal_2,"lnk-8,lnk-9",warn
DAMIMAS_A21B_0550,9,B2,4,3,1,2,3,sisi_3,"sisi_2,sisi_3,sisi_4",,valid_but_n_sides_3_exceeds_normal_2,"lnk-3,lnk-4",warn
DAMIMAS_A21B_0551,7,B2,4,3,1,2,3,sisi_2,"sisi_1,sisi_2,sisi_3",,valid_but_n_sides_3_exceeds_normal_2,"lnk-1,lnk-2",warn
DAMIMAS_A21B_0551,9,B3,4,3,1,2,3,sisi_3,"sisi_2,sisi_3,sisi_4",,valid_but_n_sides_3_exceeds_normal_2,"lnk-7,lnk-8",warn
DAMIMAS_A21B_0551,11,B1,4,3,1,2,3,sisi_3,"sisi_2,sisi_3,sisi_4",,valid_but_n_sides_3_exceeds_normal_2,"lnk-5,lnk-6",warn
DAMIMAS_A21B_0552,3,B1,4,3,1,2,3,sisi_4,"sisi_1,sisi_3,sisi_4",,valid_but_n_sides_3_exceeds_normal_2,"lnk-5,lnk-6",warn
DAMIMAS_A21B_0552,4,B2,4,3,1,2,3,sisi_1,"sisi_1,sisi_2,sisi_4",,valid_but_n_sides_3_exceeds_normal_2,"lnk-1,lnk-2",warn
DAMIMAS_A21B_0553,1,B1,4,3,1,2,3,sisi_1,"sisi_1,sisi_2,sisi_4",,valid_but_n_sides_3_exceeds_normal_2,"lnk-0,lnk-1",warn
DAMIMAS_A21B_0555,4,B2,4,3,1,2,3,sisi_2,"sisi_1,sisi_2,sisi_3",,valid_but_n_sides_3_exceeds_normal_2,"lnk-0,lnk-1",warn
DAMIMAS_A21B_0557,5,B1,4,3,1,2,3,sisi_3,"sisi_2,sisi_3,sisi_4",,valid_but_n_sides_3_exceeds_normal_2,"lnk-2,lnk-3",warn
DAMIMAS_A21B_0558,1,B2,4,3,1,2,3,sisi_1,"sisi_1,sisi_2,sisi_4",,valid_but_n_sides_3_exceeds_normal_2,"lnk-2,lnk-3",warn
DAMIMAS_A21B_0558,5,B2,4,3,1,2,3,sisi_4,"sisi_1,sisi_3,sisi_4",,valid_but_n_sides_3_exceeds_normal_2,"lnk-10,lnk-9",warn
DAMIMAS_A21B_0558,7,B2,4,3,1,2,3,sisi_3,"sisi_2,sisi_3,sisi_4",,valid_but_n_sides_3_exceeds_normal_2,"lnk-5,lnk-6",warn
DAMIMAS_A21B_0562,8,B2,4,3,1,2,3,sisi_3,"sisi_2,sisi_3,sisi_4",,valid_but_n_sides_3_exceeds_normal_2,"lnk-3,lnk-4",warn
DAMIMAS_A21B_0566,1,B2,4,3,1,2,3,sisi_1,"sisi_1,sisi_2,sisi_4",,valid_but_n_sides_3_exceeds_normal_2,"lnk-0,lnk-1",warn
DAMIMAS_A21B_0569,6,B1,4,3,1,2,3,sisi_3,"sisi_2,sisi_3,sisi_4",,valid_but_n_sides_3_exceeds_normal_2,"lnk-3,lnk-4",warn
DAMIMAS_A21B_0702,2,B3,4,3,1,2,3,sisi_2,"sisi_1,sisi_2,sisi_3",,valid_but_n_sides_3_exceeds_normal_2,"lnk-0,lnk-1",warn
DAMIMAS_A21B_0702,7,B3,4,3,1,2,3,sisi_3,"sisi_2,sisi_3,sisi_4",,valid_but_n_sides_3_exceeds_normal_2,"lnk-4,lnk-5",warn
DAMIMAS_A21B_0704,1,B2,4,3,1,2,3,sisi_1,"sisi_1,sisi_2,sisi_4",,valid_but_n_sides_3_exceeds_normal_2,"lnk-0,lnk-10",warn
DAMIMAS_A21B_0704,6,B3,4,3,1,2,3,sisi_4,"sisi_1,sisi_3,sisi_4",,valid_but_n_sides_3_exceeds_normal_2,"lnk-11,lnk-9",warn
DAMIMAS_A21B_0707,5,B3,4,3,1,2,3,sisi_2,"sisi_1,sisi_2,sisi_3",,valid_but_n_sides_3_exceeds_normal_2,"lnk-3,lnk-4",warn
DAMIMAS_A21B_0708,1,B1,4,3,1,2,3,sisi_2,"sisi_1,sisi_2,sisi_3",,valid_but_n_sides_3_exceeds_normal_2,"lnk-0,lnk-1",warn
DAMIMAS_A21B_0708,3,B3,4,3,1,2,3,sisi_2,"sisi_1,sisi_2,sisi_3",,valid_but_n_sides_3_exceeds_normal_2,"lnk-2,lnk-3",warn
DAMIMAS_A21B_0708,10,B3,4,3,1,2,3,sisi_3,"sisi_2,sisi_3,sisi_4",,valid_but_n_sides_3_exceeds_normal_2,"lnk-7,lnk-8",warn
DAMIMAS_A21B_0710,2,B2,4,3,1,2,3,sisi_4,"sisi_1,sisi_3,sisi_4",,valid_but_n_sides_3_exceeds_normal_2,"lnk-10,lnk-9",warn
DAMIMAS_A21B_0711,2,B3,4,3,1,2,3,sisi_1,"sisi_1,sisi_2,sisi_4",,valid_but_n_sides_3_exceeds_normal_2,"lnk-1,lnk-2",warn
DAMIMAS_A21B_0711,6,B2,4,3,1,2,3,sisi_2,"sisi_1,sisi_2,sisi_3",,valid_but_n_sides_3_exceeds_normal_2,"lnk-3,lnk-4",warn
DAMIMAS_A21B_0712,8,B3,4,3,1,2,3,sisi_3,"sisi_2,sisi_3,sisi_4",,valid_but_n_sides_3_exceeds_normal_2,"lnk-2,lnk-3",warn
DAMIMAS_A21B_0713,5,B3,4,3,1,2,3,sisi_4,"sisi_1,sisi_3,sisi_4",,valid_but_n_sides_3_exceeds_normal_2,"lnk-4,lnk-5",warn
DAMIMAS_A21B_0716,2,B3,4,3,1,2,3,sisi_1,"sisi_1,sisi_2,sisi_4",,valid_but_n_sides_3_exceeds_normal_2,"lnk-2,lnk-3",warn
DAMIMAS_A21B_0717,6,B1,4,3,1,2,3,sisi_3,"sisi_2,sisi_3,sisi_4",,valid_but_n_sides_3_exceeds_normal_2,"lnk-1,lnk-2",warn
DAMIMAS_A21B_0720,3,B3,4,3,1,2,3,sisi_1,"sisi_1,sisi_2,sisi_4",,valid_but_n_sides_3_exceeds_normal_2,"lnk-4,lnk-5",warn
DAMIMAS_A21B_0720,5,B1,4,3,1,2,3,sisi_2,"sisi_1,sisi_2,sisi_3",,valid_but_n_sides_3_exceeds_normal_2,"lnk-2,lnk-3",warn
DAMIMAS_A21B_0720,6,B3,4,3,1,2,3,sisi_2,"sisi_1,sisi_2,sisi_3",,valid_but_n_sides_3_exceeds_normal_2,"lnk-0,lnk-1",warn
DAMIMAS_A21B_0721,9,B3,4,3,1,2,3,sisi_3,"sisi_2,sisi_3,sisi_4",,valid_but_n_sides_3_exceeds_normal_2,"lnk-6,lnk-7",warn
DAMIMAS_A21B_0723,11,B2,4,3,1,2,3,sisi_3,"sisi_2,sisi_3,sisi_4",,valid_but_n_sides_3_exceeds_normal_2,"lnk-5,lnk-6",warn
DAMIMAS_A21B_0723,12,B3,4,3,1,2,3,sisi_3,"sisi_2,sisi_3,sisi_4",,valid_but_n_sides_3_exceeds_normal_2,"lnk-7,lnk-8",warn
DAMIMAS_A21B_0723,14,B4,4,3,1,2,3,sisi_3,"sisi_2,sisi_3,sisi_4",,valid_but_n_sides_3_exceeds_normal_2,"lnk-10,lnk-11",warn
DAMIMAS_A21B_0724,1,B1,4,3,1,2,3,sisi_2,"sisi_1,sisi_2,sisi_3",,valid_but_n_sides_3_exceeds_normal_2,"lnk-3,lnk-4",warn
DAMIMAS_A21B_0724,2,B4,4,3,1,2,3,sisi_1,"sisi_1,sisi_2,sisi_4",,valid_but_n_sides_3_exceeds_normal_2,"lnk-1,lnk-2",warn
DAMIMAS_A21B_0724,4,B3,4,3,1,2,3,sisi_3,"sisi_2,sisi_3,sisi_4",,valid_but_n_sides_3_exceeds_normal_2,"lnk-6,lnk-7",warn
DAMIMAS_A21B_0729,3,B3,4,3,1,2,3,sisi_2,"sisi_1,sisi_2,sisi_3",,valid_but_n_sides_3_exceeds_normal_2,"lnk-2,lnk-3",warn
DAMIMAS_A21B_0729,7,B1,4,3,1,2,3,sisi_4,"sisi_1,sisi_3,sisi_4",,valid_but_n_sides_3_exceeds_normal_2,"lnk-8,lnk-9",warn
DAMIMAS_A21B_0731,3,B3,4,3,1,2,3,sisi_4,"sisi_1,sisi_3,sisi_4",,valid_but_n_sides_3_exceeds_normal_2,"lnk-3,lnk-4",warn
DAMIMAS_A21B_0735,6,B3,4,3,1,2,3,sisi_3,"sisi_2,sisi_3,sisi_4",,valid_but_n_sides_3_exceeds_normal_2,"lnk-2,lnk-3",warn
DAMIMAS_A21B_0737,2,B3,4,3,1,2,3,sisi_2,"sisi_1,sisi_2,sisi_3",,valid_but_n_sides_3_exceeds_normal_2,"lnk-1,lnk-2",warn
DAMIMAS_A21B_0737,5,B3,4,3,1,2,3,sisi_3,"sisi_2,sisi_3,sisi_4",,valid_but_n_sides_3_exceeds_normal_2,"lnk-3,lnk-4",warn
DAMIMAS_A21B_0741,1,B2,4,3,1,2,3,sisi_1,"sisi_1,sisi_2,sisi_4",,valid_but_n_sides_3_exceeds_normal_2,"lnk-0,lnk-1",warn
DAMIMAS_A21B_0741,6,B3,4,3,1,2,3,sisi_4,"sisi_1,sisi_3,sisi_4",,valid_but_n_sides_3_exceeds_normal_2,"lnk-8,lnk-9",warn
DAMIMAS_A21B_0742,4,B3,4,3,1,2,3,sisi_3,"sisi_2,sisi_3,sisi_4",,valid_but_n_sides_3_exceeds_normal_2,"lnk-3,lnk-4",warn
DAMIMAS_A21B_0747,5,B4,4,3,1,2,3,sisi_1,"sisi_1,sisi_2,sisi_4",,valid_but_n_sides_3_exceeds_normal_2,"lnk-3,lnk-4",warn
DAMIMAS_A21B_0747,12,B2,4,3,1,2,3,sisi_3,"sisi_2,sisi_3,sisi_4",,valid_but_n_sides_3_exceeds_normal_2,"lnk-6,lnk-7",warn
DAMIMAS_A21B_0751,8,B3,4,3,1,2,3,sisi_3,"sisi_2,sisi_3,sisi_4",,valid_but_n_sides_3_exceeds_normal_2,"lnk-6,lnk-7",warn
DAMIMAS_A21B_0751,9,B2,4,3,1,2,3,sisi_3,"sisi_2,sisi_3,sisi_4",,valid_but_n_sides_3_exceeds_normal_2,"lnk-3,lnk-4",warn
DAMIMAS_A21B_0752,3,B1,4,3,1,2,3,sisi_4,"sisi_1,sisi_3,sisi_4",,valid_but_n_sides_3_exceeds_normal_2,"lnk-3,lnk-4",warn
DAMIMAS_A21B_0753,1,B1,4,3,1,2,3,sisi_2,"sisi_1,sisi_2,sisi_3",,valid_but_n_sides_3_exceeds_normal_2,"lnk-0,lnk-1",warn
DAMIMAS_A21B_0755,2,B1,4,3,1,2,3,sisi_1,"sisi_1,sisi_2,sisi_4",,valid_but_n_sides_3_exceeds_normal_2,"lnk-0,lnk-1",warn
DAMIMAS_A21B_0756,8,B3,4,3,1,2,3,sisi_3,"sisi_2,sisi_3,sisi_4",,valid_but_n_sides_3_exceeds_normal_2,"lnk-3,lnk-4",warn
DAMIMAS_A21B_0757,3,B3,4,3,1,2,3,sisi_1,"sisi_1,sisi_2,sisi_4",,valid_but_n_sides_3_exceeds_normal_2,"lnk-0,lnk-1",warn
DAMIMAS_A21B_0759,3,B3,4,3,1,2,3,sisi_1,"sisi_1,sisi_2,sisi_4",,valid_but_n_sides_3_exceeds_normal_2,"lnk-2,lnk-3",warn
DAMIMAS_A21B_0759,7,B3,4,3,1,2,3,sisi_3,"sisi_2,sisi_3,sisi_4",,valid_but_n_sides_3_exceeds_normal_2,"lnk-4,lnk-5",warn
DAMIMAS_A21B_0760,2,B4,4,3,1,2,3,sisi_2,"sisi_1,sisi_2,sisi_3",,valid_but_n_sides_3_exceeds_normal_2,"lnk-0,lnk-1",warn
DAMIMAS_A21B_0760,3,B3,4,3,1,2,3,sisi_1,"sisi_1,sisi_2,sisi_4",,valid_but_n_sides_3_exceeds_normal_2,"lnk-3,lnk-4",warn
DAMIMAS_A21B_0763,1,B3,4,3,1,2,3,sisi_4,"sisi_1,sisi_3,sisi_4",,valid_but_n_sides_3_exceeds_normal_2,"lnk-0,lnk-1",warn
DAMIMAS_A21B_0765,7,B3,4,3,1,2,3,sisi_3,"sisi_2,sisi_3,sisi_4",,valid_but_n_sides_3_exceeds_normal_2,"lnk-3,lnk-4",warn
DAMIMAS_A21B_0767,6,B1,4,3,1,2,3,sisi_3,"sisi_2,sisi_3,sisi_4",,valid_but_n_sides_3_exceeds_normal_2,"lnk-2,lnk-3",warn
DAMIMAS_A21B_0768,7,B1,4,3,1,2,3,sisi_3,"sisi_2,sisi_3,sisi_4",,valid_but_n_sides_3_exceeds_normal_2,"lnk-1,lnk-2",warn
DAMIMAS_A21B_0771,7,B2,4,3,1,2,3,sisi_3,"sisi_2,sisi_3,sisi_4",,valid_but_n_sides_3_exceeds_normal_2,"lnk-2,lnk-3",warn
DAMIMAS_A21B_0772,2,B1,4,3,1,2,3,sisi_4,"sisi_1,sisi_3,sisi_4",,valid_but_n_sides_3_exceeds_normal_2,"lnk-2,lnk-3",warn
DAMIMAS_A21B_0773,1,B1,4,3,1,2,3,sisi_4,"sisi_1,sisi_3,sisi_4",,valid_but_n_sides_3_exceeds_normal_2,"lnk-4,lnk-5",warn
DAMIMAS_A21B_0773,5,B3,4,3,1,2,3,sisi_2,"sisi_1,sisi_2,sisi_3",,valid_but_n_sides_3_exceeds_normal_2,"lnk-1,lnk-2",warn
DAMIMAS_A21B_0775,5,B2,4,3,1,2,3,sisi_2,"sisi_1,sisi_2,sisi_3",,valid_but_n_sides_3_exceeds_normal_2,"lnk-0,lnk-1",warn
DAMIMAS_A21B_0776,4,B2,4,3,1,2,3,sisi_3,"sisi_2,sisi_3,sisi_4",,valid_but_n_sides_3_exceeds_normal_2,"lnk-4,lnk-5",warn
DAMIMAS_A21B_0777,1,B1,4,3,1,2,3,sisi_1,"sisi_1,sisi_2,sisi_4",,valid_but_n_sides_3_exceeds_normal_2,"lnk-0,lnk-1",warn
DAMIMAS_A21B_0777,3,B4,4,3,1,2,3,sisi_1,"sisi_1,sisi_2,sisi_4",,valid_but_n_sides_3_exceeds_normal_2,"lnk-2,lnk-3",warn
DAMIMAS_A21B_0777,4,B1,4,3,1,2,3,sisi_4,"sisi_1,sisi_3,sisi_4",,valid_but_n_sides_3_exceeds_normal_2,"lnk-6,lnk-7",warn
DAMIMAS_A21B_0779,1,B2,4,3,1,2,3,sisi_4,"sisi_1,sisi_3,sisi_4",,valid_but_n_sides_3_exceeds_normal_2,"lnk-4,lnk-5",warn
DAMIMAS_A21B_0779,3,B1,4,3,1,2,3,sisi_2,"sisi_1,sisi_2,sisi_3",,valid_but_n_sides_3_exceeds_normal_2,"lnk-0,lnk-1",warn
DAMIMAS_A21B_0781,2,B2,4,3,1,2,3,sisi_2,"sisi_1,sisi_2,sisi_3",,valid_but_n_sides_3_exceeds_normal_2,"lnk-0,lnk-1",warn
DAMIMAS_A21B_0781,6,B3,4,3,1,2,3,sisi_3,"sisi_2,sisi_3,sisi_4",,valid_but_n_sides_3_exceeds_normal_2,"lnk-4,lnk-5",warn
DAMIMAS_A21B_0782,2,B3,4,3,1,2,3,sisi_2,"sisi_1,sisi_2,sisi_3",,valid_but_n_sides_3_exceeds_normal_2,"lnk-0,lnk-1",warn
DAMIMAS_A21B_0783,1,B1,4,3,1,2,3,sisi_4,"sisi_1,sisi_3,sisi_4",,valid_but_n_sides_3_exceeds_normal_2,"lnk-5,lnk-6",warn
DAMIMAS_A21B_0783,4,B3,4,3,1,2,3,sisi_4,"sisi_1,sisi_3,sisi_4",,valid_but_n_sides_3_exceeds_normal_2,"lnk-7,lnk-8",warn
DAMIMAS_A21B_0784,3,B2,4,3,1,2,3,sisi_4,"sisi_1,sisi_3,sisi_4",,valid_but_n_sides_3_exceeds_normal_2,"lnk-2,lnk-3",warn
DAMIMAS_A21B_0785,2,B3,4,3,1,2,3,sisi_1,"sisi_1,sisi_2,sisi_4",,valid_but_n_sides_3_exceeds_normal_2,"lnk-0,lnk-1",warn
DAMIMAS_A21B_0785,3,B2,4,3,1,2,3,sisi_4,"sisi_1,sisi_3,sisi_4",,valid_but_n_sides_3_exceeds_normal_2,"lnk-5,lnk-6",warn
DAMIMAS_A21B_0785,5,B3,4,3,1,2,3,sisi_3,"sisi_2,sisi_3,sisi_4",,valid_but_n_sides_3_exceeds_normal_2,"lnk-2,lnk-3",warn
DAMIMAS_A21B_0787,5,B2,4,3,1,2,3,sisi_3,"sisi_2,sisi_3,sisi_4",,valid_but_n_sides_3_exceeds_normal_2,"lnk-1,lnk-2",warn
DAMIMAS_A21B_0796,1,B3,4,3,1,2,3,sisi_1,"sisi_1,sisi_2,sisi_4",,valid_but_n_sides_3_exceeds_normal_2,"lnk-0,lnk-1",warn
DAMIMAS_A21B_0796,4,B3,4,3,1,2,3,sisi_3,"sisi_2,sisi_3,sisi_4",,valid_but_n_sides_3_exceeds_normal_2,"lnk-3,lnk-4",warn
DAMIMAS_A21B_0798,6,B2,4,3,1,2,3,sisi_3,"sisi_2,sisi_3,sisi_4",,valid_but_n_sides_3_exceeds_normal_2,"lnk-4,lnk-5",warn
DAMIMAS_A21B_0800,5,B2,4,3,1,2,3,sisi_3,"sisi_2,sisi_3,sisi_4",,valid_but_n_sides_3_exceeds_normal_2,"lnk-3,lnk-4",warn
DAMIMAS_A21B_0801,4,B4,4,3,1,2,3,sisi_2,"sisi_1,sisi_2,sisi_3",,valid_but_n_sides_3_exceeds_normal_2,"lnk-4,lnk-5",warn
DAMIMAS_A21B_0801,5,B3,4,3,1,2,3,sisi_1,"sisi_1,sisi_2,sisi_4",,valid_but_n_sides_3_exceeds_normal_2,"lnk-1,lnk-2",warn
DAMIMAS_A21B_0805,3,B3,4,3,1,2,3,sisi_4,"sisi_1,sisi_3,sisi_4",,valid_but_n_sides_3_exceeds_normal_2,"lnk-11,lnk-12",warn
DAMIMAS_A21B_0805,4,B4,4,3,1,2,3,sisi_2,"sisi_1,sisi_2,sisi_3",,valid_but_n_sides_3_exceeds_normal_2,"lnk-3,lnk-4",warn
DAMIMAS_A21B_0805,6,B1,4,3,1,2,3,sisi_2,"sisi_1,sisi_2,sisi_3",,valid_but_n_sides_3_exceeds_normal_2,"lnk-0,lnk-1",warn
DAMIMAS_A21B_0805,8,B2,4,3,1,2,3,sisi_3,"sisi_2,sisi_3,sisi_4",,valid_but_n_sides_3_exceeds_normal_2,"lnk-5,lnk-6",warn
DAMIMAS_A21B_0805,9,B4,4,3,1,2,3,sisi_3,"sisi_2,sisi_3,sisi_4",,valid_but_n_sides_3_exceeds_normal_2,"lnk-8,lnk-9",warn
DAMIMAS_A21B_0808,4,B1,4,3,1,2,3,sisi_2,"sisi_1,sisi_2,sisi_3",,valid_but_n_sides_3_exceeds_normal_2,"lnk-0,lnk-1",warn
DAMIMAS_A21B_0808,7,B2,4,3,1,2,3,sisi_3,"sisi_2,sisi_3,sisi_4",,valid_but_n_sides_3_exceeds_normal_2,"lnk-5,lnk-6",warn
DAMIMAS_A21B_0809,5,B1,4,3,1,2,3,sisi_1,"sisi_1,sisi_2,sisi_4",,valid_but_n_sides_3_exceeds_normal_2,"lnk-0,lnk-1",warn
DAMIMAS_A21B_0810,9,B3,8,5,3,4,6,sisi_3,"sisi_2,sisi_3,sisi_4,sisi_5,sisi_6",,valid_but_n_sides_5_exceeds_normal_4,"lnk-10,lnk-13,lnk-16,lnk-6",warn
DAMIMAS_A21B_0810,10,B2,8,5,3,4,6,sisi_4,"sisi_3,sisi_4,sisi_5,sisi_6,sisi_7",,valid_but_n_sides_5_exceeds_normal_4,"lnk-11,lnk-12,lnk-15,lnk-19",warn
DAMIMAS_A21B_0811,6,B3,8,5,3,4,6,sisi_6,"sisi_1,sisi_5,sisi_6,sisi_7,sisi_8",,valid_but_n_sides_5_exceeds_normal_4,"lnk-19,lnk-21,lnk-27,lnk-30",warn
DAMIMAS_A21B_0811,7,B3,8,6,3,4,6,sisi_6,"sisi_1,sisi_4,sisi_5,sisi_6,sisi_7,sisi_8",,valid_but_n_sides_6_exceeds_normal_4,"lnk-16,lnk-20,lnk-24,lnk-26,lnk-32",warn
DAMIMAS_A21B_0811,8,B1,8,5,3,4,6,sisi_3,"sisi_2,sisi_3,sisi_4,sisi_5,sisi_6",,valid_but_n_sides_5_exceeds_normal_4,"lnk-13,lnk-17,lnk-6,lnk-9",warn
DAMIMAS_A21B_0812,2,B3,8,5,3,4,6,sisi_1,"sisi_1,sisi_2,sisi_3,sisi_4,sisi_8",,valid_but_n_sides_5_exceeds_normal_4,"lnk-30,lnk-34,lnk-39,lnk-56",warn
DAMIMAS_A21B_0812,3,B2,8,5,3,4,6,sisi_1,"sisi_1,sisi_2,sisi_6,sisi_7,sisi_8",,valid_but_n_sides_5_exceeds_normal_4,"lnk-31,lnk-47,lnk-51,lnk-55",warn
DAMIMAS_A21B_0812,8,B1,8,5,3,4,6,sisi_4,"sisi_3,sisi_4,sisi_5,sisi_6,sisi_7",,valid_but_n_sides_5_exceeds_normal_4,"lnk-36,lnk-41,lnk-44,lnk-50",warn
DAMIMAS_A21B_0813,1,B3,8,5,3,4,6,sisi_1,"sisi_1,sisi_2,sisi_3,sisi_4,sisi_8",,valid_but_n_sides_5_exceeds_normal_4,"lnk-2,lnk-3,lnk-4,lnk-5",warn
DAMIMAS_A21B_0814,1,B3,8,5,3,4,6,sisi_2,"sisi_1,sisi_2,sisi_3,sisi_4,sisi_5",,valid_but_n_sides_5_exceeds_normal_4,"lnk-10,lnk-11,lnk-8,lnk-9",warn
DAMIMAS_A21B_0814,2,B3,8,6,3,4,6,sisi_1,"sisi_1,sisi_2,sisi_3,sisi_4,sisi_7,sisi_8",,valid_but_n_sides_6_exceeds_normal_4,"lnk-3,lnk-4,lnk-5,lnk-6,lnk-7",warn
DAMIMAS_A21B_0815,2,B3,8,5,3,4,6,sisi_2,"sisi_1,sisi_2,sisi_3,sisi_4,sisi_5",,valid_but_n_sides_5_exceeds_normal_4,"lnk-6,lnk-7,lnk-8,lnk-9",warn
DAMIMAS_A21B_0815,6,B2,8,5,3,4,6,sisi_6,"sisi_1,sisi_5,sisi_6,sisi_7,sisi_8",,valid_but_n_sides_5_exceeds_normal_4,"lnk-30,lnk-31,lnk-32,lnk-33",warn
DAMIMAS_A21B_0815,7,B3,8,5,3,4,6,sisi_3,"sisi_2,sisi_3,sisi_4,sisi_5,sisi_6",,valid_but_n_sides_5_exceeds_normal_4,"lnk-13,lnk-14,lnk-15,lnk-16",warn
DAMIMAS_A21B_0815,8,B3,8,6,3,4,6,sisi_4,"sisi_2,sisi_3,sisi_4,sisi_5,sisi_6,sisi_7",,valid_but_n_sides_6_exceeds_normal_4,"lnk-17,lnk-18,lnk-19,lnk-20,lnk-21",warn
DAMIMAS_A21B_0815,9,B1,8,5,3,4,6,sisi_4,"sisi_3,sisi_4,sisi_5,sisi_6,sisi_7",,valid_but_n_sides_5_exceeds_normal_4,"lnk-22,lnk-23,lnk-24,lnk-25",warn
DAMIMAS_A21B_0816,2,B2,8,5,3,4,6,sisi_2,"sisi_1,sisi_2,sisi_3,sisi_4,sisi_5",,valid_but_n_sides_5_exceeds_normal_4,"lnk-0,lnk-1,lnk-2,lnk-3",warn
DAMIMAS_A21B_0816,9,B1,8,5,3,4,6,sisi_4,"sisi_3,sisi_4,sisi_5,sisi_6,sisi_7",,valid_but_n_sides_5_exceeds_normal_4,"lnk-10,lnk-11,lnk-12,lnk-13",warn
DAMIMAS_A21B_0817,3,B1,8,6,3,4,6,sisi_3,"sisi_1,sisi_2,sisi_3,sisi_4,sisi_5,sisi_6",,valid_but_n_sides_6_exceeds_normal_4,"lnk-10,lnk-6,lnk-7,lnk-8,lnk-9",warn
DAMIMAS_A21B_0818,4,B2,8,5,3,4,6,sisi_1,"sisi_1,sisi_2,sisi_6,sisi_7,sisi_8",,valid_but_n_sides_5_exceeds_normal_4,"lnk-10,lnk-11,lnk-12,lnk-9",warn
DAMIMAS_A21B_0818,7,B2,8,5,3,4,6,sisi_4,"sisi_3,sisi_4,sisi_5,sisi_6,sisi_7",,valid_but_n_sides_5_exceeds_normal_4,"lnk-19,lnk-20,lnk-21,lnk-22",warn
DAMIMAS_A21B_0819,1,B3,8,5,3,4,6,sisi_6,"sisi_1,sisi_5,sisi_6,sisi_7,sisi_8",,valid_but_n_sides_5_exceeds_normal_4,"lnk-23,lnk-24,lnk-25,lnk-26",warn
DAMIMAS_A21B_0819,2,B3,8,5,3,4,6,sisi_1,"sisi_1,sisi_2,sisi_6,sisi_7,sisi_8",,valid_but_n_sides_5_exceeds_normal_4,"lnk-3,lnk-4,lnk-5,lnk-6",warn
DAMIMAS_A21B_0819,11,B2,8,5,3,4,6,sisi_4,"sisi_3,sisi_4,sisi_5,sisi_6,sisi_7",,valid_but_n_sides_5_exceeds_normal_4,"lnk-10,lnk-7,lnk-8,lnk-9",warn
DAMIMAS_A21B_0819,14,B3,8,5,3,4,6,sisi_5,"sisi_4,sisi_5,sisi_6,sisi_7,sisi_8",,valid_but_n_sides_5_exceeds_normal_4,"lnk-16,lnk-17,lnk-18,lnk-19",warn
DAMIMAS_A21B_0820,1,B3,8,5,3,4,6,sisi_1,"sisi_1,sisi_2,sisi_3,sisi_4,sisi_8",,valid_but_n_sides_5_exceeds_normal_4,"lnk-19,lnk-20,lnk-21,lnk-22",warn
DAMIMAS_A21B_0820,2,B3,8,5,3,4,6,sisi_1,"sisi_1,sisi_2,sisi_3,sisi_4,sisi_8",,valid_but_n_sides_5_exceeds_normal_4,"lnk-5,lnk-6,lnk-7,lnk-8",warn
DAMIMAS_A21B_0820,3,B2,8,6,3,4,6,sisi_7,"sisi_1,sisi_2,sisi_5,sisi_6,sisi_7,sisi_8",,valid_but_n_sides_6_exceeds_normal_4,"lnk-14,lnk-15,lnk-16,lnk-17,lnk-18",warn
DAMIMAS_A21B_0820,4,B3,8,5,3,4,6,sisi_6,"sisi_1,sisi_5,sisi_6,sisi_7,sisi_8",,valid_but_n_sides_5_exceeds_normal_4,"lnk-33,lnk-34,lnk-35,lnk-36",warn
DAMIMAS_A21B_0820,5,B3,8,6,3,4,6,sisi_1,"sisi_1,sisi_2,sisi_3,sisi_6,sisi_7,sisi_8",,valid_but_n_sides_6_exceeds_normal_4,"lnk-10,lnk-11,lnk-12,lnk-13,lnk-9",warn
DAMIMAS_A21B_0820,6,B2,8,6,3,4,6,sisi_3,"sisi_1,sisi_2,sisi_3,sisi_4,sisi_5,sisi_6",,valid_but_n_sides_6_exceeds_normal_4,"lnk-0,lnk-1,lnk-2,lnk-3,lnk-4",warn
DAMIMAS_A21B_0820,9,B3,8,5,3,4,6,sisi_5,"sisi_4,sisi_5,sisi_6,sisi_7,sisi_8",,valid_but_n_sides_5_exceeds_normal_4,"lnk-27,lnk-28,lnk-29,lnk-30",warn
DAMIMAS_A21B_0821,1,B1,8,5,3,4,6,sisi_2,"sisi_1,sisi_2,sisi_3,sisi_4,sisi_5",,valid_but_n_sides_5_exceeds_normal_4,"lnk-0,lnk-1,lnk-2,lnk-3",warn
DAMIMAS_A21B_0822,1,B3,8,5,3,4,6,sisi_1,"sisi_1,sisi_2,sisi_6,sisi_7,sisi_8",,valid_but_n_sides_5_exceeds_normal_4,"lnk-5,lnk-6,lnk-7,lnk-8",warn
DAMIMAS_A21B_0823,1,B3,8,5,3,4,6,sisi_2,"sisi_1,sisi_2,sisi_3,sisi_4,sisi_5",,valid_but_n_sides_5_exceeds_normal_4,"lnk-46,lnk-52,lnk-58,lnk-62",warn
DAMIMAS_A21B_0823,9,B3,8,5,3,4,6,sisi_3,"sisi_2,sisi_3,sisi_4,sisi_5,sisi_6",,valid_but_n_sides_5_exceeds_normal_4,"lnk-53,lnk-57,lnk-61,lnk-66",warn
DAMIMAS_A21B_0823,10,B1,8,5,3,4,6,sisi_4,"sisi_3,sisi_4,sisi_5,sisi_6,sisi_7",,valid_but_n_sides_5_exceeds_normal_4,"lnk-54,lnk-60,lnk-65,lnk-76",warn
DAMIMAS_A21B_0824,1,B1,8,5,3,4,6,sisi_1,"sisi_1,sisi_2,sisi_6,sisi_7,sisi_8",,valid_but_n_sides_5_exceeds_normal_4,"lnk-13,lnk-31,lnk-53,lnk-57",warn
DAMIMAS_A21B_0824,9,B2,8,5,3,4,6,sisi_5,"sisi_4,sisi_5,sisi_6,sisi_7,sisi_8",,valid_but_n_sides_5_exceeds_normal_4,"lnk-45,lnk-46,lnk-49,lnk-54",warn
DAMIMAS_A21B_0826,5,B2,8,5,3,4,6,sisi_5,"sisi_4,sisi_5,sisi_6,sisi_7,sisi_8",,valid_but_n_sides_5_exceeds_normal_4,"lnk-10,lnk-11,lnk-12,lnk-9",warn
DAMIMAS_A21B_0827,3,B3,8,5,3,4,6,sisi_1,"sisi_1,sisi_2,sisi_6,sisi_7,sisi_8",,valid_but_n_sides_5_exceeds_normal_4,"lnk-15,lnk-16,lnk-17,lnk-18",warn
DAMIMAS_A21B_0827,5,B3,8,6,3,4,6,sisi_3,"sisi_1,sisi_2,sisi_3,sisi_4,sisi_5,sisi_6",,valid_but_n_sides_6_exceeds_normal_4,"lnk-10,lnk-11,lnk-7,lnk-8,lnk-9",warn
DAMIMAS_A21B_0827,6,B3,8,5,3,4,6,sisi_2,"sisi_1,sisi_2,sisi_3,sisi_4,sisi_5",,valid_but_n_sides_5_exceeds_normal_4,"lnk-3,lnk-4,lnk-5,lnk-6",warn
DAMIMAS_A21B_0827,8,B1,8,5,3,4,6,sisi_4,"sisi_3,sisi_4,sisi_5,sisi_6,sisi_7",,valid_but_n_sides_5_exceeds_normal_4,"lnk-19,lnk-20,lnk-21,lnk-22",warn
DAMIMAS_A21B_0827,9,B3,8,5,3,4,6,sisi_5,"sisi_4,sisi_5,sisi_6,sisi_7,sisi_8",,valid_but_n_sides_5_exceeds_normal_4,"lnk-26,lnk-27,lnk-28,lnk-29",warn
DAMIMAS_A21B_0828,1,B2,8,5,3,4,6,sisi_1,"sisi_1,sisi_2,sisi_6,sisi_7,sisi_8",,valid_but_n_sides_5_exceeds_normal_4,"lnk-3,lnk-4,lnk-5,lnk-6",warn
DAMIMAS_A21B_0828,2,B3,8,5,3,4,6,sisi_6,"sisi_1,sisi_5,sisi_6,sisi_7,sisi_8",,valid_but_n_sides_5_exceeds_normal_4,"lnk-26,lnk-27,lnk-28,lnk-29",warn
DAMIMAS_A21B_0829,5,B2,8,5,3,4,6,sisi_2,"sisi_1,sisi_2,sisi_3,sisi_4,sisi_5",,valid_but_n_sides_5_exceeds_normal_4,"lnk-10,lnk-11,lnk-12,lnk-9",warn
DAMIMAS_A21B_0830,1,B1,8,5,3,4,6,sisi_2,"sisi_1,sisi_2,sisi_3,sisi_4,sisi_5",,valid_but_n_sides_5_exceeds_normal_4,"lnk-0,lnk-1,lnk-2,lnk-3",warn
DAMIMAS_A21B_0831,5,B3,8,5,3,4,6,sisi_2,"sisi_1,sisi_2,sisi_3,sisi_4,sisi_5",,valid_but_n_sides_5_exceeds_normal_4,"lnk-12,lnk-13,lnk-14,lnk-15",warn
DAMIMAS_A21B_0831,8,B2,8,5,3,4,6,sisi_3,"sisi_2,sisi_3,sisi_4,sisi_5,sisi_6",,valid_but_n_sides_5_exceeds_normal_4,"lnk-16,lnk-17,lnk-18,lnk-19",warn
DAMIMAS_A21B_0831,9,B3,8,5,3,4,6,sisi_4,"sisi_3,sisi_4,sisi_5,sisi_6,sisi_7",,valid_but_n_sides_5_exceeds_normal_4,"lnk-20,lnk-21,lnk-22,lnk-23",warn
DAMIMAS_A21B_0833,3,B1,8,5,3,4,6,sisi_2,"sisi_1,sisi_2,sisi_3,sisi_4,sisi_5",,valid_but_n_sides_5_exceeds_normal_4,"lnk-1,lnk-2,lnk-3,lnk-4",warn
DAMIMAS_A21B_0834,3,B2,8,5,3,4,6,sisi_2,"sisi_1,sisi_2,sisi_3,sisi_4,sisi_5",,valid_but_n_sides_5_exceeds_normal_4,"lnk-6,lnk-7,lnk-8,lnk-9",warn
DAMIMAS_A21B_0834,6,B3,8,5,3,4,6,sisi_2,"sisi_1,sisi_2,sisi_3,sisi_4,sisi_5",,valid_but_n_sides_5_exceeds_normal_4,"lnk-10,lnk-11,lnk-12,lnk-13",warn
DAMIMAS_A21B_0835,2,B3,8,5,3,4,6,sisi_1,"sisi_1,sisi_2,sisi_3,sisi_7,sisi_8",,valid_but_n_sides_5_exceeds_normal_4,"lnk-4,lnk-5,lnk-6,lnk-7",warn
DAMIMAS_A21B_0835,3,B3,8,5,3,4,6,sisi_1,"sisi_1,sisi_2,sisi_6,sisi_7,sisi_8",,valid_but_n_sides_5_exceeds_normal_4,"lnk-0,lnk-1,lnk-2,lnk-3",warn
DAMIMAS_A21B_0836,2,B1,8,5,3,4,6,sisi_1,"sisi_1,sisi_2,sisi_6,sisi_7,sisi_8",,valid_but_n_sides_5_exceeds_normal_4,"lnk-10,lnk-11,lnk-12,lnk-9",warn
DAMIMAS_A21B_0836,6,B3,8,5,3,4,6,sisi_2,"sisi_1,sisi_2,sisi_3,sisi_4,sisi_5",,valid_but_n_sides_5_exceeds_normal_4,"lnk-13,lnk-14,lnk-15,lnk-16",warn
DAMIMAS_A21B_0836,7,B2,8,5,3,4,6,sisi_4,"sisi_3,sisi_4,sisi_5,sisi_6,sisi_7",,valid_but_n_sides_5_exceeds_normal_4,"lnk-17,lnk-18,lnk-19,lnk-20",warn
DAMIMAS_A21B_0837,2,B3,8,5,3,4,6,sisi_1,"sisi_1,sisi_2,sisi_3,sisi_7,sisi_8",,valid_but_n_sides_5_exceeds_normal_4,"lnk-3,lnk-4,lnk-5,lnk-6",warn
DAMIMAS_A21B_0837,4,B1,8,5,3,4,6,sisi_6,"sisi_1,sisi_5,sisi_6,sisi_7,sisi_8",,valid_but_n_sides_5_exceeds_normal_4,"lnk-16,lnk-17,lnk-18,lnk-19",warn
DAMIMAS_A21B_0838,2,B4,8,5,3,4,6,sisi_1,"sisi_1,sisi_2,sisi_6,sisi_7,sisi_8",,valid_but_n_sides_5_exceeds_normal_4,"lnk-0,lnk-1,lnk-2,lnk-3",warn
DAMIMAS_A21B_0839,1,B1,8,5,3,4,6,sisi_1,"sisi_1,sisi_2,sisi_6,sisi_7,sisi_8",,valid_but_n_sides_5_exceeds_normal_4,"lnk-0,lnk-1,lnk-2,lnk-3",warn
DAMIMAS_A21B_0839,3,B2,8,6,3,4,6,sisi_1,"sisi_1,sisi_2,sisi_3,sisi_4,sisi_7,sisi_8",,valid_but_n_sides_6_exceeds_normal_4,"lnk-4,lnk-5,lnk-6,lnk-7,lnk-8",warn
DAMIMAS_A21B_0839,4,B3,8,6,3,4,6,sisi_3,"sisi_1,sisi_2,sisi_3,sisi_4,sisi_5,sisi_6",,valid_but_n_sides_6_exceeds_normal_4,"lnk-11,lnk-12,lnk-13,lnk-14,lnk-15",warn
DAMIMAS_A21B_0839,6,B3,8,5,3,4,6,sisi_3,"sisi_2,sisi_3,sisi_4,sisi_5,sisi_6",,valid_but_n_sides_5_exceeds_normal_4,"lnk-16,lnk-17,lnk-18,lnk-19",warn
DAMIMAS_A21B_0840,5,B3,8,5,3,4,6,sisi_2,"sisi_1,sisi_2,sisi_3,sisi_4,sisi_5",,valid_but_n_sides_5_exceeds_normal_4,"lnk-10,lnk-7,lnk-8,lnk-9",warn
DAMIMAS_A21B_0842,8,B3,8,5,3,4,6,sisi_4,"sisi_3,sisi_4,sisi_5,sisi_6,sisi_7",,valid_but_n_sides_5_exceeds_normal_4,"lnk-14,lnk-15,lnk-16,lnk-17",warn
DAMIMAS_A21B_0842,9,B4,8,5,3,4,6,sisi_5,"sisi_4,sisi_5,sisi_6,sisi_7,sisi_8",,valid_but_n_sides_5_exceeds_normal_4,"lnk-18,lnk-19,lnk-20,lnk-21",warn
DAMIMAS_A21B_0843,2,B2,8,5,3,4,6,sisi_2,"sisi_1,sisi_2,sisi_3,sisi_4,sisi_5",,valid_but_n_sides_5_exceeds_normal_4,"lnk-0,lnk-1,lnk-2,lnk-3",warn
DAMIMAS_A21B_0844,7,B2,8,5,3,4,6,sisi_3,"sisi_2,sisi_3,sisi_4,sisi_5,sisi_6",,valid_but_n_sides_5_exceeds_normal_4,"lnk-11,lnk-14,lnk-18,lnk-7",warn
DAMIMAS_A21B_0844,8,B3,8,5,3,4,6,sisi_4,"sisi_3,sisi_4,sisi_5,sisi_6,sisi_7",,valid_but_n_sides_5_exceeds_normal_4,"lnk-12,lnk-16,lnk-19,lnk-23",warn
DAMIMAS_A21B_0847,3,B3,8,6,3,4,6,sisi_2,"sisi_1,sisi_2,sisi_3,sisi_4,sisi_5,sisi_8",,valid_but_n_sides_6_exceeds_normal_4,"lnk-2,lnk-3,lnk-4,lnk-5,lnk-6",warn
DAMIMAS_A21B_0847,6,B1,8,5,3,4,6,sisi_3,"sisi_2,sisi_3,sisi_4,sisi_5,sisi_6",,valid_but_n_sides_5_exceeds_normal_4,"lnk-11,lnk-12,lnk-13,lnk-14",warn
DAMIMAS_A21B_0848,2,B3,8,5,3,4,6,sisi_2,"sisi_1,sisi_2,sisi_3,sisi_4,sisi_5",,valid_but_n_sides_5_exceeds_normal_4,"lnk-5,lnk-6,lnk-7,lnk-8",warn
DAMIMAS_A21B_0848,4,B2,8,6,3,4,6,sisi_4,"sisi_2,sisi_3,sisi_4,sisi_5,sisi_6,sisi_7",,valid_but_n_sides_6_exceeds_normal_4,"lnk-10,lnk-11,lnk-15,lnk-16,lnk-17",warn
DAMIMAS_A21B_0849,4,B1,8,5,3,4,6,sisi_3,"sisi_2,sisi_3,sisi_4,sisi_5,sisi_6",,valid_but_n_sides_5_exceeds_normal_4,"lnk-4,lnk-5,lnk-6,lnk-7",warn
DAMIMAS_A21B_0850,1,B2,8,5,3,4,6,sisi_1,"sisi_1,sisi_2,sisi_6,sisi_7,sisi_8",,valid_but_n_sides_5_exceeds_normal_4,"lnk-5,lnk-6,lnk-7,lnk-8",warn
DAMIMAS_A21B_0850,4,B1,8,5,3,4,6,sisi_2,"sisi_1,sisi_2,sisi_3,sisi_4,sisi_5",,valid_but_n_sides_5_exceeds_normal_4,"lnk-17,lnk-18,lnk-19,lnk-20",warn
DAMIMAS_A21B_0850,5,B3,8,5,3,4,6,sisi_1,"sisi_1,sisi_2,sisi_3,sisi_4,sisi_8",,valid_but_n_sides_5_exceeds_normal_4,"lnk-13,lnk-14,lnk-15,lnk-16",warn
DAMIMAS_A21B_0850,6,B3,8,5,3,4,6,sisi_6,"sisi_1,sisi_5,sisi_6,sisi_7,sisi_8",,valid_but_n_sides_5_exceeds_normal_4,"lnk-10,lnk-11,lnk-12,lnk-9",warn
DAMIMAS_A21B_0851,1,B2,8,5,3,4,6,sisi_2,"sisi_1,sisi_2,sisi_3,sisi_4,sisi_5",,valid_but_n_sides_5_exceeds_normal_4,"lnk-0,lnk-1,lnk-2,lnk-3",warn
LONSUM_A21A_0001,1,B3,4,3,1,2,3,sisi_1,"sisi_1,sisi_2,sisi_4",,valid_but_n_sides_3_exceeds_normal_2,"lnk-0,lnk-1",warn
LONSUM_A21A_0001,2,B3,4,3,1,2,3,sisi_1,"sisi_1,sisi_2,sisi_4",,valid_but_n_sides_3_exceeds_normal_2,"lnk-2,lnk-3",warn
LONSUM_A21A_0001,3,B3,4,3,1,2,3,sisi_3,"sisi_2,sisi_3,sisi_4",,valid_but_n_sides_3_exceeds_normal_2,"lnk-4,lnk-5",warn
LONSUM_A21A_0002,5,B2,4,3,1,2,3,sisi_3,"sisi_2,sisi_3,sisi_4",,valid_but_n_sides_3_exceeds_normal_2,"lnk-3,lnk-4",warn
LONSUM_A21A_0004,6,B2,4,3,1,2,3,sisi_3,"sisi_2,sisi_3,sisi_4",,valid_but_n_sides_3_exceeds_normal_2,"lnk-2,lnk-3",warn
LONSUM_A21A_0007,1,B3,4,3,1,2,3,sisi_4,"sisi_1,sisi_3,sisi_4",,valid_but_n_sides_3_exceeds_normal_2,"lnk-5,lnk-6",warn
LONSUM_A21A_0007,4,B3,4,3,1,2,3,sisi_2,"sisi_1,sisi_2,sisi_3",,valid_but_n_sides_3_exceeds_normal_2,"lnk-1,lnk-2",warn
LONSUM_A21A_0010,4,B3,4,3,1,2,3,sisi_4,"sisi_1,sisi_3,sisi_4",,valid_but_n_sides_3_exceeds_normal_2,"lnk-5,lnk-6",warn
LONSUM_A21A_0012,1,B2,4,3,1,2,3,sisi_1,"sisi_1,sisi_2,sisi_4",,valid_but_n_sides_3_exceeds_normal_2,"lnk-0,lnk-1",warn
LONSUM_A21A_0013,1,B3,4,3,1,2,3,sisi_4,"sisi_1,sisi_3,sisi_4",,valid_but_n_sides_3_exceeds_normal_2,"lnk-1,lnk-2",warn
LONSUM_A21A_0015,2,B3,4,3,1,2,3,sisi_1,"sisi_1,sisi_2,sisi_4",,valid_but_n_sides_3_exceeds_normal_2,"lnk-1,lnk-2",warn
LONSUM_A21A_0016,1,B3,4,3,1,2,3,sisi_2,"sisi_1,sisi_2,sisi_3",,valid_but_n_sides_3_exceeds_normal_2,"lnk-0,lnk-1",warn
LONSUM_A21A_0017,2,B3,4,3,1,2,3,sisi_3,"sisi_2,sisi_3,sisi_4",,valid_but_n_sides_3_exceeds_normal_2,"lnk-1,lnk-2",warn
LONSUM_A21A_0018,4,B2,4,3,1,2,3,sisi_3,"sisi_2,sisi_3,sisi_4",,valid_but_n_sides_3_exceeds_normal_2,"lnk-1,lnk-2",warn
LONSUM_A21A_0019,1,B3,4,3,1,2,3,sisi_2,"sisi_1,sisi_2,sisi_3",,valid_but_n_sides_3_exceeds_normal_2,"lnk-1,lnk-2",warn
LONSUM_A21A_0020,2,B2,4,3,1,2,3,sisi_2,"sisi_1,sisi_2,sisi_3",,valid_but_n_sides_3_exceeds_normal_2,"lnk-0,lnk-1",warn
LONSUM_A21A_0021,5,B2,4,3,1,2,3,sisi_3,"sisi_2,sisi_3,sisi_4",,valid_but_n_sides_3_exceeds_normal_2,"lnk-2,lnk-3",warn
LONSUM_A21A_0023,6,B3,4,3,1,2,3,sisi_3,"sisi_2,sisi_3,sisi_4",,valid_but_n_sides_3_exceeds_normal_2,"lnk-3,lnk-4",warn
LONSUM_A21A_0025,2,B3,4,3,1,2,3,sisi_2,"sisi_1,sisi_2,sisi_3",,valid_but_n_sides_3_exceeds_normal_2,"lnk-0,lnk-1",warn
LONSUM_A21A_0025,4,B4,4,3,1,2,3,sisi_3,"sisi_2,sisi_3,sisi_4",,valid_but_n_sides_3_exceeds_normal_2,"lnk-3,lnk-4",warn
LONSUM_A21A_0026,2,B2,4,3,1,2,3,sisi_3,"sisi_2,sisi_3,sisi_4",,valid_but_n_sides_3_exceeds_normal_2,"lnk-0,lnk-1",warn
LONSUM_A21A_0026,3,B4,4,3,1,2,3,sisi_3,"sisi_2,sisi_3,sisi_4",,valid_but_n_sides_3_exceeds_normal_2,"lnk-2,lnk-3",warn
LONSUM_A21A_0027,3,B4,4,3,1,2,3,sisi_2,"sisi_1,sisi_2,sisi_3",,valid_but_n_sides_3_exceeds_normal_2,"lnk-0,lnk-1",warn
LONSUM_A21A_0027,6,B3,4,3,1,2,3,sisi_3,"sisi_2,sisi_3,sisi_4",,valid_but_n_sides_3_exceeds_normal_2,"lnk-7,lnk-8",warn
LONSUM_A21A_0027,8,B4,4,3,1,2,3,sisi_3,"sisi_2,sisi_3,sisi_4",,valid_but_n_sides_3_exceeds_normal_2,"lnk-4,lnk-5",warn
LONSUM_A21A_0028,5,B3,4,3,1,2,3,sisi_4,"sisi_1,sisi_3,sisi_4",,valid_but_n_sides_3_exceeds_normal_2,"lnk-4,lnk-5",warn
LONSUM_A21A_0030,1,B2,4,3,1,2,3,sisi_1,"sisi_1,sisi_2,sisi_4",,valid_but_n_sides_3_exceeds_normal_2,"lnk-0,lnk-1",warn
LONSUM_A21A_0031,2,B2,4,3,1,2,3,sisi_4,"sisi_1,sisi_3,sisi_4",,valid_but_n_sides_3_exceeds_normal_2,"lnk-5,lnk-6",warn
LONSUM_A21A_0031,3,B3,4,3,1,2,3,sisi_2,"sisi_1,sisi_2,sisi_3",,valid_but_n_sides_3_exceeds_normal_2,"lnk-2,lnk-3",warn
LONSUM_A21A_0031,4,B3,4,3,1,2,3,sisi_2,"sisi_1,sisi_2,sisi_3",,valid_but_n_sides_3_exceeds_normal_2,"lnk-0,lnk-1",warn
LONSUM_A21A_0035,4,B3,4,3,1,2,3,sisi_4,"sisi_1,sisi_3,sisi_4",,valid_but_n_sides_3_exceeds_normal_2,"lnk-5,lnk-6",warn
LONSUM_A21A_0035,6,B3,4,3,1,2,3,sisi_3,"sisi_2,sisi_3,sisi_4",,valid_but_n_sides_3_exceeds_normal_2,"lnk-2,lnk-3",warn
LONSUM_A21A_0036,2,B2,4,3,1,2,3,sisi_2,"sisi_1,sisi_2,sisi_3",,valid_but_n_sides_3_exceeds_normal_2,"lnk-0,lnk-1",warn
LONSUM_A21A_0037,2,B4,4,3,1,2,3,sisi_3,"sisi_2,sisi_3,sisi_4",,valid_but_n_sides_3_exceeds_normal_2,"lnk-1,lnk-2",warn
LONSUM_A21A_0038,1,B3,4,3,1,2,3,sisi_1,"sisi_1,sisi_2,sisi_4",,valid_but_n_sides_3_exceeds_normal_2,"lnk-1,lnk-2",warn
LONSUM_A21A_0038,4,B4,4,3,1,2,3,sisi_3,"sisi_2,sisi_3,sisi_4",,valid_but_n_sides_3_exceeds_normal_2,"lnk-4,lnk-5",warn
LONSUM_A21A_0040,3,B3,4,3,1,2,3,sisi_4,"sisi_1,sisi_3,sisi_4",,valid_but_n_sides_3_exceeds_normal_2,"lnk-3,lnk-4",warn
LONSUM_A21A_0040,4,B3,4,3,1,2,3,sisi_3,"sisi_2,sisi_3,sisi_4",,valid_but_n_sides_3_exceeds_normal_2,"lnk-1,lnk-2",warn
LONSUM_A21A_0042,1,B3,4,3,1,2,3,sisi_3,"sisi_2,sisi_3,sisi_4",,valid_but_n_sides_3_exceeds_normal_2,"lnk-0,lnk-1",warn
LONSUM_A21A_0045,3,B2,4,3,1,2,3,sisi_4,"sisi_1,sisi_3,sisi_4",,valid_but_n_sides_3_exceeds_normal_2,"lnk-4,lnk-5",warn
LONSUM_A21A_0045,6,B1,4,3,1,2,3,sisi_3,"sisi_2,sisi_3,sisi_4",,valid_but_n_sides_3_exceeds_normal_2,"lnk-2,lnk-3",warn
LONSUM_A21A_0046,1,B3,4,3,1,2,3,sisi_3,"sisi_2,sisi_3,sisi_4",,valid_but_n_sides_3_exceeds_normal_2,"lnk-0,lnk-1",warn
LONSUM_A21A_0047,1,B3,4,3,1,2,3,sisi_2,"sisi_1,sisi_2,sisi_3",,valid_but_n_sides_3_exceeds_normal_2,"lnk-0,lnk-1",warn
LONSUM_A21A_0047,6,B3,4,3,1,2,3,sisi_3,"sisi_2,sisi_3,sisi_4",,valid_but_n_sides_3_exceeds_normal_2,"lnk-2,lnk-3",warn
LONSUM_A21A_0048,4,B3,4,3,1,2,3,sisi_3,"sisi_2,sisi_3,sisi_4",,valid_but_n_sides_3_exceeds_normal_2,"lnk-6,lnk-7",warn
LONSUM_A21A_0049,2,B4,4,3,1,2,3,sisi_3,"sisi_2,sisi_3,sisi_4",,valid_but_n_sides_3_exceeds_normal_2,"lnk-3,lnk-4",warn
LONSUM_A21A_0050,3,B3,4,3,1,2,3,sisi_2,"sisi_1,sisi_2,sisi_3",,valid_but_n_sides_3_exceeds_normal_2,"lnk-3,lnk-4",warn
LONSUM_A21A_0050,4,B4,4,3,1,2,3,sisi_2,"sisi_1,sisi_2,sisi_3",,valid_but_n_sides_3_exceeds_normal_2,"lnk-6,lnk-7",warn
LONSUM_A21A_0050,6,B2,4,3,1,2,3,sisi_3,"sisi_2,sisi_3,sisi_4",,valid_but_n_sides_3_exceeds_normal_2,"lnk-1,lnk-2",warn
LONSUM_A21A_0051,1,B3,4,3,1,2,3,sisi_2,"sisi_1,sisi_2,sisi_3",,valid_but_n_sides_3_exceeds_normal_2,"lnk-1,lnk-2",warn
LONSUM_A21A_0051,5,B3,4,3,1,2,3,sisi_3,"sisi_2,sisi_3,sisi_4",,valid_but_n_sides_3_exceeds_normal_2,"lnk-4,lnk-5",warn
LONSUM_A21A_0052,2,B3,4,3,1,2,3,sisi_2,"sisi_1,sisi_2,sisi_3",,valid_but_n_sides_3_exceeds_normal_2,"lnk-1,lnk-2",warn
LONSUM_A21A_0053,4,B3,4,3,1,2,3,sisi_3,"sisi_2,sisi_3,sisi_4",,valid_but_n_sides_3_exceeds_normal_2,"lnk-2,lnk-3",warn
LONSUM_A21A_0054,3,B3,4,3,1,2,3,sisi_1,"sisi_1,sisi_2,sisi_4",,valid_but_n_sides_3_exceeds_normal_2,"lnk-0,lnk-1",warn
LONSUM_A21A_0054,5,B2,4,3,1,2,3,sisi_3,"sisi_2,sisi_3,sisi_4",,valid_but_n_sides_3_exceeds_normal_2,"lnk-5,lnk-6",warn
LONSUM_A21A_0056,5,B3,4,3,1,2,3,sisi_3,"sisi_2,sisi_3,sisi_4",,valid_but_n_sides_3_exceeds_normal_2,"lnk-1,lnk-2",warn
LONSUM_A21A_0058,3,B2,4,3,1,2,3,sisi_2,"sisi_1,sisi_2,sisi_3",,valid_but_n_sides_3_exceeds_normal_2,"lnk-1,lnk-2",warn
LONSUM_A21A_0058,6,B3,4,3,1,2,3,sisi_3,"sisi_2,sisi_3,sisi_4",,valid_but_n_sides_3_exceeds_normal_2,"lnk-4,lnk-5",warn
LONSUM_A21A_0060,1,B2,4,3,1,2,3,sisi_2,"sisi_1,sisi_2,sisi_3",,valid_but_n_sides_3_exceeds_normal_2,"lnk-0,lnk-1",warn
LONSUM_A21A_0060,4,B3,4,3,1,2,3,sisi_3,"sisi_2,sisi_3,sisi_4",,valid_but_n_sides_3_exceeds_normal_2,"lnk-4,lnk-5",warn
LONSUM_A21A_0060,5,B3,4,3,1,2,3,sisi_3,"sisi_2,sisi_3,sisi_4",,valid_but_n_sides_3_exceeds_normal_2,"lnk-2,lnk-3",warn
LONSUM_A21A_0061,5,B1,4,3,1,2,3,sisi_3,"sisi_2,sisi_3,sisi_4",,valid_but_n_sides_3_exceeds_normal_2,"lnk-1,lnk-2",warn
LONSUM_A21A_0062,6,B2,4,3,1,2,3,sisi_3,"sisi_2,sisi_3,sisi_4",,valid_but_n_sides_3_exceeds_normal_2,"lnk-1,lnk-2",warn
LONSUM_A21A_0063,2,B3,4,3,1,2,3,sisi_1,"sisi_1,sisi_2,sisi_4",,valid_but_n_sides_3_exceeds_normal_2,"lnk-2,lnk-3",warn
LONSUM_A21A_0065,6,B3,4,3,1,2,3,sisi_3,"sisi_2,sisi_3,sisi_4",,valid_but_n_sides_3_exceeds_normal_2,"lnk-1,lnk-2",warn
LONSUM_A21A_0066,6,B3,4,3,1,2,3,sisi_3,"sisi_2,sisi_3,sisi_4",,valid_but_n_sides_3_exceeds_normal_2,"lnk-1,lnk-2",warn
LONSUM_A21A_0068,3,B3,4,3,1,2,3,sisi_2,"sisi_1,sisi_2,sisi_3",,valid_but_n_sides_3_exceeds_normal_2,"lnk-2,lnk-3",warn
LONSUM_A21A_0071,1,B3,4,3,1,2,3,sisi_2,"sisi_1,sisi_2,sisi_3",,valid_but_n_sides_3_exceeds_normal_2,"lnk-0,lnk-1",warn
LONSUM_A21A_0074,2,B3,4,3,1,2,3,sisi_2,"sisi_1,sisi_2,sisi_3",,valid_but_n_sides_3_exceeds_normal_2,"lnk-2,lnk-3",warn
LONSUM_A21A_0076,1,B3,4,3,1,2,3,sisi_2,"sisi_1,sisi_2,sisi_3",,valid_but_n_sides_3_exceeds_normal_2,"lnk-0,lnk-1",warn
LONSUM_A21A_0076,3,B3,4,3,1,2,3,sisi_3,"sisi_2,sisi_3,sisi_4",,valid_but_n_sides_3_exceeds_normal_2,"lnk-2,lnk-3",warn
LONSUM_A21A_0082,1,B3,4,3,1,2,3,sisi_2,"sisi_1,sisi_2,sisi_3",,valid_but_n_sides_3_exceeds_normal_2,"lnk-0,lnk-1",warn
LONSUM_A21A_0086,3,B3,4,3,1,2,3,sisi_2,"sisi_1,sisi_2,sisi_3",,valid_but_n_sides_3_exceeds_normal_2,"lnk-0,lnk-1",warn
LONSUM_A21A_0090,2,B3,4,3,1,2,3,sisi_4,"sisi_1,sisi_3,sisi_4",,valid_but_n_sides_3_exceeds_normal_2,"lnk-3,lnk-4",warn
LONSUM_A21A_0098,2,B3,4,3,1,2,3,sisi_3,"sisi_2,sisi_3,sisi_4",,valid_but_n_sides_3_exceeds_normal_2,"lnk-2,lnk-3",warn
